PLAYER_ID,PLAYER_NAME,TEAM_ID,TEAM_ABBREVIATION,GP,W,L,MIN,CATCH_SHOOT_FGM,CATCH_SHOOT_FGA,CATCH_SHOOT_FG_PCT,CATCH_SHOOT_PTS,CATCH_SHOOT_FG3M,CATCH_SHOOT_FG3A,CATCH_SHOOT_FG3_PCT,CATCH_SHOOT_EFG_PCT
1630639,A.J. Lawson,1610612761,TOR,14,6,8,110.0,8,22,0.364,24,8,22,0.364,0.545
1631260,AJ Green,1610612749,MIL,65,27,38,1866.0,133,339,0.392,398,132,335,0.394,0.587
1642358,AJ Johnson,1610612742,DAL,40,7,33,353.0,5,28,0.179,15,5,28,0.179,0.268
203932,Aaron Gordon,1610612743,DEN,28,19,9,768.0,35,82,0.427,103,33,74,0.446,0.628
1628988,Aaron Holiday,1610612745,HOU,43,27,16,558.0,40,105,0.381,119,39,103,0.379,0.567
1630174,Aaron Nesmith,1610612754,IND,41,9,32,1207.0,80,206,0.388,238,78,200,0.39,0.578
1630598,Aaron Wiggins,1610612760,OKC,55,42,13,1258.0,67,187,0.358,201,67,186,0.36,0.537
1642846,Ace Bailey,1610612762,UTA,61,18,43,1636.0,82,256,0.32,242,78,233,0.335,0.473
1641737,Adem Bona,1610612755,PHI,60,34,26,1045.0,2,7,0.286,6,2,6,0.333,0.429
1642876,Adou Thiero,1610612747,LAL,19,11,8,104.0,0,1,0.0,0,0,1,0.0,0.0
1642349,Ajay Mitchell,1610612760,OKC,48,42,6,1266.0,36,117,0.308,107,35,112,0.313,0.457
201143,Al Horford,1610612744,GSW,43,22,21,933.0,72,194,0.371,210,66,185,0.357,0.541
1627936,Alex Caruso,1610612760,OKC,47,39,8,867.0,44,137,0.321,131,43,135,0.319,0.478
1631457,Alex Morales,1610612753,ORL,1,0,1,12.0,0,0,,0,,,,
1642259,Alex Sarr,1610612764,WAS,46,11,35,1260.0,50,146,0.342,142,42,123,0.341,0.486
1642918,Alijah Martin,1610612761,TOR,16,6,10,102.0,4,12,0.333,11,3,11,0.273,0.458
1631214,Alondes Williams,1610612764,WAS,4,2,2,101.0,5,12,0.417,15,5,12,0.417,0.625
1630578,Alperen Sengun,1610612745,HOU,59,36,23,1975.0,41,116,0.353,105,23,82,0.28,0.453
1642873,Amari Williams,1610612738,BOS,19,13,6,120.0,0,1,0.0,0,,,,0.0
1641708,Amen Thompson,1610612745,HOU,66,39,27,2453.0,25,109,0.229,70,20,87,0.23,0.321
1629599,Amir Coffey,1610612756,PHX,43,18,25,437.0,12,38,0.316,36,12,38,0.316,0.474
1643158,Andersson Garcia,1610612762,UTA,5,1,4,169.0,1,12,0.083,3,1,12,0.083,0.125
203083,Andre Drummond,1610612755,PHI,52,26,26,1039.0,22,70,0.314,66,22,68,0.324,0.471
1641748,Andre Jackson Jr.,1610612749,MIL,37,10,27,219.0,5,29,0.172,15,5,26,0.192,0.259
1629614,Andrew Nembhard,1610612754,IND,52,11,41,1621.0,57,139,0.41,167,53,133,0.398,0.601
203952,Andrew Wiggins,1610612748,MIA,57,30,27,1765.0,94,244,0.385,280,92,236,0.39,0.574
1629014,Anfernee Simons,1610612741,CHI,55,31,24,1372.0,85,199,0.427,255,85,198,0.429,0.641
1641710,Anthony Black,1610612753,ORL,60,33,27,1841.0,65,183,0.355,192,62,175,0.354,0.525
203076,Anthony Davis,1610612764,WAS,20,10,10,626.0,16,49,0.327,40,8,30,0.267,0.408
1630162,Anthony Edwards,1610612750,MIN,58,35,23,2061.0,70,144,0.486,208,68,135,0.504,0.722
1630264,Anthony Gill,1610612764,WAS,42,5,37,568.0,8,28,0.286,23,7,26,0.269,0.411
1641810,Antonio Reeves,1610612766,CHA,9,3,6,66.0,5,10,0.5,15,5,10,0.5,0.75
1630574,Ariel Hukporti,1610612752,NYK,48,31,17,430.0,1,9,0.111,3,1,4,0.25,0.167
1642854,Asa Newell,1610612737,ATL,40,20,20,445.0,27,68,0.397,81,27,68,0.397,0.596
1641709,Ausar Thompson,1610612765,DET,60,43,17,1535.0,5,24,0.208,14,4,19,0.211,0.292
1630559,Austin Reaves,1610612747,LAL,44,31,13,1513.0,55,128,0.43,164,54,127,0.425,0.641
1630245,Ayo Dosunmu,1610612750,MIN,61,32,29,1615.0,92,212,0.434,274,90,210,0.429,0.646
1628389,Bam Adebayo,1610612748,MIA,61,32,29,1949.0,109,308,0.354,305,87,269,0.323,0.495
1631248,Baylor Scheierman,1610612738,BOS,64,44,20,1115.0,58,150,0.387,172,56,148,0.378,0.573
1642879,Ben Saraf,1610612751,BKN,32,8,24,587.0,10,44,0.227,30,10,43,0.233,0.341
1641767,Ben Sheppard,1610612754,IND,58,13,45,1246.0,71,191,0.372,210,68,187,0.364,0.55
1631097,Bennedict Mathurin,1610612746,LAC,44,16,28,1372.0,47,118,0.398,130,36,101,0.356,0.551
1643016,Bez Mbeng,1610612762,UTA,4,1,3,122.0,1,7,0.143,3,1,7,0.143,0.214
1641731,Bilal Coulibaly,1610612764,WAS,47,13,34,1252.0,47,145,0.324,141,47,143,0.329,0.486
202687,Bismack Biyombo,1610612759,SAS,20,16,4,117.0,0,0,,0,,,,
1642396,Blake Hinson,1610612762,UTA,10,3,7,202.0,23,46,0.5,69,23,45,0.511,0.75
1631104,Blake Wesley,1610612757,POR,23,14,9,301.0,10,28,0.357,30,10,24,0.417,0.536
1626171,Bobby Portis,1610612749,MIL,66,26,40,1600.0,156,335,0.466,438,126,274,0.46,0.654
1641752,Bobi Klintman,1610612765,DET,11,7,4,69.0,4,13,0.308,12,4,13,0.308,0.462
203992,Bogdan Bogdanović,1610612746,LAC,20,5,15,421.0,12,45,0.267,36,12,45,0.267,0.4
1630538,Bones Hyland,1610612750,MIN,61,38,23,925.0,52,130,0.4,154,50,126,0.397,0.592
203078,Bradley Beal,1610612746,LAC,6,2,4,121.0,7,16,0.438,21,7,14,0.5,0.656
1642382,Branden Carlson,1610612760,OKC,35,27,8,376.0,20,62,0.323,60,20,59,0.339,0.484
1641764,Brandin Podziemski,1610612744,GSW,69,33,36,1941.0,78,204,0.382,232,76,197,0.386,0.569
1629634,Brandon Clarke,1610612763,MEM,2,1,1,20.0,0,0,,0,,,,
1627742,Brandon Ingram,1610612761,TOR,66,38,28,2251.0,120,289,0.415,338,98,243,0.403,0.585
1641706,Brandon Miller,1610612766,CHA,53,33,20,1596.0,123,310,0.397,365,119,295,0.403,0.589
1630314,Brandon Williams,1610612742,DAL,60,21,39,1320.0,28,112,0.25,83,27,109,0.248,0.371
1641729,Brice Sensabaugh,1610612762,UTA,66,18,48,1497.0,100,281,0.356,298,98,275,0.356,0.53
1642355,Bronny James,1610612747,LAL,32,17,15,224.0,6,15,0.4,17,5,14,0.357,0.567
201572,Brook Lopez,1610612746,LAC,63,33,30,1302.0,84,236,0.356,244,76,220,0.345,0.517
1642964,Brooks Barnhizer,1610612760,OKC,34,25,9,271.0,6,18,0.333,17,5,17,0.294,0.472
1628971,Bruce Brown,1610612743,DEN,70,42,28,1726.0,45,118,0.381,133,43,113,0.381,0.564
1631121,Bryce McGowens,1610612740,NOP,42,14,28,880.0,33,81,0.407,99,33,81,0.407,0.611
1642267,Bub Carrington,1610612764,WAS,69,16,53,1900.0,60,160,0.375,180,60,156,0.385,0.563
1631205,Buddy Boeheim,1610612760,OKC,4,2,2,15.0,2,4,0.5,6,2,4,0.5,0.75
1627741,Buddy Hield,1610612737,ATL,46,22,24,775.0,54,144,0.375,162,54,143,0.378,0.563
203468,CJ McCollum,1610612737,ATL,64,29,35,1908.0,82,221,0.371,239,75,211,0.355,0.541
1630595,Cade Cunningham,1610612765,DET,61,44,17,2096.0,51,147,0.347,143,41,135,0.304,0.486
1631216,Caleb Houstan,1610612737,ATL,14,9,5,59.0,6,12,0.5,18,6,12,0.5,0.75
1631126,Caleb Love,1610612757,POR,45,21,24,999.0,68,196,0.347,204,68,194,0.351,0.52
1628997,Caleb Martin,1610612742,DAL,58,20,38,856.0,23,64,0.359,65,19,49,0.388,0.508
1642353,Cam Christie,1610612746,LAC,47,22,25,434.0,11,38,0.289,33,11,37,0.297,0.434
1642285,Cam Spencer,1610612763,MEM,65,23,42,1546.0,71,152,0.467,205,63,140,0.45,0.674
1630560,Cam Thomas,1610612749,MIL,41,11,30,865.0,20,58,0.345,60,20,55,0.364,0.517
1641715,Cam Whitmore,1610612764,WAS,21,3,18,354.0,6,16,0.375,18,6,16,0.375,0.563
1629661,Cameron Johnson,1610612743,DEN,44,27,17,1340.0,72,171,0.421,214,70,165,0.424,0.626
1626166,Cameron Payne,1610612755,PHI,16,8,8,273.0,7,24,0.292,21,7,24,0.292,0.438
1627747,Caris LeVert,1610612765,DET,49,35,14,953.0,35,96,0.365,104,34,94,0.362,0.542
1642868,Carter Bryant,1610612759,SAS,59,46,13,620.0,38,114,0.333,114,38,114,0.333,0.5
1641717,Cason Wallace,1610612760,OKC,67,52,15,1826.0,72,210,0.343,215,71,207,0.343,0.512
1642907,Cedric Coward,1610612763,MEM,54,19,35,1403.0,63,188,0.335,185,59,182,0.324,0.492
1643052,Chaney Johnson,1610612751,BKN,6,1,5,123.0,4,9,0.444,12,4,9,0.444,0.667
1629646,Charles Bassey,1610612738,BOS,4,1,3,37.0,0,1,0.0,0,,,,0.0
1642404,Chaz Lanier,1610612765,DET,25,21,4,193.0,18,49,0.367,52,16,46,0.348,0.531
1631096,Chet Holmgren,1610612760,OKC,60,48,12,1759.0,74,198,0.374,210,62,174,0.356,0.53
1628449,Chris Boucher,1610612738,BOS,9,4,5,94.0,2,14,0.143,6,2,14,0.143,0.214
1641753,Chris Livingston,1610612739,CLE,3,2,1,17.0,0,3,0.0,0,0,3,0.0,0.0
1643024,Chris Mañon,1610612747,LAL,6,2,4,25.0,0,2,0.0,0,0,2,0.0,0.0
101108,Chris Paul,1610612746,LAC,16,4,12,228.0,3,11,0.273,9,3,11,0.273,0.409
1642959,Chris Youngblood,1610612757,POR,32,27,5,174.0,15,47,0.319,45,15,47,0.319,0.479
1631128,Christian Braun,1610612743,DEN,34,19,15,1088.0,29,96,0.302,85,27,91,0.297,0.443
1631132,Christian Koloko,1610612737,ATL,23,13,10,314.0,2,12,0.167,5,1,5,0.2,0.208
1642935,Chucky Hepburn,1610612761,TOR,2,0,2,13.0,0,4,0.0,0,0,4,0.0,0.0
203991,Clint Capela,1610612745,HOU,62,37,25,776.0,0,0,,0,,,,
1629632,Coby White,1610612766,CHA,39,21,18,1043.0,60,153,0.392,178,58,151,0.384,0.582
1628998,Cody Martin,1610612754,IND,4,0,4,55.0,0,4,0.0,0,0,4,0.0,0.0
1642262,Cody Williams,1610612762,UTA,56,15,41,1244.0,25,93,0.269,75,25,92,0.272,0.403
1641732,Colby Jones,1610612765,DET,1,0,1,7.0,0,2,0.0,0,0,2,0.0,0.0
1630175,Cole Anthony,1610612749,MIL,35,12,23,527.0,14,43,0.326,42,14,43,0.326,0.488
1630658,Colin Castleton,1610612753,ORL,1,0,1,10.0,0,0,,0,,,,
1631221,Collin Gillespie,1610612756,PHX,69,38,31,1998.0,122,246,0.496,362,118,239,0.494,0.736
1642867,Collin Murray-Boyles,1610612761,TOR,47,25,22,1046.0,19,60,0.317,54,16,47,0.34,0.45
1629012,Collin Sexton,1610612741,CHI,56,22,34,1275.0,60,139,0.432,177,57,133,0.429,0.637
1642843,Cooper Flagg,1610612742,DAL,58,19,39,1946.0,31,97,0.32,87,25,88,0.284,0.448
1630557,Corey Kispert,1610612737,ATL,48,21,27,933.0,63,171,0.368,189,63,170,0.371,0.553
1642504,Cormac Ryan,1610612749,MIL,1,0,1,8.0,1,3,0.333,3,1,3,0.333,0.5
1641854,Craig Porter Jr.,1610612739,CLE,58,39,19,1024.0,14,40,0.35,42,14,40,0.35,0.525
1642938,Curtis Jones,1610612743,DEN,6,4,2,31.0,2,7,0.286,5,1,6,0.167,0.357
1626156,D'Angelo Russell,1610612764,WAS,26,9,17,495.0,19,58,0.328,56,18,57,0.316,0.483
1641747,DaRon Holmes II,1610612743,DEN,19,11,8,194.0,19,42,0.452,55,17,40,0.425,0.655
1631342,Daeqwon Plowden,1610612758,SAC,22,6,16,545.0,29,97,0.299,87,29,97,0.299,0.448
1630625,Dalano Banton,1610612738,BOS,5,3,2,25.0,0,0,,0,,,,
1631207,Dalen Terry,1610612755,PHI,44,19,25,515.0,19,52,0.365,57,19,52,0.365,0.548
1642261,Dalton Knecht,1610612747,LAL,48,29,19,509.0,27,82,0.329,81,27,82,0.329,0.494
1629655,Daniel Gafford,1610612742,DAL,49,11,38,1062.0,2,3,0.667,4,,,,0.667
1642450,Daniss Jenkins,1610612765,DET,59,44,15,1040.0,38,85,0.447,112,36,81,0.444,0.659
1642874,Danny Wolf,1610612751,BKN,55,14,41,1150.0,55,171,0.322,165,55,171,0.322,0.482
203967,Dario Saric,1610612758,SAC,5,1,4,41.0,1,3,0.333,3,1,3,0.333,0.5
1642468,Darius Brown,1610612739,CLE,1,1,0,3.0,0,0,,0,,,,
1629636,Darius Garland,1610612746,LAC,34,18,16,1010.0,41,104,0.394,122,40,103,0.388,0.587
1642357,David Jones Garcia,1610612759,SAS,11,7,4,68.0,1,3,0.333,3,1,2,0.5,0.5
1631223,David Roddy,1610612743,DEN,2,1,1,12.0,0,1,0.0,0,0,1,0.0,0.0
1630558,Davion Mitchell,1610612748,MIA,59,33,26,1667.0,55,134,0.41,164,54,133,0.406,0.612
1630549,Day'Ron Sharpe,1610612751,BKN,62,17,45,1160.0,8,35,0.229,24,8,34,0.235,0.343
1628368,De'Aaron Fox,1610612759,SAS,61,46,15,1916.0,69,176,0.392,200,62,163,0.38,0.568
1629631,De'Andre Hunter,1610612758,SAC,45,24,21,1175.0,64,194,0.33,188,60,185,0.324,0.485
1629001,De'Anthony Melton,1610612744,GSW,38,19,19,866.0,49,135,0.363,145,47,133,0.353,0.537
201599,DeAndre Jordan,1610612740,NOP,10,6,4,163.0,0,0,,0,,,,
1630610,DeJon Jarreau,1610612763,MEM,3,1,2,57.0,0,1,0.0,0,0,1,0.0,0.0
201942,DeMar DeRozan,1610612758,SAC,70,17,53,2208.0,71,173,0.41,177,35,102,0.343,0.512
1629731,Dean Wade,1610612739,CLE,55,33,22,1235.0,65,179,0.363,194,64,178,0.36,0.542
1629028,Deandre Ayton,1610612747,LAL,61,39,22,1682.0,35,71,0.493,70,,,,0.493
1627749,Dejounte Murray,1610612740,NOP,9,5,4,246.0,9,20,0.45,27,9,20,0.45,0.675
1630166,Deni Avdija,1610612757,POR,54,27,27,1803.0,78,208,0.375,231,75,203,0.369,0.555
203471,Dennis Schröder,1610612739,CLE,59,21,38,1479.0,55,153,0.359,164,54,147,0.367,0.536
1641726,Dereck Lively II,1610612742,DAL,7,3,4,115.0,0,0,,0,,,,
1642852,Derik Queen,1610612740,NOP,70,25,45,1731.0,28,87,0.322,74,18,61,0.295,0.425
1627884,Derrick Jones Jr.,1610612746,LAC,38,18,20,1039.0,45,123,0.366,134,44,121,0.364,0.545
1628401,Derrick White,1610612738,BOS,66,44,22,2260.0,95,288,0.33,285,95,287,0.331,0.495
1630217,Desmond Bane,1610612753,ORL,69,38,31,2356.0,88,198,0.444,260,84,188,0.447,0.657
1626164,Devin Booker,1610612756,PHX,54,32,22,1810.0,45,118,0.381,131,41,104,0.394,0.555
1642269,Devin Carter,1610612758,SAC,27,4,23,386.0,6,38,0.158,18,6,38,0.158,0.237
1630170,Devin Vassell,1610612759,SAS,56,43,13,1724.0,139,337,0.412,402,124,313,0.396,0.596
1628415,Dillon Brooks,1610612756,PHX,50,30,20,1530.0,77,216,0.356,227,73,206,0.354,0.525
1641794,Dillon Jones,1610612752,NYK,5,4,1,24.0,1,2,0.5,3,1,2,0.5,0.75
1627734,Domantas Sabonis,1610612758,SAC,19,3,16,564.0,13,39,0.333,31,5,27,0.185,0.397
1631230,Dominick Barlow,1610612755,PHI,59,33,26,1449.0,26,91,0.286,73,21,77,0.273,0.401
1642270,Donovan Clingan,1610612757,POR,65,33,32,1774.0,62,180,0.344,183,59,176,0.335,0.508
1628378,Donovan Mitchell,1610612739,CLE,61,38,23,2043.0,96,230,0.417,281,89,217,0.41,0.611
1628978,Donte DiVincenzo,1610612750,MIN,70,43,27,2155.0,165,424,0.389,494,164,422,0.389,0.583
1627827,Dorian Finney-Smith,1610612745,HOU,32,20,12,562.0,24,86,0.279,72,24,86,0.279,0.419
203926,Doug McDermott,1610612758,SAC,19,4,15,251.0,24,60,0.4,72,24,60,0.4,0.6
1642962,Drake Powell,1610612751,BKN,52,13,39,1011.0,32,115,0.278,95,31,112,0.277,0.413
203110,Draymond Green,1610612744,GSW,56,27,29,1524.0,89,268,0.332,262,84,255,0.329,0.489
1629234,Drew Eubanks,1610612758,SAC,42,10,32,552.0,9,24,0.375,19,1,6,0.167,0.396
1641809,Drew Peterson,1610612766,CHA,6,1,5,64.0,0,12,0.0,0,0,12,0.0,0.0
1631166,Drew Timme,1610612747,LAL,21,13,8,179.0,9,20,0.45,25,7,17,0.412,0.625
1630696,Dru Smith,1610612748,MIA,66,36,30,1115.0,34,108,0.315,101,33,106,0.311,0.468
1629130,Duncan Robinson,1610612765,DET,67,49,18,1847.0,148,360,0.411,442,146,356,0.41,0.614
1641871,Duop Reath,1610612757,POR,32,16,16,258.0,21,53,0.396,63,21,53,0.396,0.594
203939,Dwight Powell,1610612742,DAL,53,16,37,713.0,2,5,0.4,5,1,3,0.333,0.5
1642928,Dylan Cardwell,1610612758,SAC,33,9,24,684.0,2,5,0.4,4,0,1,0.0,0.4
1642844,Dylan Harper,1610612759,SAS,57,43,14,1265.0,42,112,0.375,124,40,108,0.37,0.554
1630700,Dyson Daniels,1610612737,ATL,65,37,28,2164.0,19,95,0.2,50,12,84,0.143,0.263
1630604,E.J. Liddell,1610612751,BKN,16,2,14,122.0,8,21,0.381,23,7,20,0.35,0.548
1642856,Egor Dëmin,1610612751,BKN,52,14,38,1308.0,85,207,0.411,253,83,204,0.407,0.611
1641989,Elijah Harkless,1610612762,UTA,21,5,16,380.0,15,51,0.294,45,15,51,0.294,0.441
1641801,Emanuel Miller,1610612759,SAS,5,0,5,33.0,3,7,0.429,8,2,6,0.333,0.571
1642402,Enrique Freeman,1610612750,MIN,2,1,1,8.0,0,0,,0,,,,
201569,Eric Gordon,1610612755,PHI,6,3,3,74.0,7,12,0.583,21,7,12,0.583,0.875
1630679,Ethan Thompson,1610612754,IND,24,5,19,417.0,21,67,0.313,62,20,65,0.308,0.463
1630596,Evan Mobley,1610612739,CLE,55,33,22,1785.0,54,171,0.316,158,50,160,0.313,0.462
1630532,Franz Wagner,1610612753,ORL,28,16,12,891.0,28,68,0.412,81,25,61,0.41,0.596
1641713,GG Jackson,1610612763,MEM,46,15,31,952.0,39,115,0.339,117,39,115,0.339,0.509
1629216,Gabe Vincent,1610612737,ATL,41,28,13,709.0,37,101,0.366,110,36,99,0.364,0.545
202066,Garrett Temple,1610612761,TOR,17,8,9,52.0,1,6,0.167,3,1,6,0.167,0.25
1629726,Garrison Mathews,1610612754,IND,15,4,11,196.0,17,41,0.415,51,17,41,0.415,0.622
203914,Gary Harris,1610612749,MIL,45,15,30,617.0,25,55,0.455,75,25,54,0.463,0.682
1627780,Gary Payton II,1610612744,GSW,62,29,33,907.0,29,105,0.276,87,29,105,0.276,0.414
1629018,Gary Trent Jr.,1610612749,MIL,57,22,35,1192.0,81,211,0.384,243,81,211,0.384,0.576
203507,Giannis Antetokounmpo,1610612749,MIL,36,17,19,1039.0,11,25,0.44,32,10,20,0.5,0.64
1629048,Goga Bitadze,1610612753,ORL,51,27,24,761.0,4,16,0.25,10,2,11,0.182,0.313
1641711,Gradey Dick,1610612761,TOR,64,36,28,959.0,49,155,0.316,143,45,148,0.304,0.461
1641761,Grant Nelson,1610612751,BKN,4,0,4,35.0,0,1,0.0,0,,,,0.0
1629684,Grant Williams,1610612766,CHA,26,18,8,508.0,40,93,0.43,115,35,88,0.398,0.618
1628960,Grayson Allen,1610612756,PHX,44,24,20,1312.0,81,212,0.382,243,81,212,0.382,0.573
1627824,Guerschon Yabusele,1610612741,CHI,59,30,29,808.0,53,145,0.366,158,52,141,0.369,0.545
1630611,Gui Santos,1610612744,GSW,58,26,32,1099.0,61,164,0.372,182,60,162,0.37,0.555
203084,Harrison Barnes,1610612759,SAS,65,47,18,1723.0,107,278,0.385,321,107,276,0.388,0.577
1631127,Harrison Ingram,1610612759,SAS,5,4,1,17.0,1,1,1.0,3,1,1,1.0,1.5
1629312,Haywood Highsmith,1610612756,PHX,6,3,3,80.0,7,11,0.636,21,7,11,0.636,0.955
1630529,Herbert Jones,1610612740,NOP,48,22,26,1388.0,55,189,0.291,164,54,181,0.298,0.434
1642864,Hugo González,1610612738,BOS,64,43,21,980.0,35,99,0.354,105,35,97,0.361,0.53
1630621,Hunter Dickinson,1610612740,NOP,1,0,1,5.0,1,2,0.5,2,,,,0.5
1642282,Hunter Sallis,1610612755,PHI,7,3,4,26.0,0,0,,0,,,,
1641816,Hunter Tyson,1610612743,DEN,21,15,6,162.0,7,31,0.226,20,6,29,0.207,0.323
1630193,Immanuel Quickley,1610612761,TOR,65,38,27,2114.0,142,336,0.423,416,132,318,0.415,0.619
1642403,Isaac Jones,1610612765,DET,5,3,2,24.0,0,2,0.0,0,0,2,0.0,0.0
1630171,Isaac Okoro,1610612741,CHI,55,25,30,1480.0,55,167,0.329,165,55,167,0.329,0.494
1642268,Isaiah Collier,1610612762,UTA,59,16,43,1517.0,15,62,0.242,44,14,61,0.23,0.355
1642384,Isaiah Crawford,1610612745,HOU,11,5,6,67.0,2,7,0.286,6,2,7,0.286,0.429
1628392,Isaiah Hartenstein,1610612760,OKC,38,31,7,951.0,19,42,0.452,38,0,6,0.0,0.452
1630543,Isaiah Jackson,1610612746,LAC,51,16,35,838.0,0,4,0.0,0,0,2,0.0,0.0
1630198,Isaiah Joe,1610612760,OKC,61,47,14,1335.0,132,311,0.424,392,128,303,0.422,0.63
1630587,Isaiah Livers,1610612756,PHX,34,20,14,333.0,11,33,0.333,33,11,32,0.344,0.5
1641815,Isaiah Stevens,1610612758,SAC,3,0,3,43.0,0,2,0.0,0,0,1,0.0,0.0
1630191,Isaiah Stewart,1610612765,DET,55,39,16,1273.0,37,110,0.336,109,35,106,0.33,0.495
1627826,Ivica Zubac,1610612754,IND,48,17,31,1447.0,14,25,0.56,28,,,,0.56
1631120,JD Davison,1610612745,HOU,25,20,5,184.0,6,20,0.3,18,6,20,0.3,0.45
1629630,Ja Morant,1610612763,MEM,20,7,13,569.0,11,35,0.314,32,10,33,0.303,0.457
1642266,Ja'Kobe Walter,1610612761,TOR,58,34,24,1096.0,69,183,0.377,207,69,183,0.377,0.566
1631095,Jabari Smith Jr.,1610612745,HOU,64,38,26,2238.0,131,358,0.366,385,123,338,0.364,0.538
1631133,Jabari Walker,1610612755,PHI,57,32,25,707.0,30,87,0.345,90,30,86,0.349,0.517
1631210,Jacob Toppin,1610612737,ATL,5,3,2,17.0,0,0,,0,,,,
1630702,Jaden Hardy,1610612764,WAS,48,12,36,709.0,55,146,0.377,165,55,146,0.377,0.565
1631093,Jaden Ivey,1610612741,CHI,37,23,14,670.0,40,105,0.381,119,39,102,0.382,0.567
1630183,Jaden McDaniels,1610612750,MIN,68,41,27,2152.0,73,157,0.465,216,70,151,0.464,0.688
1630256,Jae'Sean Tate,1610612745,HOU,34,24,10,287.0,7,21,0.333,21,7,21,0.333,0.5
1642942,Jahmai Mashack,1610612763,MEM,24,9,15,449.0,14,46,0.304,42,14,45,0.311,0.457
1642443,Jahmir Young,1610612748,MIA,11,8,3,51.0,2,7,0.286,6,2,7,0.286,0.429
1643141,Jahmyl Telfort,1610612746,LAC,8,2,6,32.0,0,3,0.0,0,0,3,0.0,0.0
1631170,Jaime Jaquez Jr.,1610612748,MIA,64,36,28,1830.0,41,126,0.325,118,36,119,0.303,0.468
1631222,Jake LaRavia,1610612747,LAL,70,45,25,1732.0,60,190,0.316,180,60,189,0.317,0.474
1627751,Jakob Poeltl,1610612761,TOR,33,20,13,845.0,15,35,0.429,30,,,,0.429
1628973,Jalen Brunson,1610612752,NYK,64,43,21,2231.0,86,205,0.42,256,84,199,0.422,0.624
1631105,Jalen Duren,1610612765,DET,59,41,18,1637.0,1,10,0.1,2,,,,0.1
1630224,Jalen Green,1610612756,PHX,22,12,10,561.0,24,76,0.316,72,24,74,0.324,0.474
1630552,Jalen Johnson,1610612737,ATL,62,36,26,2187.0,82,197,0.416,235,71,175,0.406,0.596
1629618,Jalen Pickett,1610612743,DEN,44,28,16,736.0,37,90,0.411,106,32,76,0.421,0.589
1641771,Jalen Slawson,1610612754,IND,5,0,5,128.0,6,19,0.316,18,6,19,0.316,0.474
1630188,Jalen Smith,1610612741,CHI,51,25,26,1064.0,79,216,0.366,235,77,206,0.374,0.544
1630591,Jalen Suggs,1610612753,ORL,46,27,19,1234.0,68,174,0.391,204,68,172,0.395,0.586
1631114,Jalen Williams,1610612760,OKC,26,19,7,755.0,15,42,0.357,45,15,41,0.366,0.536
1630592,Jalen Wilson,1610612751,BKN,45,8,37,638.0,44,120,0.367,132,44,120,0.367,0.55
1631288,Jamal Cain,1610612753,ORL,27,15,12,215.0,11,29,0.379,32,10,27,0.37,0.552
1627750,Jamal Murray,1610612743,DEN,65,38,27,2273.0,78,175,0.446,230,74,171,0.433,0.657
1642347,Jamal Shead,1610612761,TOR,68,39,29,1494.0,54,171,0.316,160,52,167,0.311,0.468
1631123,Jamaree Bouyea,1610612756,PHX,36,18,18,527.0,9,34,0.265,27,9,34,0.265,0.397
201935,James Harden,1610612739,CLE,60,33,27,2097.0,49,124,0.395,147,49,120,0.408,0.593
1630164,James Wiseman,1610612754,IND,4,0,4,58.0,0,1,0.0,0,,,,0.0
1642364,Jamir Watkins,1610612764,WAS,37,9,28,699.0,27,89,0.303,81,27,89,0.303,0.455
1642419,Jamison Battle,1610612761,TOR,50,29,21,440.0,28,61,0.459,82,26,59,0.441,0.672
1641716,Jarace Walker,1610612754,IND,69,14,55,1765.0,93,237,0.392,278,92,233,0.395,0.586
1642272,Jared McCain,1610612760,OKC,55,37,18,958.0,60,139,0.432,180,60,137,0.438,0.647
1628991,Jaren Jackson Jr.,1610612762,UTA,48,19,29,1455.0,85,220,0.386,248,78,207,0.377,0.564
1629020,Jarred Vanderbilt,1610612747,LAL,55,33,22,978.0,26,87,0.299,78,26,86,0.302,0.448
1628386,Jarrett Allen,1610612739,CLE,51,33,18,1404.0,22,58,0.379,45,1,7,0.143,0.388
1642859,Jase Richardson,1610612753,ORL,46,21,25,519.0,21,51,0.412,62,20,50,0.4,0.608
1642914,Javon Small,1610612763,MEM,33,12,21,626.0,17,37,0.459,49,15,34,0.441,0.662
1631451,Javonte Cooke,1610612757,POR,19,6,13,94.0,2,17,0.118,6,2,17,0.118,0.176
1629750,Javonte Green,1610612765,DET,69,50,19,1224.0,73,197,0.371,217,71,193,0.368,0.551
1629637,Jaxson Hayes,1610612747,LAL,58,38,20,1019.0,4,5,0.8,10,2,2,1.0,1.0
1630643,Jay Huff,1610612754,IND,70,15,55,1448.0,96,313,0.307,287,95,310,0.306,0.458
1627759,Jaylen Brown,1610612738,BOS,62,40,22,2116.0,59,169,0.349,171,53,157,0.338,0.506
1641740,Jaylen Clark,1610612750,MIN,60,35,25,749.0,25,76,0.329,75,25,76,0.329,0.493
1642377,Jaylen Wells,1610612763,MEM,66,24,42,1755.0,110,294,0.374,323,103,275,0.375,0.549
1631119,Jaylin Williams,1610612760,OKC,55,45,10,1120.0,88,229,0.384,257,81,218,0.372,0.561
1642281,Jaylon Tyson,1610612739,CLE,64,40,24,1727.0,132,295,0.447,389,125,274,0.456,0.659
1643257,Jayson Kent,1610612757,POR,1,1,0,3.0,0,0,,0,,,,
1628369,Jayson Tatum,1610612738,BOS,6,5,1,176.0,6,13,0.462,18,6,13,0.462,0.692
201145,Jeff Green,1610612745,HOU,25,17,8,134.0,10,31,0.323,30,10,31,0.323,0.484
203924,Jerami Grant,1610612757,POR,54,25,29,1610.0,115,305,0.377,344,114,302,0.377,0.564
1642847,Jeremiah Fears,1610612740,NOP,71,25,46,1774.0,48,152,0.316,144,48,148,0.324,0.474
1630526,Jeremiah Robinson-Earl,1610612742,DAL,22,8,14,361.0,12,44,0.273,34,10,41,0.244,0.386
1631110,Jeremy Sochan,1610612752,NYK,39,27,12,416.0,12,43,0.279,33,9,37,0.243,0.384
1630579,Jericho Sims,1610612749,MIL,54,21,33,956.0,1,5,0.2,2,,,,0.2
1641724,Jett Howard,1610612753,ORL,47,25,22,598.0,36,104,0.346,108,36,104,0.346,0.519
1628975,Jevon Carter,1610612753,ORL,40,19,21,608.0,40,111,0.36,119,39,108,0.361,0.536
202710,Jimmy Butler III,1610612744,GSW,38,23,15,1182.0,24,66,0.364,69,21,55,0.382,0.523
1642866,Joan Beringer,1610612750,MIN,32,17,15,218.0,0,0,,0,,,,
1629111,Jock Landale,1610612737,ATL,62,31,31,1370.0,79,201,0.393,224,66,170,0.388,0.557
204060,Joe Ingles,1610612750,MIN,24,12,12,98.0,3,6,0.5,8,2,5,0.4,0.667
203954,Joel Embiid,1610612755,PHI,33,21,12,1029.0,70,163,0.429,172,32,100,0.32,0.528
1628381,John Collins,1610612746,LAC,58,25,33,1596.0,85,195,0.436,248,78,183,0.426,0.636
1629723,John Konchar,1610612762,UTA,44,17,27,759.0,16,66,0.242,48,16,64,0.25,0.364
1642967,John Poulakidas,1610612742,DAL,3,1,2,47.0,3,9,0.333,9,3,9,0.333,0.5
1642910,John Tonje,1610612738,BOS,3,3,0,11.0,0,2,0.0,0,0,2,0.0,0.0
1641780,Johni Broome,1610612755,PHI,11,5,6,55.0,0,8,0.0,0,0,5,0.0,0.0
1642277,Johnny Furphy,1610612754,IND,35,10,25,643.0,22,67,0.328,66,22,66,0.333,0.493
1630548,Johnny Juzang,1610612750,MIN,21,13,8,88.0,4,17,0.235,12,4,17,0.235,0.353
202685,Jonas Valančiūnas,1610612743,DEN,58,35,23,773.0,28,57,0.491,60,4,16,0.25,0.526
1628371,Jonathan Isaac,1610612753,ORL,52,29,23,521.0,8,41,0.195,23,7,38,0.184,0.28
1630228,Jonathan Kuminga,1610612737,ATL,26,15,11,612.0,19,53,0.358,55,17,50,0.34,0.519
1642367,Jonathan Mogbo,1610612761,TOR,29,13,16,169.0,0,0,,0,,,,
203903,Jordan Clarkson,1610612752,NYK,60,37,23,1078.0,60,166,0.361,179,59,161,0.366,0.539
1630692,Jordan Goodwin,1610612756,PHX,60,34,26,1339.0,76,208,0.365,224,72,202,0.356,0.538
1641722,Jordan Hawkins,1610612740,NOP,43,12,31,517.0,25,73,0.342,74,24,71,0.338,0.507
1629162,Jordan McLaughlin,1610612759,SAS,36,30,6,221.0,11,27,0.407,33,11,27,0.407,0.611
1641757,Jordan Miller,1610612746,LAC,49,29,20,1063.0,27,78,0.346,81,27,77,0.351,0.519
1629673,Jordan Poole,1610612740,NOP,35,15,20,843.0,48,140,0.343,144,48,139,0.345,0.514
1641775,Jordan Walsh,1610612738,BOS,58,38,20,998.0,40,94,0.426,120,40,93,0.43,0.638
1630631,Jose Alvarado,1610612752,NYK,59,22,37,1202.0,60,158,0.38,180,60,157,0.382,0.57
1630581,Josh Giddey,1610612741,CHI,48,20,28,1533.0,67,167,0.401,197,63,161,0.391,0.59
1630182,Josh Green,1610612766,CHA,46,29,17,765.0,51,115,0.443,152,50,114,0.439,0.661
1628404,Josh Hart,1610612752,NYK,56,37,19,1678.0,56,152,0.368,166,54,147,0.367,0.546
1631169,Josh Minott,1610612751,BKN,42,22,20,665.0,41,105,0.39,123,41,103,0.398,0.586
1629006,Josh Okogie,1610612745,HOU,65,39,26,1199.0,55,141,0.39,164,54,138,0.391,0.582
201950,Jrue Holiday,1610612757,POR,41,20,21,1186.0,38,90,0.422,112,36,87,0.414,0.622
1630577,Julian Champagnie,1610612759,SAS,70,52,18,1949.0,160,402,0.398,479,159,401,0.397,0.596
1641763,Julian Phillips,1610612750,MIN,42,16,26,363.0,18,54,0.333,53,17,53,0.321,0.491
1642882,Julian Reese,1610612764,WAS,5,0,5,148.0,0,2,0.0,0,,,,0.0
1631124,Julian Strawther,1610612743,DEN,46,27,19,691.0,34,91,0.374,102,34,90,0.378,0.56
203944,Julius Randle,1610612750,MIN,70,43,27,2309.0,70,213,0.329,204,64,194,0.33,0.479
1630551,Justin Champagnie,1610612764,WAS,60,13,47,1167.0,38,120,0.317,114,38,120,0.317,0.475
1642348,Justin Edwards,1610612755,PHI,53,31,22,827.0,43,124,0.347,129,43,124,0.347,0.52
203994,Jusuf Nurkić,1610612762,UTA,41,14,27,1083.0,36,81,0.444,94,22,62,0.355,0.58
1642354,KJ Simpson,1610612743,DEN,17,7,10,246.0,9,30,0.3,27,9,30,0.3,0.45
1642955,Kadary Richmond,1610612764,WAS,3,2,1,67.0,2,4,0.5,6,2,4,0.5,0.75
1642880,Kam Jones,1610612754,IND,30,4,26,463.0,13,46,0.283,36,10,42,0.238,0.391
1626157,Karl-Anthony Towns,1610612752,NYK,65,42,23,2031.0,91,252,0.361,269,87,237,0.367,0.534
1631255,Karlo Matković,1610612740,NOP,57,24,33,828.0,36,81,0.444,107,35,78,0.449,0.66
1642857,Kasparas Jakučionis,1610612748,MIA,43,24,19,764.0,51,109,0.468,153,51,109,0.468,0.702
202695,Kawhi Leonard,1610612746,LAC,54,30,24,1742.0,64,168,0.381,184,56,148,0.378,0.548
1630811,Keaton Wallace,1610612737,ATL,47,27,20,478.0,25,58,0.431,75,25,58,0.431,0.647
1631099,Keegan Murray,1610612758,SAC,23,5,18,793.0,37,108,0.343,102,28,91,0.308,0.472
1642276,Kel'el Ware,1610612748,MIA,65,34,31,1480.0,71,185,0.384,210,68,179,0.38,0.568
1629640,Keldon Johnson,1610612759,SAS,70,52,18,1621.0,73,200,0.365,218,72,197,0.365,0.545
203482,Kelly Olynyk,1610612759,SAS,37,28,9,336.0,13,44,0.295,37,11,42,0.262,0.42
1626162,Kelly Oubre Jr.,1610612755,PHI,41,22,19,1329.0,67,178,0.376,201,67,178,0.376,0.565
1629026,Kenrich Williams,1610612760,OKC,46,33,13,731.0,39,93,0.419,116,38,91,0.418,0.624
203484,Kentavious Caldwell-Pope,1610612763,MEM,51,20,31,1088.0,45,129,0.349,128,38,119,0.319,0.496
1631165,Keon Ellis,1610612739,CLE,61,23,38,1200.0,59,160,0.369,176,58,158,0.367,0.55
1642352,Keshad Johnson,1610612748,MIA,25,13,12,203.0,13,36,0.361,38,12,35,0.343,0.528
1642933,Keshon Gilbert,1610612737,ATL,3,0,3,48.0,0,1,0.0,0,0,1,0.0,0.0
201142,Kevin Durant,1610612745,HOU,65,38,27,2373.0,129,292,0.442,355,97,241,0.402,0.608
1628989,Kevin Huerter,1610612765,DET,58,32,26,1278.0,64,223,0.287,192,64,222,0.288,0.43
201567,Kevin Love,1610612762,UTA,37,10,27,613.0,52,130,0.4,152,48,123,0.39,0.585
1641755,Kevin McCullar Jr.,1610612752,NYK,20,11,9,130.0,5,13,0.385,15,5,13,0.385,0.577
1629645,Kevin Porter Jr.,1610612749,MIL,38,18,20,1261.0,22,62,0.355,66,22,60,0.367,0.532
1626172,Kevon Looney,1610612740,NOP,18,2,16,251.0,1,9,0.111,3,1,6,0.167,0.167
1641718,Keyonte George,1610612762,UTA,54,16,38,1786.0,87,198,0.439,252,78,184,0.424,0.636
1642863,Khaman Maluach,1610612756,PHX,35,17,18,260.0,2,11,0.182,6,2,11,0.182,0.273
203114,Khris Middleton,1610612742,DAL,52,16,36,1252.0,47,116,0.405,130,36,95,0.379,0.56
1630165,Killian Hayes,1610612758,SAC,13,6,7,232.0,6,23,0.261,18,6,22,0.273,0.391
202691,Klay Thompson,1610612742,DAL,60,18,42,1315.0,144,372,0.387,423,135,350,0.386,0.569
1641738,Kobe Brown,1610612754,IND,51,15,36,707.0,30,87,0.345,90,30,86,0.349,0.517
1641723,Kobe Bufkin,1610612747,LAL,11,7,4,90.0,2,15,0.133,6,2,14,0.143,0.2
1642920,Kobe Sanders,1610612746,LAC,58,30,28,1192.0,63,157,0.401,188,62,152,0.408,0.599
1642886,Koby Brea,1610612756,PHX,5,1,4,23.0,4,4,1.0,12,4,4,1.0,1.5
1642851,Kon Knueppel,1610612766,CHA,69,36,33,2189.0,194,442,0.439,569,181,420,0.431,0.644
1627739,Kris Dunn,1610612746,LAC,70,34,36,1931.0,73,190,0.384,214,68,180,0.378,0.563
1631200,Kris Murray,1610612757,POR,45,20,25,1069.0,27,95,0.284,81,27,95,0.284,0.426
204001,Kristaps Porziņģis,1610612744,GSW,23,10,13,544.0,41,117,0.35,120,38,108,0.352,0.513
203937,Kyle Anderson,1610612750,MIN,32,10,22,625.0,4,7,0.571,9,1,4,0.25,0.643
1642271,Kyle Filipowski,1610612762,UTA,68,21,47,1558.0,58,173,0.335,171,55,163,0.337,0.494
1628398,Kyle Kuzma,1610612749,MIL,64,27,37,1691.0,70,204,0.343,204,64,187,0.342,0.5
200768,Kyle Lowry,1610612755,PHI,12,7,5,108.0,3,13,0.231,9,3,13,0.231,0.346
1642273,Kyshawn George,1610612764,WAS,48,10,38,1391.0,65,153,0.425,195,65,153,0.425,0.637
1643018,LJ Cryer,1610612744,GSW,9,3,6,116.0,7,17,0.412,21,7,17,0.412,0.618
1630163,LaMelo Ball,1610612766,CHA,60,33,27,1654.0,104,278,0.374,309,101,275,0.367,0.556
1642950,Lachlan Olbrich,1610612741,CHI,26,7,19,164.0,2,7,0.286,5,1,6,0.167,0.357
1629013,Landry Shamet,1610612752,NYK,45,29,16,1038.0,76,183,0.415,225,73,179,0.408,0.615
1626204,Larry Nance Jr.,1610612739,CLE,29,21,8,353.0,18,56,0.321,54,18,52,0.346,0.482
1628374,Lauri Markkanen,1610612762,UTA,42,17,25,1443.0,114,308,0.37,336,108,293,0.369,0.545
1643133,Lawson Lovering,1610612763,MEM,2,1,1,49.0,0,0,,0,,,,
2544,LeBron James,1610612747,LAL,49,31,18,1635.0,40,116,0.345,116,36,105,0.343,0.5
1641778,Leaky Black,1610612764,WAS,5,0,5,159.0,5,15,0.333,15,5,14,0.357,0.5
1631159,Leonard Miller,1610612741,CHI,34,15,19,387.0,12,40,0.3,36,12,40,0.3,0.45
1642862,Liam McNeeley,1610612766,CHA,28,10,18,342.0,20,55,0.364,60,20,55,0.364,0.545
1630322,Lindy Waters III,1610612759,SAS,35,26,9,245.0,18,50,0.36,54,18,50,0.36,0.54
1628366,Lonzo Ball,1610612739,CLE,35,19,16,728.0,28,108,0.259,83,27,106,0.255,0.384
1629652,Luguentz Dort,1610612760,OKC,58,45,13,1612.0,102,301,0.339,304,100,295,0.339,0.505
1629029,Luka Dončić,1610612747,LAL,58,39,19,2076.0,63,160,0.394,189,63,158,0.399,0.591
1630568,Luka Garza,1610612738,BOS,59,39,20,923.0,53,117,0.453,149,43,100,0.43,0.637
1628379,Luke Kennard,1610612747,LAL,66,37,29,1373.0,93,188,0.495,273,87,179,0.486,0.726
1628436,Luke Kornet,1610612759,SAS,59,44,15,1244.0,3,8,0.375,6,,,,0.375
1631247,Luke Travers,1610612739,CLE,12,6,6,103.0,1,16,0.063,3,1,16,0.063,0.094
1630644,Mac McClung,1610612741,CHI,4,0,4,47.0,1,10,0.1,3,1,10,0.1,0.15
1641869,Malachi Smith,1610612751,BKN,3,0,3,45.0,0,3,0.0,0,0,3,0.0,0.0
1631103,Malaki Branham,1610612764,WAS,28,7,21,275.0,12,25,0.48,36,12,25,0.48,0.72
1642502,Malevy Leons,1610612744,GSW,16,5,11,146.0,2,10,0.2,6,2,10,0.2,0.3
1628370,Malik Monk,1610612758,SAC,54,15,39,1180.0,64,144,0.444,192,64,144,0.444,0.667
1630699,MarJon Beauchamp,1610612755,PHI,8,3,5,136.0,7,16,0.438,21,7,16,0.438,0.656
1631204,Marcus Sasser,1610612765,DET,28,20,8,352.0,22,51,0.431,65,21,49,0.429,0.637
203935,Marcus Smart,1610612747,LAL,59,38,21,1694.0,86,251,0.343,256,84,249,0.337,0.51
1641813,Mark Sears,1610612749,MIL,7,1,6,26.0,3,4,0.75,9,3,4,0.75,1.125
1631109,Mark Williams,1610612756,PHX,56,33,23,1322.0,10,25,0.4,21,1,1,1.0,0.42
1628963,Marvin Bagley III,1610612742,DAL,52,14,38,1035.0,15,35,0.429,43,13,29,0.448,0.614
203486,Mason Plumlee,1610612759,SAS,17,8,9,139.0,0,0,,0,,,,
1641824,Matas Buzelis,1610612741,CHI,69,27,42,2004.0,124,337,0.368,372,124,337,0.368,0.552
1629680,Matisse Thybulle,1610612757,POR,18,9,9,224.0,16,41,0.39,48,16,41,0.39,0.585
1631108,Max Christie,1610612742,DAL,65,21,44,1917.0,114,254,0.449,342,114,254,0.449,0.673
1642917,Max Shulga,1610612738,BOS,5,4,1,8.0,0,1,0.0,0,0,1,0.0,0.0
1629622,Max Strus,1610612739,CLE,3,2,1,70.0,7,16,0.438,21,7,16,0.438,0.656
1628467,Maxi Kleber,1610612747,LAL,35,16,19,383.0,6,25,0.24,18,6,22,0.273,0.36
1642875,Maxime Raynaud,1610612758,SAC,63,17,46,1609.0,48,116,0.414,108,12,49,0.245,0.466
1642877,Micah Peavy,1610612740,NOP,52,16,36,706.0,20,86,0.233,59,19,84,0.226,0.343
1630695,Micah Potter,1610612754,IND,35,7,28,652.0,50,123,0.407,149,49,120,0.408,0.606
1629008,Michael Porter Jr.,1610612751,BKN,52,14,38,1689.0,136,361,0.377,395,123,325,0.378,0.547
1628969,Mikal Bridges,1610612752,NYK,70,45,25,2334.0,144,373,0.386,417,129,343,0.376,0.559
201144,Mike Conley,1610612750,MIN,47,29,18,838.0,32,89,0.36,96,32,88,0.364,0.539
1628970,Miles Bridges,1610612766,CHA,65,34,31,2057.0,107,288,0.372,318,104,280,0.371,0.552
1642939,Miles Kelly,1610612742,DAL,14,7,7,134.0,11,35,0.314,32,10,33,0.303,0.457
1630540,Miles McBride,1610612752,NYK,35,22,13,981.0,69,170,0.406,207,69,168,0.411,0.609
1629011,Mitchell Robinson,1610612752,NYK,51,34,17,992.0,0,0,,0,,,,
1628964,Mo Bamba,1610612762,UTA,4,3,1,44.0,1,1,1.0,2,,,,1.0
1642885,Mohamed Diawara,1610612752,NYK,59,36,23,505.0,42,95,0.442,120,36,88,0.409,0.632
1628420,Monte Morris,1610612754,IND,6,0,6,65.0,1,6,0.167,3,1,6,0.167,0.25
1629021,Moritz Wagner,1610612753,ORL,29,17,12,383.0,18,61,0.295,54,18,59,0.305,0.443
1630541,Moses Moody,1610612744,GSW,59,29,30,1506.0,140,333,0.42,417,137,325,0.422,0.626
1631243,Mouhamed Gueye,1610612737,ATL,65,36,29,994.0,32,112,0.286,93,29,103,0.282,0.415
1630619,Moussa Cisse,1610612742,DAL,34,10,24,425.0,0,0,,0,,,,
1631217,Moussa Diabaté,1610612766,CHA,62,33,29,1603.0,8,10,0.8,17,1,1,1.0,0.85
1626167,Myles Turner,1610612749,MIL,64,26,38,1748.0,143,346,0.413,410,124,311,0.399,0.592
1642066,Myron Gardner,1610612748,MIA,37,22,15,349.0,21,51,0.412,63,21,50,0.42,0.618
1642368,N'Faly Dante,1610612737,ATL,4,3,1,15.0,0,1,0.0,0,,,,0.0
1641772,Nae'Qwan Tomlin,1610612739,CLE,54,35,19,848.0,18,94,0.191,54,18,92,0.196,0.287
1630230,Naji Marshall,1610612742,DAL,67,23,44,1973.0,53,171,0.31,156,50,158,0.316,0.456
1631466,Nate Williams,1610612744,GSW,9,2,7,105.0,5,13,0.385,15,5,13,0.385,0.577
1629675,Naz Reid,1610612750,MIN,68,42,26,1770.0,126,318,0.396,372,120,308,0.39,0.585
1629674,Neemias Queta,1610612738,BOS,65,43,22,1637.0,5,14,0.357,10,0,4,0.0,0.357
1629651,Nic Claxton,1610612751,BKN,62,16,46,1764.0,8,33,0.242,19,3,13,0.231,0.288
1630208,Nick Richards,1610612741,CHI,46,19,27,665.0,10,25,0.4,24,4,15,0.267,0.48
1641733,Nick Smith Jr.,1610612747,LAL,25,12,13,318.0,16,40,0.4,47,15,39,0.385,0.588
1629638,Nickeil Alexander-Walker,1610612737,ATL,66,35,31,2195.0,172,412,0.417,508,164,400,0.41,0.617
201587,Nicolas Batum,1610612746,LAC,64,33,31,1168.0,80,198,0.404,237,77,192,0.401,0.598
1628502,Nigel Hayes-Davis,1610612756,PHX,27,15,12,195.0,3,16,0.188,8,2,15,0.133,0.25
203999,Nikola Jokić,1610612743,DEN,54,32,22,1875.0,92,209,0.44,254,70,173,0.405,0.608
1631107,Nikola Jović,1610612748,MIA,45,23,22,791.0,40,156,0.256,119,39,149,0.262,0.381
1642260,Nikola Topić,1610612760,OKC,5,3,2,53.0,1,3,0.333,3,1,3,0.333,0.5
202696,Nikola Vučević,1610612738,BOS,60,32,28,1740.0,139,332,0.419,372,94,250,0.376,0.56
1642363,Nique Clifford,1610612758,SAC,66,17,49,1574.0,49,149,0.329,143,45,134,0.336,0.48
1642855,Noa Essengue,1610612741,CHI,2,1,1,6.0,0,2,0.0,0,0,2,0.0,0.0
1641730,Noah Clowney,1610612751,BKN,62,16,46,1696.0,121,353,0.343,361,119,348,0.342,0.511
1642869,Noah Penda,1610612753,ORL,50,26,24,694.0,23,67,0.343,69,23,67,0.343,0.515
1642849,Nolan Traore,1610612751,BKN,46,11,35,1015.0,37,110,0.336,111,37,110,0.336,0.505
1641807,Norchad Omier,1610612746,LAC,3,3,0,14.0,0,1,0.0,0,0,1,0.0,0.0
1626181,Norman Powell,1610612748,MIA,52,27,25,1564.0,97,230,0.422,283,89,217,0.41,0.615
1628384,OG Anunoby,1610612752,NYK,56,37,19,1851.0,110,268,0.41,329,109,264,0.413,0.614
1630167,Obi Toppin,1610612754,IND,12,0,12,198.0,18,43,0.419,50,14,38,0.368,0.581
1630534,Ochai Agbaji,1610612751,BKN,55,26,29,860.0,23,93,0.247,69,23,92,0.25,0.371
1641765,Olivier-Maxence Prosper,1610612763,MEM,44,15,29,773.0,40,102,0.392,120,40,101,0.396,0.588
1630209,Omer Yurtseven,1610612744,GSW,3,1,2,20.0,0,2,0.0,0,0,2,0.0,0.0
1630168,Onyeka Okongwu,1610612737,ATL,63,34,29,1976.0,130,333,0.39,386,126,323,0.39,0.58
1631115,Orlando Robinson,1610612753,ORL,4,2,2,25.0,1,2,0.5,3,1,2,0.5,0.75
1631131,Oscar Tshiebwe,1610612762,UTA,15,2,13,201.0,2,2,1.0,4,,,,1.0
1642345,Oso Ighodaro,1610612756,PHX,70,39,31,1511.0,9,27,0.333,18,0,1,0.0,0.333
1631172,Ousmane Dieng,1610612749,MIL,44,29,15,685.0,32,79,0.405,96,32,78,0.41,0.608
1629023,P.J. Washington,1610612742,DAL,51,14,37,1572.0,65,191,0.34,193,63,184,0.342,0.505
1641790,PJ Hall,1610612766,CHA,19,7,12,213.0,3,7,0.429,9,3,5,0.6,0.643
1642359,Pacôme Dadiet,1610612752,NYK,24,15,9,90.0,4,16,0.25,12,4,15,0.267,0.375
1631094,Paolo Banchero,1610612753,ORL,59,31,28,2057.0,51,119,0.429,146,44,108,0.407,0.613
1627783,Pascal Siakam,1610612754,IND,55,14,41,1844.0,79,225,0.351,232,74,204,0.363,0.516
1626192,Pat Connaughton,1610612766,CHA,34,20,14,257.0,18,46,0.391,54,18,46,0.391,0.587
1630311,Pat Spencer,1610612744,GSW,53,26,27,926.0,29,71,0.408,87,29,68,0.426,0.613
1631116,Patrick Baldwin Jr.,1610612758,SAC,7,2,5,58.0,2,8,0.25,6,2,8,0.25,0.375
1630172,Patrick Williams,1610612741,CHI,60,21,39,1180.0,67,177,0.379,201,67,176,0.381,0.568
202331,Paul George,1610612755,PHI,27,16,11,824.0,55,128,0.43,160,50,117,0.427,0.625
1630194,Paul Reed,1610612765,DET,52,37,15,680.0,18,46,0.391,46,10,27,0.37,0.5
1630202,Payton Pritchard,1610612738,BOS,67,45,22,2184.0,106,274,0.387,318,106,270,0.393,0.58
1642362,Payton Sandfort,1610612760,OKC,1,1,0,5.0,1,2,0.5,3,1,2,0.5,0.75
1641796,Pelle Larsson,1610612748,MIA,59,34,25,1516.0,51,148,0.345,153,51,146,0.349,0.517
1631250,Pete Nance,1610612749,MIL,36,11,25,422.0,32,67,0.478,96,32,67,0.478,0.716
1631212,Peyton Watson,1610612743,DEN,49,31,18,1502.0,74,156,0.474,216,68,144,0.472,0.692
1630173,Precious Achiuwa,1610612758,SAC,63,16,47,1451.0,28,81,0.346,82,26,77,0.338,0.506
1629656,Quentin Grimes,1610612755,PHI,64,35,29,1920.0,79,214,0.369,237,79,213,0.371,0.554
1631245,Quenton Jackson,1610612754,IND,38,7,31,663.0,27,65,0.415,80,26,63,0.413,0.615
1642366,Quinten Post,1610612744,GSW,65,32,33,1140.0,93,264,0.352,273,87,251,0.347,0.517
1629628,RJ Barrett,1610612761,TOR,44,27,17,1328.0,72,209,0.344,215,71,206,0.345,0.514
1642853,Rasheer Fleming,1610612756,PHX,44,24,20,460.0,31,85,0.365,93,31,85,0.365,0.547
1642484,RayJ Dennis,1610612737,ATL,16,3,13,180.0,8,31,0.258,24,8,30,0.267,0.387
1641712,Rayan Rupert,1610612763,MEM,58,28,30,867.0,31,96,0.323,93,31,95,0.326,0.484
1642263,Reed Sheppard,1610612745,HOU,68,41,27,1769.0,121,302,0.401,362,120,300,0.4,0.599
1642434,Riley Minix,1610612739,CLE,5,4,1,19.0,1,3,0.333,3,1,3,0.333,0.5
1642265,Rob Dillingham,1610612741,CHI,53,26,27,699.0,22,52,0.423,64,20,50,0.4,0.615
1629057,Robert Williams III,1610612757,POR,48,23,25,816.0,10,28,0.357,27,7,20,0.35,0.482
1642911,Rocco Zikarsky,1610612750,MIN,4,0,4,16.0,0,1,0.0,0,,,,0.0
1631199,Ron Harper Jr.,1610612738,BOS,22,16,6,246.0,19,55,0.345,57,19,55,0.345,0.518
1641842,Ronald Holland II,1610612765,DET,65,46,19,1317.0,37,157,0.236,111,37,155,0.239,0.354
1626220,Royce O'Neale,1610612756,PHX,69,39,30,2007.0,147,360,0.408,441,147,360,0.408,0.613
203497,Rudy Gobert,1610612750,MIN,67,42,25,2107.0,4,13,0.308,8,0,4,0.0,0.308
1629060,Rui Hachimura,1610612747,LAL,58,40,18,1669.0,102,234,0.436,300,96,220,0.436,0.641
201566,Russell Westbrook,1610612758,SAC,64,16,48,1853.0,94,281,0.335,282,94,279,0.337,0.502
1642346,Ryan Dunn,1610612756,PHX,61,35,26,1181.0,48,138,0.348,144,48,137,0.35,0.522
1641750,Ryan Kalkbrenner,1610612766,CHA,57,31,26,1252.0,3,5,0.6,6,0,1,0.0,0.6
1642948,Ryan Nembhard,1610612742,DAL,49,18,31,908.0,30,73,0.411,87,27,67,0.403,0.596
1631157,Ryan Rollins,1610612749,MIL,67,26,41,2158.0,91,219,0.416,273,91,219,0.416,0.623
1630180,Saddiq Bey,1610612740,NOP,64,24,40,1987.0,98,273,0.359,290,94,265,0.355,0.531
1630573,Sam Hauser,1610612738,BOS,66,45,21,1625.0,142,366,0.388,425,141,362,0.39,0.581
1630241,Sam Merrill,1610612739,CLE,44,30,14,1145.0,109,240,0.454,325,107,234,0.457,0.677
1630572,Sandro Mamukelashvili,1610612761,TOR,66,37,29,1446.0,86,234,0.368,256,84,228,0.368,0.547
1630583,Santi Aldama,1610612763,MEM,43,19,24,1198.0,71,193,0.368,204,62,177,0.35,0.528
1630703,Scoot Henderson,1610612757,POR,18,10,8,420.0,20,57,0.351,59,19,54,0.352,0.518
1630567,Scottie Barnes,1610612761,TOR,66,38,28,2255.0,77,210,0.367,202,48,158,0.304,0.481
1630590,Scotty Pippen Jr.,1610612763,MEM,10,2,8,212.0,8,18,0.444,24,8,17,0.471,0.667
1642951,Sean Pedulla,1610612746,LAC,2,1,1,11.0,2,5,0.4,6,2,5,0.4,0.6
203552,Seth Curry,1610612744,GSW,4,0,4,51.0,4,8,0.5,12,4,6,0.667,0.75
1631101,Shaedon Sharpe,1610612757,POR,48,22,26,1439.0,29,85,0.341,85,27,82,0.329,0.5
1628983,Shai Gilgeous-Alexander,1610612760,OKC,58,47,11,1943.0,29,63,0.46,76,18,49,0.367,0.603
1630536,Sharife Cooper,1610612764,WAS,28,5,23,436.0,9,28,0.321,27,9,26,0.346,0.482
1631321,Sidy Cissoko,1610612757,POR,63,31,32,1306.0,51,168,0.304,153,51,167,0.305,0.455
1631323,Simone Fontecchio,1610612748,MIA,62,33,29,1055.0,89,254,0.35,266,88,251,0.351,0.524
1642883,Sion James,1610612766,CHA,70,36,34,1609.0,63,168,0.375,188,62,166,0.373,0.56
1627746,Skal Labissiere,1610612764,WAS,3,2,1,38.0,2,5,0.4,5,1,4,0.25,0.5
1642461,Spencer Jones,1610612743,DEN,58,35,23,1326.0,57,141,0.404,168,54,135,0.4,0.596
1630649,Stanley Umude,1610612759,SAS,2,2,0,7.0,0,1,0.0,0,0,1,0.0,0.0
201939,Stephen Curry,1610612744,GSW,39,23,16,1222.0,87,236,0.369,254,80,222,0.36,0.538
1642264,Stephon Castle,1610612759,SAS,59,44,15,1759.0,63,173,0.364,185,59,167,0.353,0.535
203500,Steven Adams,1610612745,HOU,32,21,11,730.0,3,6,0.5,6,,,,0.5
1629004,Svi Mykhailiuk,1610612762,UTA,48,14,34,1123.0,64,147,0.435,192,64,144,0.444,0.653
204456,T.J. McConnell,1610612754,IND,51,13,38,880.0,20,47,0.426,50,10,31,0.323,0.532
1643007,Taelon Peter,1610612754,IND,31,4,27,348.0,26,82,0.317,78,26,82,0.317,0.476
201959,Taj Gibson,1610612763,MEM,3,1,2,29.0,2,4,0.5,5,1,2,0.5,0.625
1631106,Tari Eason,1610612745,HOU,46,27,19,1217.0,71,193,0.368,212,70,183,0.383,0.549
1627752,Taurean Prince,1610612749,MIL,14,6,8,275.0,18,39,0.462,54,18,39,0.462,0.692
1641707,Taylor Hendricks,1610612763,MEM,50,12,38,903.0,47,134,0.351,141,47,133,0.353,0.526
1629611,Terance Mann,1610612751,BKN,58,14,44,1413.0,41,104,0.394,121,39,99,0.394,0.582
1630545,Terrence Shannon Jr.,1610612750,MIN,31,18,13,363.0,14,42,0.333,42,14,41,0.341,0.5
203648,Thanasis Antetokounmpo,1610612749,MIL,28,8,20,94.0,0,2,0.0,0,0,2,0.0,0.0
1628418,Thomas Bryant,1610612739,CLE,52,31,21,590.0,42,119,0.353,123,39,111,0.351,0.517
1642275,Tidjane Salaün,1610612766,CHA,36,18,18,571.0,34,80,0.425,102,34,80,0.425,0.638
203501,Tim Hardaway Jr.,1610612743,DEN,69,41,28,1867.0,161,388,0.415,473,151,374,0.404,0.61
202699,Tobias Harris,1610612765,DET,52,36,16,1464.0,64,180,0.356,190,62,172,0.36,0.528
1642449,Tolu Smith,1610612765,DET,8,6,2,91.0,0,0,,0,,,,
1628396,Tony Bradley,1610612754,IND,38,9,29,416.0,3,7,0.429,7,1,2,0.5,0.5
1641787,Tosan Evbuomwan,1610612766,CHA,5,4,1,8.0,0,0,,0,,,,
1641739,Toumani Camara,1610612757,POR,70,34,36,2334.0,140,386,0.363,419,139,383,0.363,0.543
1629027,Trae Young,1610612764,WAS,15,2,13,384.0,8,19,0.421,24,8,19,0.421,0.632
1631218,Trayce Jackson-Davis,1610612761,TOR,45,24,21,454.0,1,1,1.0,3,1,1,1.0,1.5
1642848,Tre Johnson,1610612764,WAS,56,12,44,1348.0,74,206,0.359,216,68,196,0.347,0.524
1630200,Tre Jones,1610612741,CHI,53,24,29,1431.0,23,80,0.288,69,23,78,0.295,0.431
1630544,Tre Mann,1610612766,CHA,45,24,21,634.0,27,77,0.351,81,27,77,0.351,0.526
1630570,Trendon Watford,1610612755,PHI,47,23,24,788.0,10,40,0.25,30,10,40,0.25,0.375
1642280,Trentyn Flowers,1610612741,CHI,2,0,2,6.0,0,1,0.0,0,0,1,0.0,0.0
1631211,Trevor Keels,1610612748,MIA,4,4,0,5.0,0,3,0.0,0,0,3,0.0,0.0
1641725,Trey Alexander,1610612740,NOP,5,1,4,42.0,2,3,0.667,6,2,3,0.667,1.0
1641998,Trey Jemison III,1610612752,NYK,11,9,2,61.0,0,0,,0,,,,
1630530,Trey Murphy III,1610612740,NOP,62,21,41,2196.0,141,321,0.439,419,137,315,0.435,0.653
1642400,Tristan Enaruna,1610612739,CLE,6,6,0,34.0,1,5,0.2,3,1,5,0.2,0.3
1641774,Tristan Vukcevic,1610612764,WAS,44,8,36,589.0,46,125,0.368,127,35,102,0.343,0.508
1641783,Tristan da Silva,1610612753,ORL,64,36,28,1559.0,86,234,0.368,255,83,222,0.374,0.545
1629660,Ty Jerome,1610612763,MEM,13,3,10,290.0,6,19,0.316,18,6,19,0.316,0.474
1631102,TyTy Washington Jr.,1610612746,LAC,9,5,4,52.0,2,4,0.5,6,2,4,0.5,0.75
1631174,Tyler Burton,1610612763,MEM,4,1,3,91.0,3,14,0.214,9,3,14,0.214,0.321
1629639,Tyler Herro,1610612748,MIA,23,11,12,707.0,29,74,0.392,86,28,68,0.412,0.581
1642278,Tyler Kolek,1610612752,NYK,56,35,21,683.0,27,70,0.386,80,26,68,0.382,0.571
1641890,Tyler Smith,1610612742,DAL,2,0,2,11.0,0,5,0.0,0,0,5,0.0,0.0
1631213,Tyrese Martin,1610612755,PHI,44,11,33,771.0,45,135,0.333,135,45,135,0.333,0.5
1630178,Tyrese Maxey,1610612755,PHI,61,33,28,2334.0,93,224,0.415,275,89,219,0.406,0.614
1642878,Tyrese Proctor,1610612739,CLE,42,28,14,436.0,25,67,0.373,75,25,66,0.379,0.56
1630623,Tyson Etienne,1610612751,BKN,14,2,12,135.0,12,39,0.308,36,12,38,0.316,0.462
1626145,Tyus Jones,1610612743,DEN,61,31,30,925.0,27,97,0.278,80,26,95,0.274,0.412
1642845,VJ Edgecombe,1610612755,PHI,63,36,27,2198.0,85,231,0.368,253,83,226,0.367,0.548
1641705,Victor Wembanyama,1610612759,SAS,55,42,13,1615.0,101,248,0.407,278,76,203,0.374,0.56
1631246,Vince Williams Jr.,1610612762,UTA,40,16,24,819.0,44,118,0.373,131,43,117,0.368,0.555
1642884,Vladislav Goldin,1610612748,MIA,5,3,2,14.0,0,0,,0,,,,
1630249,Vít Krejčí,1610612757,POR,64,31,33,1387.0,110,266,0.414,327,107,262,0.408,0.615
1631117,Walker Kessler,1610612762,UTA,5,2,3,154.0,4,5,0.8,12,4,5,0.8,1.2
1642383,Walter Clayton Jr.,1610612763,MEM,58,16,42,1135.0,32,104,0.308,96,32,103,0.311,0.462
1628976,Wendell Carter Jr.,1610612753,ORL,65,36,29,1925.0,89,248,0.359,243,65,198,0.328,0.49
1631111,Wendell Moore Jr.,1610612765,DET,5,4,1,54.0,0,1,0.0,0,0,1,0.0,0.0
1642954,Will Richard,1610612744,GSW,59,31,28,1190.0,62,169,0.367,180,56,159,0.352,0.533
1642860,Will Riley,1610612764,WAS,61,15,46,1227.0,43,126,0.341,128,42,123,0.341,0.508
1630214,Xavier Tillman,1610612766,CHA,24,17,7,148.0,3,14,0.214,9,3,14,0.214,0.321
1642905,Yang Hansen,1610612757,POR,39,20,19,277.0,5,38,0.132,15,5,36,0.139,0.197
1642949,Yanic Konan Niederhäuser,1610612746,LAC,41,22,19,424.0,1,7,0.143,3,1,5,0.2,0.214
1642530,Yuki Kawamura,1610612741,CHI,11,4,7,121.0,4,7,0.571,12,4,7,0.571,0.857
1642274,Yves Missi,1610612740,NOP,58,19,39,1110.0,2,7,0.286,4,0,1,0.0,0.286
1642258,Zaccharie Risacher,1610612737,ATL,55,31,24,1301.0,75,207,0.362,219,69,185,0.373,0.529
1628380,Zach Collins,1610612741,CHI,10,6,4,184.0,13,27,0.481,35,9,21,0.429,0.648
1641744,Zach Edey,1610612763,MEM,11,7,4,284.0,4,10,0.4,9,1,5,0.2,0.45
203897,Zach LaVine,1610612758,SAC,39,9,30,1224.0,53,130,0.408,156,50,118,0.424,0.6
1630192,Zeke Nnaji,1610612743,DEN,47,33,14,575.0,14,52,0.269,40,12,47,0.255,0.385
1630533,Ziaire Williams,1610612751,BKN,49,13,36,1116.0,72,216,0.333,215,71,214,0.332,0.498
1629627,Zion Williamson,1610612740,NOP,54,22,32,1602.0,0,1,0.0,0,0,0,,0.0
1642389,Zyon Pullin,1610612750,MIN,1,1,0,5.0,0,0,,0,,,,
