PLAYER_ID,PLAYER_NAME,TEAM_ID,TEAM_ABBREVIATION,GP,W,L,MIN,DRIVES,DRIVE_FGM,DRIVE_FGA,DRIVE_FG_PCT,DRIVE_FTM,DRIVE_FTA,DRIVE_FT_PCT,DRIVE_PTS,DRIVE_PTS_PCT,DRIVE_PASSES,DRIVE_PASSES_PCT,DRIVE_AST,DRIVE_AST_PCT,DRIVE_TOV,DRIVE_TOV_PCT,DRIVE_PF,DRIVE_PF_PCT
1630639,A.J. Lawson,1610612761,TOR,14,6,8,110.0,10,1,4,0.25,2,2,1.0,4,0.4,2,0.2,0,0.0,1,0.1,1,0.1
1631260,AJ Green,1610612749,MIL,65,27,38,1866.0,91,5,11,0.455,0,0,0.0,10,0.11,70,0.769,8,0.088,7,0.077,0,0.0
1642358,AJ Johnson,1610612742,DAL,40,7,33,353.0,96,16,51,0.314,5,6,0.833,38,0.396,38,0.396,9,0.094,3,0.031,3,0.031
203932,Aaron Gordon,1610612743,DEN,28,19,9,768.0,92,24,46,0.522,36,41,0.878,86,0.935,17,0.185,4,0.043,5,0.054,21,0.228
1628988,Aaron Holiday,1610612745,HOU,43,27,16,558.0,110,27,51,0.529,11,12,0.917,70,0.636,48,0.436,12,0.109,3,0.027,6,0.055
1630174,Aaron Nesmith,1610612754,IND,41,9,32,1207.0,262,67,143,0.469,36,39,0.923,176,0.672,74,0.282,10,0.038,17,0.065,20,0.076
1630598,Aaron Wiggins,1610612760,OKC,55,42,13,1258.0,317,60,139,0.432,25,34,0.735,146,0.461,125,0.394,30,0.095,24,0.076,17,0.054
1642846,Ace Bailey,1610612762,UTA,61,18,43,1636.0,243,58,111,0.523,23,26,0.885,139,0.572,93,0.383,17,0.07,13,0.053,13,0.053
1641737,Adem Bona,1610612755,PHI,59,33,26,1025.0,31,6,15,0.4,10,14,0.714,23,0.742,8,0.258,0,0.0,1,0.032,7,0.226
1642876,Adou Thiero,1610612747,LAL,19,11,8,104.0,16,5,8,0.625,0,0,0.0,12,0.75,5,0.313,1,0.063,3,0.188,0,0.0
1642349,Ajay Mitchell,1610612760,OKC,48,42,6,1266.0,566,139,262,0.531,68,78,0.872,361,0.638,220,0.389,40,0.071,30,0.053,40,0.071
201143,Al Horford,1610612744,GSW,43,22,21,933.0,43,10,21,0.476,4,4,1.0,24,0.558,17,0.395,3,0.07,3,0.07,2,0.047
1627936,Alex Caruso,1610612760,OKC,47,39,8,867.0,94,19,43,0.442,10,12,0.833,50,0.532,37,0.394,9,0.096,6,0.064,6,0.064
1631457,Alex Morales,1610612753,ORL,1,0,1,12.0,2,0,1,0.0,0,0,0.0,0,0.0,1,0.5,1,0.5,0,0.0,0,0.0
1642259,Alex Sarr,1610612764,WAS,46,11,35,1260.0,235,62,142,0.437,21,34,0.618,151,0.643,52,0.221,13,0.055,18,0.077,18,0.077
1642918,Alijah Martin,1610612761,TOR,16,6,10,102.0,25,4,12,0.333,4,4,1.0,12,0.48,11,0.44,4,0.16,0,0.0,2,0.08
1631214,Alondes Williams,1610612764,WAS,4,2,2,101.0,8,2,2,1.0,1,2,0.5,6,0.75,5,0.625,3,0.375,0,0.0,1,0.125
1630578,Alperen Sengun,1610612745,HOU,59,36,23,1975.0,514,148,279,0.53,62,84,0.738,365,0.71,130,0.253,30,0.058,50,0.097,44,0.086
1642873,Amari Williams,1610612738,BOS,19,13,6,120.0,2,0,0,0.0,0,0,0.0,0,0.0,2,1.0,0,0.0,0,0.0,0,0.0
1641708,Amen Thompson,1610612745,HOU,66,39,27,2453.0,769,154,307,0.502,95,116,0.819,413,0.537,341,0.443,73,0.095,47,0.061,59,0.077
1629599,Amir Coffey,1610612756,PHX,43,18,25,437.0,48,16,27,0.593,8,10,0.8,43,0.896,15,0.313,4,0.083,0,0.0,5,0.104
1643158,Andersson Garcia,1610612762,UTA,5,1,4,169.0,13,2,4,0.5,4,4,1.0,8,0.615,6,0.462,1,0.077,1,0.077,2,0.154
203083,Andre Drummond,1610612755,PHI,51,25,26,1015.0,12,1,6,0.167,1,2,0.5,3,0.25,3,0.25,0,0.0,2,0.167,1,0.083
1641748,Andre Jackson Jr.,1610612749,MIL,37,10,27,219.0,33,1,8,0.125,0,0,0.0,2,0.061,24,0.727,8,0.242,1,0.03,0,0.0
1629614,Andrew Nembhard,1610612754,IND,52,11,41,1621.0,667,131,254,0.516,89,110,0.809,360,0.54,302,0.453,82,0.123,34,0.051,56,0.084
203952,Andrew Wiggins,1610612748,MIA,57,30,27,1765.0,406,72,165,0.436,45,58,0.776,190,0.468,176,0.433,31,0.076,27,0.067,29,0.071
1629014,Anfernee Simons,1610612741,CHI,55,31,24,1372.0,272,93,173,0.538,19,20,0.95,212,0.779,71,0.261,15,0.055,11,0.04,10,0.037
1641710,Anthony Black,1610612753,ORL,60,33,27,1841.0,394,86,195,0.441,60,79,0.759,237,0.602,121,0.307,38,0.096,25,0.063,40,0.102
203076,Anthony Davis,1610612764,WAS,20,10,10,626.0,89,27,61,0.443,10,14,0.714,64,0.719,11,0.124,3,0.034,10,0.112,7,0.079
1630162,Anthony Edwards,1610612750,MIN,58,35,23,2061.0,660,207,352,0.588,158,194,0.814,599,0.908,163,0.247,35,0.053,30,0.045,100,0.152
1630264,Anthony Gill,1610612764,WAS,42,5,37,568.0,30,9,18,0.5,4,6,0.667,22,0.733,5,0.167,1,0.033,4,0.133,3,0.1
1641810,Antonio Reeves,1610612766,CHA,9,3,6,66.0,11,3,5,0.6,0,0,0.0,6,0.545,6,0.545,1,0.091,0,0.0,0,0.0
1630574,Ariel Hukporti,1610612752,NYK,48,31,17,430.0,11,2,5,0.4,0,0,0.0,4,0.364,3,0.273,1,0.091,3,0.273,0,0.0
1642854,Asa Newell,1610612737,ATL,40,20,20,445.0,39,7,13,0.538,1,2,0.5,16,0.41,21,0.538,5,0.128,3,0.077,1,0.026
1641709,Ausar Thompson,1610612765,DET,60,43,17,1535.0,316,67,151,0.444,36,46,0.783,172,0.544,117,0.37,27,0.085,16,0.051,23,0.073
1630559,Austin Reaves,1610612747,LAL,44,31,13,1513.0,507,149,258,0.578,91,108,0.843,406,0.801,153,0.302,42,0.083,29,0.057,56,0.11
1630245,Ayo Dosunmu,1610612750,MIN,61,32,29,1615.0,442,98,200,0.49,32,35,0.914,238,0.538,191,0.432,39,0.088,22,0.05,19,0.043
1628389,Bam Adebayo,1610612748,MIA,61,32,29,1949.0,421,105,230,0.457,99,124,0.798,316,0.751,100,0.238,17,0.04,20,0.048,62,0.147
1631248,Baylor Scheierman,1610612738,BOS,64,44,20,1115.0,120,25,42,0.595,2,2,1.0,53,0.442,66,0.55,14,0.117,9,0.075,1,0.008
1642879,Ben Saraf,1610612751,BKN,32,8,24,587.0,236,37,81,0.457,23,28,0.821,99,0.419,113,0.479,30,0.127,24,0.102,14,0.059
1641767,Ben Sheppard,1610612754,IND,58,13,45,1245.0,122,24,53,0.453,15,18,0.833,64,0.525,53,0.434,9,0.074,7,0.057,9,0.074
1631097,Bennedict Mathurin,1610612746,LAC,44,16,28,1372.0,321,68,146,0.466,63,70,0.9,208,0.648,103,0.321,17,0.053,26,0.081,37,0.115
1643016,Bez Mbeng,1610612762,UTA,4,1,3,122.0,16,2,4,0.5,0,0,0.0,4,0.25,8,0.5,2,0.125,4,0.25,0,0.0
1641731,Bilal Coulibaly,1610612764,WAS,47,13,34,1252.0,247,37,111,0.333,43,64,0.672,121,0.49,75,0.304,13,0.053,14,0.057,33,0.134
202687,Bismack Biyombo,1610612759,SAS,20,16,4,117.0,0,0,0,0.0,0,0,0.0,0,0.0,0,0.0,0,0.0,0,0.0,0,0.0
1642396,Blake Hinson,1610612762,UTA,10,3,7,202.0,8,3,3,1.0,0,0,0.0,6,0.75,5,0.625,0,0.0,0,0.0,0,0.0
1631104,Blake Wesley,1610612757,POR,23,14,9,301.0,123,17,35,0.486,5,8,0.625,40,0.325,74,0.602,19,0.154,6,0.049,4,0.033
1626171,Bobby Portis,1610612749,MIL,66,26,40,1600.0,99,28,63,0.444,4,8,0.5,60,0.606,24,0.242,2,0.02,6,0.061,4,0.04
1641752,Bobi Klintman,1610612765,DET,11,7,4,69.0,9,1,3,0.333,0,0,0.0,2,0.222,1,0.111,0,0.0,4,0.444,0,0.0
203992,Bogdan Bogdanović,1610612746,LAC,20,5,15,421.0,87,15,31,0.484,14,18,0.778,45,0.517,45,0.517,11,0.126,1,0.011,9,0.103
1630538,Bones Hyland,1610612750,MIN,61,38,23,925.0,162,39,71,0.549,8,14,0.571,89,0.549,72,0.444,15,0.093,8,0.049,7,0.043
203078,Bradley Beal,1610612746,LAC,6,2,4,121.0,19,1,10,0.1,2,2,1.0,4,0.211,5,0.263,3,0.158,2,0.105,1,0.053
1642382,Branden Carlson,1610612760,OKC,35,27,8,376.0,10,2,8,0.25,0,2,0.0,4,0.4,0,0.0,0,0.0,1,0.1,1,0.1
1641764,Brandin Podziemski,1610612744,GSW,69,33,36,1941.0,527,91,186,0.489,53,70,0.757,242,0.459,263,0.499,57,0.108,30,0.057,36,0.068
1629634,Brandon Clarke,1610612763,MEM,2,1,1,20.0,5,0,2,0.0,0,0,0.0,0,0.0,3,0.6,0,0.0,0,0.0,0,0.0
1627742,Brandon Ingram,1610612761,TOR,66,38,28,2251.0,689,163,320,0.509,88,108,0.815,423,0.614,245,0.356,52,0.075,53,0.077,54,0.078
1641706,Brandon Miller,1610612766,CHA,53,33,20,1596.0,468,105,242,0.434,65,74,0.878,283,0.605,142,0.303,32,0.068,39,0.083,38,0.081
1630314,Brandon Williams,1610612742,DAL,60,21,39,1320.0,645,145,285,0.509,108,139,0.777,408,0.633,221,0.343,50,0.078,40,0.062,70,0.109
1641729,Brice Sensabaugh,1610612762,UTA,66,18,48,1497.0,323,94,167,0.563,41,48,0.854,242,0.749,98,0.303,23,0.071,21,0.065,27,0.084
1642355,Bronny James,1610612747,LAL,32,17,15,224.0,37,5,16,0.313,0,0,0.0,10,0.27,17,0.459,6,0.162,4,0.108,0,0.0
201572,Brook Lopez,1610612746,LAC,63,33,30,1302.0,70,15,39,0.385,9,10,0.9,42,0.6,16,0.229,4,0.057,9,0.129,5,0.071
1642964,Brooks Barnhizer,1610612760,OKC,34,25,9,271.0,30,4,11,0.364,0,0,0.0,9,0.3,17,0.567,7,0.233,2,0.067,0,0.0
1628971,Bruce Brown,1610612743,DEN,70,42,28,1726.0,208,42,104,0.404,19,22,0.864,105,0.505,77,0.37,25,0.12,12,0.058,11,0.053
1631121,Bryce McGowens,1610612740,NOP,42,14,28,880.0,141,38,85,0.447,29,36,0.806,111,0.787,32,0.227,12,0.085,4,0.028,18,0.128
1642267,Bub Carrington,1610612764,WAS,69,16,53,1900.0,270,47,118,0.398,15,20,0.75,110,0.407,114,0.422,32,0.119,23,0.085,10,0.037
1631205,Buddy Boeheim,1610612760,OKC,4,2,2,15.0,0,0,0,0.0,0,0,0.0,0,0.0,0,0.0,0,0.0,0,0.0,0,0.0
1627741,Buddy Hield,1610612737,ATL,46,22,24,775.0,91,22,35,0.629,6,6,1.0,51,0.56,48,0.527,13,0.143,4,0.044,3,0.033
203468,CJ McCollum,1610612737,ATL,64,29,35,1909.0,659,164,327,0.502,48,62,0.774,382,0.58,245,0.372,57,0.086,36,0.055,31,0.047
1630595,Cade Cunningham,1610612765,DET,61,44,17,2096.0,965,233,468,0.498,120,146,0.822,603,0.625,357,0.37,107,0.111,45,0.047,76,0.079
1631216,Caleb Houstan,1610612737,ATL,14,9,5,59.0,3,0,1,0.0,0,0,0.0,0,0.0,1,0.333,0,0.0,0,0.0,0,0.0
1631126,Caleb Love,1610612757,POR,45,21,24,999.0,274,56,113,0.496,18,24,0.75,130,0.474,125,0.456,36,0.131,22,0.08,12,0.044
1628997,Caleb Martin,1610612742,DAL,58,20,38,856.0,159,23,57,0.404,15,29,0.517,63,0.396,67,0.421,19,0.119,14,0.088,15,0.094
1642353,Cam Christie,1610612746,LAC,47,22,25,434.0,77,14,38,0.368,17,20,0.85,47,0.61,24,0.312,5,0.065,3,0.039,10,0.13
1642285,Cam Spencer,1610612763,MEM,65,23,42,1546.0,343,55,110,0.5,36,38,0.947,153,0.446,192,0.56,53,0.155,13,0.038,19,0.055
1630560,Cam Thomas,1610612749,MIL,41,11,30,865.0,351,86,184,0.467,59,70,0.843,239,0.681,102,0.291,31,0.088,19,0.054,35,0.1
1641715,Cam Whitmore,1610612764,WAS,21,3,18,354.0,47,12,32,0.375,3,8,0.375,27,0.574,7,0.149,3,0.064,3,0.064,4,0.085
1629661,Cameron Johnson,1610612743,DEN,44,27,17,1340.0,156,23,63,0.365,18,26,0.692,68,0.436,68,0.436,17,0.109,10,0.064,13,0.083
1626166,Cameron Payne,1610612755,PHI,15,7,8,260.0,54,14,33,0.424,9,10,0.9,37,0.685,11,0.204,6,0.111,2,0.037,5,0.093
1627747,Caris LeVert,1610612765,DET,49,35,14,953.0,259,39,95,0.411,10,14,0.714,91,0.351,127,0.49,39,0.151,20,0.077,7,0.027
1642868,Carter Bryant,1610612759,SAS,59,46,13,620.0,56,6,22,0.273,6,10,0.6,18,0.321,23,0.411,3,0.054,5,0.089,5,0.089
1641717,Cason Wallace,1610612760,OKC,67,52,15,1826.0,380,56,151,0.371,10,12,0.833,124,0.326,188,0.495,40,0.105,21,0.055,6,0.016
1642907,Cedric Coward,1610612763,MEM,54,19,35,1403.0,288,70,149,0.47,38,48,0.792,181,0.628,88,0.306,22,0.076,20,0.069,24,0.083
1643052,Chaney Johnson,1610612751,BKN,6,1,5,123.0,6,2,2,1.0,2,4,0.5,6,1.0,1,0.167,0,0.0,1,0.167,2,0.333
1629646,Charles Bassey,1610612738,BOS,4,1,3,37.0,1,0,1,0.0,0,0,0.0,0,0.0,0,0.0,0,0.0,0,0.0,0,0.0
1642404,Chaz Lanier,1610612765,DET,25,21,4,193.0,10,1,5,0.2,0,0,0.0,2,0.2,5,0.5,2,0.2,0,0.0,0,0.0
1631096,Chet Holmgren,1610612760,OKC,60,48,12,1759.0,299,66,129,0.512,62,76,0.816,197,0.659,102,0.341,24,0.08,21,0.07,38,0.127
1628449,Chris Boucher,1610612738,BOS,9,4,5,94.0,1,0,0,0.0,0,0,0.0,0,0.0,1,1.0,0,0.0,0,0.0,0,0.0
1641753,Chris Livingston,1610612739,CLE,3,2,1,17.0,2,2,2,1.0,0,0,0.0,4,2.0,0,0.0,0,0.0,0,0.0,0,0.0
1643024,Chris Mañon,1610612747,LAL,6,2,4,25.0,3,0,0,0.0,0,0,0.0,0,0.0,2,0.667,0,0.0,1,0.333,0,0.0
101108,Chris Paul,1610612746,LAC,16,4,12,228.0,31,6,16,0.375,0,0,0.0,12,0.387,11,0.355,3,0.097,3,0.097,0,0.0
1642959,Chris Youngblood,1610612757,POR,32,27,5,174.0,9,0,4,0.0,2,2,1.0,2,0.222,4,0.444,1,0.111,0,0.0,1,0.111
1631128,Christian Braun,1610612743,DEN,34,19,15,1088.0,68,9,21,0.429,7,10,0.7,25,0.368,35,0.515,9,0.132,5,0.074,5,0.074
1631132,Christian Koloko,1610612737,ATL,23,13,10,314.0,0,0,0,0.0,0,0,0.0,0,0.0,0,0.0,0,0.0,0,0.0,0,0.0
1642935,Chucky Hepburn,1610612761,TOR,2,0,2,13.0,4,0,1,0.0,0,0,0.0,0,0.0,2,0.5,0,0.0,1,0.25,0,0.0
203991,Clint Capela,1610612745,HOU,62,37,25,776.0,17,4,10,0.4,1,2,0.5,9,0.529,5,0.294,0,0.0,1,0.059,1,0.059
1629632,Coby White,1610612766,CHA,39,21,18,1043.0,468,82,159,0.516,64,76,0.842,238,0.509,225,0.481,54,0.115,33,0.071,39,0.083
1628998,Cody Martin,1610612754,IND,4,0,4,55.0,7,0,1,0.0,2,4,0.5,2,0.286,3,0.429,0,0.0,1,0.143,2,0.286
1642262,Cody Williams,1610612762,UTA,56,15,41,1244.0,155,39,82,0.476,18,24,0.75,96,0.619,50,0.323,10,0.065,9,0.058,12,0.077
1641732,Colby Jones,1610612765,DET,1,0,1,7.0,1,1,1,1.0,0,0,0.0,2,2.0,0,0.0,0,0.0,0,0.0,0,0.0
1630175,Cole Anthony,1610612749,MIL,35,12,23,527.0,264,58,119,0.487,4,4,1.0,122,0.462,125,0.473,27,0.102,11,0.042,2,0.008
1630658,Colin Castleton,1610612753,ORL,1,0,1,10.0,0,0,0,0.0,0,0,0.0,0,0.0,0,0.0,0,0.0,0,0.0,0,0.0
1631221,Collin Gillespie,1610612756,PHX,69,38,31,1998.0,453,65,146,0.445,22,26,0.846,159,0.351,255,0.563,66,0.146,28,0.062,13,0.029
1642867,Collin Murray-Boyles,1610612761,TOR,47,25,22,1046.0,50,9,18,0.5,9,10,0.9,27,0.54,18,0.36,2,0.04,6,0.12,5,0.1
1629012,Collin Sexton,1610612741,CHI,56,22,34,1275.0,521,109,209,0.522,86,98,0.878,321,0.616,195,0.374,47,0.09,45,0.086,51,0.098
1642843,Cooper Flagg,1610612742,DAL,58,19,39,1946.0,718,207,413,0.501,89,106,0.84,512,0.713,195,0.272,54,0.075,39,0.054,54,0.075
1630557,Corey Kispert,1610612737,ATL,48,21,27,933.0,145,40,65,0.615,20,24,0.833,104,0.717,60,0.414,14,0.097,7,0.048,12,0.083
1642504,Cormac Ryan,1610612749,MIL,1,0,1,8.0,1,0,0,0.0,0,0,0.0,0,0.0,1,1.0,0,0.0,0,0.0,0,0.0
1641854,Craig Porter Jr.,1610612739,CLE,58,39,19,1024.0,247,42,94,0.447,5,13,0.385,92,0.372,119,0.482,33,0.134,17,0.069,7,0.028
1642938,Curtis Jones,1610612743,DEN,6,4,2,31.0,5,1,2,0.5,0,0,0.0,2,0.4,2,0.4,1,0.2,1,0.2,0,0.0
1626156,D'Angelo Russell,1610612764,WAS,26,9,17,495.0,150,39,75,0.52,22,28,0.786,100,0.667,49,0.327,16,0.107,7,0.047,14,0.093
1641747,DaRon Holmes II,1610612743,DEN,19,11,8,194.0,13,2,3,0.667,0,0,0.0,4,0.308,9,0.692,5,0.385,0,0.0,0,0.0
1631342,Daeqwon Plowden,1610612758,SAC,21,6,15,514.0,45,4,15,0.267,6,6,1.0,15,0.333,21,0.467,2,0.044,5,0.111,3,0.067
1630625,Dalano Banton,1610612738,BOS,5,3,2,25.0,12,3,8,0.375,2,2,1.0,8,0.667,2,0.167,0,0.0,1,0.083,1,0.083
1631207,Dalen Terry,1610612755,PHI,43,18,25,511.0,116,16,40,0.4,2,6,0.333,35,0.302,62,0.534,16,0.138,6,0.052,3,0.026
1642261,Dalton Knecht,1610612747,LAL,48,29,19,509.0,62,21,38,0.553,5,8,0.625,48,0.774,15,0.242,0,0.0,4,0.065,4,0.065
1629655,Daniel Gafford,1610612742,DAL,49,11,38,1062.0,45,15,31,0.484,9,12,0.75,40,0.889,4,0.089,0,0.0,3,0.067,6,0.133
1642450,Daniss Jenkins,1610612765,DET,59,44,15,1040.0,368,60,154,0.39,25,31,0.806,152,0.413,168,0.457,40,0.109,20,0.054,18,0.049
1642874,Danny Wolf,1610612751,BKN,55,14,41,1150.0,229,54,117,0.462,30,38,0.789,141,0.616,72,0.314,22,0.096,19,0.083,19,0.083
203967,Dario Saric,1610612758,SAC,5,1,4,41.0,0,0,0,0.0,0,0,0.0,0,0.0,0,0.0,0,0.0,0,0.0,0,0.0
1642468,Darius Brown,1610612739,CLE,1,1,0,3.0,1,0,0,0.0,0,0,0.0,0,0.0,1,1.0,0,0.0,0,0.0,0,0.0
1629636,Darius Garland,1610612746,LAC,34,18,16,1010.0,472,88,185,0.476,32,40,0.8,210,0.445,224,0.475,67,0.142,29,0.061,20,0.042
1642357,David Jones Garcia,1610612759,SAS,11,7,4,68.0,28,8,15,0.533,1,4,0.25,19,0.679,9,0.321,3,0.107,1,0.036,2,0.071
1631223,David Roddy,1610612743,DEN,2,1,1,12.0,3,0,0,0.0,2,2,1.0,2,0.667,2,0.667,2,0.667,0,0.0,1,0.333
1630558,Davion Mitchell,1610612748,MIA,59,33,26,1667.0,595,105,192,0.547,30,42,0.714,241,0.405,337,0.566,82,0.138,31,0.052,21,0.035
1630549,Day'Ron Sharpe,1610612751,BKN,62,17,45,1160.0,68,17,34,0.5,6,10,0.6,42,0.618,19,0.279,5,0.074,6,0.088,5,0.074
1628368,De'Aaron Fox,1610612759,SAS,61,46,15,1916.0,751,186,334,0.557,74,100,0.74,452,0.602,312,0.415,85,0.113,32,0.043,51,0.068
1629631,De'Andre Hunter,1610612758,SAC,45,24,21,1175.0,232,54,113,0.478,33,38,0.868,146,0.629,72,0.31,13,0.056,17,0.073,19,0.082
1629001,De'Anthony Melton,1610612744,GSW,38,19,19,866.0,327,75,148,0.507,43,48,0.896,199,0.609,124,0.379,24,0.073,24,0.073,24,0.073
201599,DeAndre Jordan,1610612740,NOP,10,6,4,163.0,0,0,0,0.0,0,0,0.0,0,0.0,0,0.0,0,0.0,0,0.0,0,0.0
1630610,DeJon Jarreau,1610612763,MEM,3,1,2,57.0,12,2,3,0.667,2,2,1.0,6,0.5,6,0.5,2,0.167,0,0.0,1,0.083
201942,DeMar DeRozan,1610612758,SAC,69,17,52,2184.0,595,140,252,0.556,97,109,0.89,391,0.657,246,0.413,62,0.104,33,0.055,56,0.094
1629731,Dean Wade,1610612739,CLE,55,33,22,1235.0,82,7,17,0.412,6,6,1.0,20,0.244,58,0.707,13,0.159,3,0.037,3,0.037
1629028,Deandre Ayton,1610612747,LAL,61,39,22,1682.0,34,15,25,0.6,2,2,1.0,32,0.941,5,0.147,0,0.0,2,0.059,1,0.029
1627749,Dejounte Murray,1610612740,NOP,9,5,4,246.0,100,31,47,0.66,10,14,0.714,76,0.76,36,0.36,7,0.07,8,0.08,7,0.07
1630166,Deni Avdija,1610612757,POR,54,27,27,1802.0,1025,165,330,0.5,163,199,0.819,522,0.509,500,0.488,134,0.131,74,0.072,100,0.098
203471,Dennis Schröder,1610612739,CLE,59,21,38,1479.0,558,105,239,0.439,71,85,0.835,290,0.52,225,0.403,55,0.099,26,0.047,43,0.077
1641726,Dereck Lively II,1610612742,DAL,7,3,4,115.0,0,0,0,0.0,0,0,0.0,0,0.0,0,0.0,0,0.0,0,0.0,0,0.0
1642852,Derik Queen,1610612740,NOP,70,25,45,1731.0,387,110,234,0.47,71,86,0.826,294,0.76,72,0.186,18,0.047,28,0.072,43,0.111
1627884,Derrick Jones Jr.,1610612746,LAC,38,18,20,1039.0,83,20,51,0.392,3,8,0.375,50,0.602,16,0.193,2,0.024,5,0.06,5,0.06
1628401,Derrick White,1610612738,BOS,66,44,22,2260.0,516,127,280,0.454,63,68,0.926,323,0.626,165,0.32,40,0.078,28,0.054,34,0.066
1630217,Desmond Bane,1610612753,ORL,69,38,31,2356.0,771,210,392,0.536,85,87,0.977,520,0.674,284,0.368,65,0.084,34,0.044,44,0.057
1626164,Devin Booker,1610612756,PHX,54,32,22,1810.0,854,194,377,0.515,126,146,0.863,536,0.628,322,0.377,75,0.088,50,0.059,74,0.087
1642269,Devin Carter,1610612758,SAC,27,4,23,386.0,146,24,55,0.436,20,28,0.714,70,0.479,67,0.459,15,0.103,8,0.055,14,0.096
1630170,Devin Vassell,1610612759,SAS,56,43,13,1724.0,200,39,87,0.448,13,16,0.813,93,0.465,84,0.42,16,0.08,14,0.07,8,0.04
1628415,Dillon Brooks,1610612756,PHX,50,30,20,1530.0,415,143,283,0.505,55,66,0.833,350,0.843,57,0.137,10,0.024,33,0.08,34,0.082
1641794,Dillon Jones,1610612752,NYK,5,4,1,24.0,5,0,1,0.0,4,4,1.0,4,0.8,2,0.4,2,0.4,0,0.0,2,0.4
1627734,Domantas Sabonis,1610612758,SAC,19,3,16,564.0,39,10,18,0.556,2,4,0.5,22,0.564,13,0.333,1,0.026,5,0.128,2,0.051
1631230,Dominick Barlow,1610612755,PHI,58,32,26,1415.0,126,29,62,0.468,19,28,0.679,80,0.635,37,0.294,8,0.063,10,0.079,14,0.111
1642270,Donovan Clingan,1610612757,POR,65,33,32,1774.0,23,2,8,0.25,2,2,1.0,6,0.261,8,0.348,3,0.13,5,0.217,1,0.043
1628378,Donovan Mitchell,1610612739,CLE,61,38,23,2043.0,858,237,411,0.577,92,106,0.868,581,0.677,309,0.36,76,0.089,54,0.063,53,0.062
1628978,Donte DiVincenzo,1610612750,MIN,70,43,27,2155.0,244,36,85,0.424,21,28,0.75,96,0.393,124,0.508,28,0.115,17,0.07,14,0.057
1627827,Dorian Finney-Smith,1610612745,HOU,32,20,12,562.0,22,4,6,0.667,0,0,0.0,9,0.409,13,0.591,6,0.273,3,0.136,0,0.0
203926,Doug McDermott,1610612758,SAC,18,4,14,220.0,9,0,0,0.0,0,0,0.0,0,0.0,6,0.667,1,0.111,2,0.222,0,0.0
1642962,Drake Powell,1610612751,BKN,52,13,39,1011.0,187,35,76,0.461,24,24,1.0,95,0.508,78,0.417,14,0.075,18,0.096,13,0.07
203110,Draymond Green,1610612744,GSW,56,27,29,1524.0,145,29,50,0.58,11,15,0.733,70,0.483,66,0.455,13,0.09,15,0.103,8,0.055
1629234,Drew Eubanks,1610612758,SAC,42,10,32,552.0,22,5,11,0.455,3,6,0.5,13,0.591,5,0.227,0,0.0,3,0.136,3,0.136
1641809,Drew Peterson,1610612766,CHA,6,1,5,64.0,7,1,3,0.333,1,2,0.5,3,0.429,3,0.429,1,0.143,0,0.0,1,0.143
1631166,Drew Timme,1610612747,LAL,21,13,8,179.0,13,5,8,0.625,0,2,0.0,10,0.769,3,0.231,0,0.0,1,0.077,1,0.077
1630696,Dru Smith,1610612748,MIA,66,36,30,1115.0,240,52,108,0.481,35,42,0.833,145,0.604,85,0.354,19,0.079,17,0.071,21,0.088
1629130,Duncan Robinson,1610612765,DET,67,49,18,1847.0,188,36,74,0.486,17,18,0.944,92,0.489,93,0.495,28,0.149,10,0.053,9,0.048
1641871,Duop Reath,1610612757,POR,32,16,16,258.0,15,3,7,0.429,3,4,0.75,9,0.6,5,0.333,1,0.067,1,0.067,2,0.133
203939,Dwight Powell,1610612742,DAL,53,16,37,713.0,11,4,5,0.8,2,4,0.5,10,0.909,4,0.364,1,0.091,0,0.0,2,0.182
1642928,Dylan Cardwell,1610612758,SAC,32,9,23,662.0,5,0,2,0.0,0,0,0.0,0,0.0,3,0.6,2,0.4,0,0.0,0,0.0
1642844,Dylan Harper,1610612759,SAS,57,43,14,1265.0,472,122,223,0.547,26,34,0.765,276,0.585,196,0.415,50,0.106,27,0.057,17,0.036
1630700,Dyson Daniels,1610612737,ATL,65,37,28,2164.0,671,110,242,0.455,14,23,0.609,239,0.356,364,0.542,96,0.143,36,0.054,13,0.019
1630604,E.J. Liddell,1610612751,BKN,16,2,14,122.0,14,6,10,0.6,0,0,0.0,12,0.857,2,0.143,1,0.071,2,0.143,0,0.0
1642856,Egor Dëmin,1610612751,BKN,52,14,38,1308.0,162,25,64,0.391,8,8,1.0,60,0.37,77,0.475,18,0.111,10,0.062,5,0.031
1641989,Elijah Harkless,1610612762,UTA,21,5,16,380.0,70,9,24,0.375,11,14,0.786,30,0.429,32,0.457,10,0.143,7,0.1,7,0.1
1641801,Emanuel Miller,1610612759,SAS,5,0,5,33.0,5,1,3,0.333,1,2,0.5,3,0.6,1,0.2,0,0.0,0,0.0,1,0.2
1642402,Enrique Freeman,1610612750,MIN,2,1,1,8.0,0,0,0,0.0,0,0,0.0,0,0.0,0,0.0,0,0.0,0,0.0,0,0.0
201569,Eric Gordon,1610612755,PHI,6,3,3,74.0,10,4,7,0.571,1,2,0.5,9,0.9,1,0.1,0,0.0,1,0.1,1,0.1
1630679,Ethan Thompson,1610612754,IND,24,5,19,417.0,53,10,19,0.526,1,2,0.5,21,0.396,24,0.453,9,0.17,5,0.094,1,0.019
1630596,Evan Mobley,1610612739,CLE,55,33,22,1785.0,410,109,202,0.54,41,70,0.586,274,0.668,146,0.356,23,0.056,16,0.039,36,0.088
1630532,Franz Wagner,1610612753,ORL,28,16,12,891.0,304,76,165,0.461,57,74,0.77,214,0.704,78,0.257,24,0.079,15,0.049,38,0.125
1641713,GG Jackson,1610612763,MEM,46,15,31,952.0,263,74,136,0.544,33,46,0.717,189,0.719,74,0.281,14,0.053,21,0.08,24,0.091
1629216,Gabe Vincent,1610612737,ATL,41,28,13,709.0,56,9,23,0.391,2,2,1.0,21,0.375,29,0.518,8,0.143,3,0.054,1,0.018
202066,Garrett Temple,1610612761,TOR,17,8,9,52.0,3,0,1,0.0,0,0,0.0,0,0.0,1,0.333,0,0.0,0,0.0,0,0.0
1629726,Garrison Mathews,1610612754,IND,15,4,11,196.0,13,1,3,0.333,9,10,0.9,11,0.846,4,0.308,2,0.154,0,0.0,5,0.385
203914,Gary Harris,1610612749,MIL,45,15,30,617.0,40,8,15,0.533,2,2,1.0,20,0.5,20,0.5,4,0.1,3,0.075,1,0.025
1627780,Gary Payton II,1610612744,GSW,62,29,33,907.0,55,18,32,0.563,3,6,0.5,40,0.727,17,0.309,4,0.073,3,0.055,3,0.055
1629018,Gary Trent Jr.,1610612749,MIL,57,22,35,1192.0,73,19,51,0.373,3,6,0.5,43,0.589,16,0.219,5,0.068,3,0.041,3,0.041
203507,Giannis Antetokounmpo,1610612749,MIL,36,17,19,1039.0,362,107,161,0.665,68,106,0.642,293,0.809,107,0.296,28,0.077,19,0.052,54,0.149
1629048,Goga Bitadze,1610612753,ORL,51,27,24,761.0,4,2,2,1.0,0,0,0.0,5,1.25,1,0.25,0,0.0,1,0.25,0,0.0
1641711,Gradey Dick,1610612761,TOR,64,36,28,959.0,105,19,49,0.388,8,10,0.8,48,0.457,42,0.4,8,0.076,7,0.067,5,0.048
1641761,Grant Nelson,1610612751,BKN,4,0,4,35.0,6,1,3,0.333,1,2,0.5,3,0.5,1,0.167,0,0.0,1,0.167,1,0.167
1629684,Grant Williams,1610612766,CHA,26,18,8,508.0,30,6,13,0.462,1,2,0.5,14,0.467,11,0.367,6,0.2,4,0.133,1,0.033
1628960,Grayson Allen,1610612756,PHX,44,24,20,1312.0,482,70,150,0.467,64,76,0.842,208,0.432,246,0.51,58,0.12,29,0.06,38,0.079
1627824,Guerschon Yabusele,1610612741,CHI,59,30,29,808.0,73,17,33,0.515,15,18,0.833,49,0.671,22,0.301,6,0.082,7,0.096,9,0.123
1630611,Gui Santos,1610612744,GSW,58,26,32,1099.0,224,40,67,0.597,12,16,0.75,95,0.424,115,0.513,31,0.138,22,0.098,8,0.036
203084,Harrison Barnes,1610612759,SAS,65,47,18,1723.0,244,70,131,0.534,39,42,0.929,184,0.754,70,0.287,18,0.074,17,0.07,21,0.086
1631127,Harrison Ingram,1610612759,SAS,5,4,1,17.0,4,1,1,1.0,0,0,0.0,2,0.5,2,0.5,1,0.25,1,0.25,0,0.0
1629312,Haywood Highsmith,1610612756,PHX,6,3,3,80.0,8,2,3,0.667,0,0,0.0,4,0.5,5,0.625,3,0.375,0,0.0,0,0.0
1630529,Herbert Jones,1610612740,NOP,48,22,26,1388.0,198,44,100,0.44,25,26,0.962,114,0.576,65,0.328,22,0.111,15,0.076,13,0.066
1642864,Hugo González,1610612738,BOS,64,43,21,980.0,71,19,37,0.514,2,4,0.5,40,0.563,25,0.352,5,0.07,6,0.085,2,0.028
1630621,Hunter Dickinson,1610612740,NOP,1,0,1,5.0,0,0,0,0.0,0,0,0.0,0,0.0,0,0.0,0,0.0,0,0.0,0,0.0
1642282,Hunter Sallis,1610612755,PHI,7,3,4,26.0,11,2,4,0.5,1,2,0.5,5,0.455,5,0.455,0,0.0,1,0.091,1,0.091
1641816,Hunter Tyson,1610612743,DEN,21,15,6,162.0,27,3,10,0.3,4,4,1.0,11,0.407,12,0.444,5,0.185,3,0.111,2,0.074
1630193,Immanuel Quickley,1610612761,TOR,65,38,27,2114.0,695,119,248,0.48,82,92,0.891,335,0.482,354,0.509,83,0.119,31,0.045,46,0.066
1642403,Isaac Jones,1610612765,DET,5,3,2,24.0,0,0,0,0.0,0,0,0.0,0,0.0,0,0.0,0,0.0,0,0.0,0,0.0
1630171,Isaac Okoro,1610612741,CHI,55,25,30,1480.0,196,31,71,0.437,31,38,0.816,95,0.485,85,0.434,14,0.071,12,0.061,20,0.102
1642268,Isaiah Collier,1610612762,UTA,59,16,43,1517.0,681,128,266,0.481,67,88,0.761,335,0.492,311,0.457,87,0.128,50,0.073,44,0.065
1642384,Isaiah Crawford,1610612745,HOU,11,5,6,67.0,4,2,2,1.0,2,2,1.0,6,1.5,1,0.25,1,0.25,0,0.0,1,0.25
1628392,Isaiah Hartenstein,1610612760,OKC,38,31,7,951.0,25,7,14,0.5,1,2,0.5,15,0.6,7,0.28,4,0.16,3,0.12,1,0.04
1630543,Isaiah Jackson,1610612746,LAC,51,16,35,838.0,40,8,22,0.364,8,12,0.667,26,0.65,7,0.175,0,0.0,2,0.05,6,0.15
1630198,Isaiah Joe,1610612760,OKC,61,47,14,1335.0,157,19,41,0.463,20,24,0.833,64,0.408,90,0.573,18,0.115,6,0.038,13,0.083
1630587,Isaiah Livers,1610612756,PHX,34,20,14,333.0,14,2,4,0.5,0,0,0.0,4,0.286,8,0.571,3,0.214,0,0.0,0,0.0
1641815,Isaiah Stevens,1610612758,SAC,3,0,3,43.0,7,1,3,0.333,0,0,0.0,2,0.286,3,0.429,0,0.0,1,0.143,0,0.0
1630191,Isaiah Stewart,1610612765,DET,55,39,16,1273.0,53,13,30,0.433,4,4,1.0,30,0.566,15,0.283,4,0.075,6,0.113,2,0.038
1627826,Ivica Zubac,1610612754,IND,48,17,31,1447.0,33,12,16,0.75,2,4,0.5,28,0.848,5,0.152,0,0.0,5,0.152,2,0.061
1631120,JD Davison,1610612745,HOU,25,20,5,184.0,44,7,19,0.368,3,6,0.5,17,0.386,20,0.455,7,0.159,2,0.045,3,0.068
1629630,Ja Morant,1610612763,MEM,20,7,13,568.0,314,68,154,0.442,51,58,0.879,194,0.618,96,0.306,25,0.08,19,0.061,31,0.099
1642266,Ja'Kobe Walter,1610612761,TOR,58,34,24,1096.0,69,10,25,0.4,1,4,0.25,24,0.348,34,0.493,6,0.087,4,0.058,2,0.029
1631095,Jabari Smith Jr.,1610612745,HOU,64,38,26,2238.0,205,51,109,0.468,22,28,0.786,130,0.634,61,0.298,10,0.049,16,0.078,15,0.073
1631133,Jabari Walker,1610612755,PHI,56,31,25,701.0,46,7,19,0.368,5,8,0.625,21,0.457,16,0.348,6,0.13,6,0.13,4,0.087
1631210,Jacob Toppin,1610612737,ATL,5,3,2,17.0,4,1,2,0.5,0,0,0.0,2,0.5,2,0.5,0,0.0,0,0.0,0,0.0
1630702,Jaden Hardy,1610612764,WAS,48,12,36,709.0,172,42,92,0.457,25,34,0.735,111,0.645,44,0.256,10,0.058,17,0.099,18,0.105
1631093,Jaden Ivey,1610612741,CHI,37,23,14,670.0,112,16,33,0.485,14,18,0.778,48,0.429,55,0.491,18,0.161,10,0.089,9,0.08
1630183,Jaden McDaniels,1610612750,MIN,68,41,27,2152.0,423,112,225,0.498,46,54,0.852,275,0.65,128,0.303,42,0.099,30,0.071,27,0.064
1630256,Jae'Sean Tate,1610612745,HOU,34,24,10,287.0,31,9,21,0.429,0,0,0.0,18,0.581,10,0.323,4,0.129,0,0.0,0,0.0
1642942,Jahmai Mashack,1610612763,MEM,24,9,15,449.0,76,14,33,0.424,2,4,0.5,30,0.395,36,0.474,7,0.092,5,0.066,2,0.026
1642443,Jahmir Young,1610612748,MIA,11,8,3,51.0,17,5,9,0.556,1,1,1.0,12,0.706,7,0.412,2,0.118,1,0.059,1,0.059
1643141,Jahmyl Telfort,1610612746,LAC,8,2,6,32.0,2,0,0,0.0,0,2,0.0,0,0.0,1,0.5,0,0.0,0,0.0,1,0.5
1631170,Jaime Jaquez Jr.,1610612748,MIA,64,36,28,1830.0,886,178,373,0.477,68,89,0.764,433,0.489,401,0.453,84,0.095,46,0.052,46,0.052
1631222,Jake LaRavia,1610612747,LAL,70,45,25,1732.0,211,35,85,0.412,32,46,0.696,107,0.507,82,0.389,21,0.1,18,0.085,24,0.114
1627751,Jakob Poeltl,1610612761,TOR,33,20,13,845.0,15,3,6,0.5,1,2,0.5,7,0.467,6,0.4,0,0.0,2,0.133,1,0.067
1628973,Jalen Brunson,1610612752,NYK,64,43,21,2231.0,946,266,521,0.511,112,136,0.824,667,0.705,298,0.315,62,0.066,36,0.038,69,0.073
1631105,Jalen Duren,1610612765,DET,59,41,18,1637.0,214,73,130,0.562,52,66,0.788,209,0.977,33,0.154,4,0.019,9,0.042,34,0.159
1630224,Jalen Green,1610612756,PHX,22,12,10,561.0,232,48,114,0.421,26,36,0.722,126,0.543,78,0.336,19,0.082,18,0.078,18,0.078
1630552,Jalen Johnson,1610612737,ATL,62,36,26,2187.0,825,183,393,0.466,97,129,0.752,482,0.584,298,0.361,84,0.102,52,0.063,66,0.08
1629618,Jalen Pickett,1610612743,DEN,44,28,16,736.0,147,22,45,0.489,0,0,0.0,46,0.313,94,0.639,20,0.136,6,0.041,0,0.0
1641771,Jalen Slawson,1610612754,IND,5,0,5,128.0,23,2,7,0.286,1,2,0.5,6,0.261,11,0.478,3,0.13,3,0.13,1,0.043
1630188,Jalen Smith,1610612741,CHI,51,25,26,1064.0,61,15,31,0.484,12,16,0.75,43,0.705,17,0.279,3,0.049,5,0.082,8,0.131
1630591,Jalen Suggs,1610612753,ORL,46,27,19,1234.0,313,64,123,0.52,28,34,0.824,159,0.508,147,0.47,33,0.105,22,0.07,17,0.054
1631114,Jalen Williams,1610612760,OKC,26,19,7,755.0,374,98,192,0.51,42,52,0.808,241,0.644,126,0.337,37,0.099,22,0.059,26,0.07
1630592,Jalen Wilson,1610612751,BKN,45,8,37,638.0,134,21,55,0.382,20,24,0.833,66,0.493,53,0.396,4,0.03,9,0.067,13,0.097
1631288,Jamal Cain,1610612753,ORL,27,15,12,215.0,31,8,17,0.471,4,6,0.667,20,0.645,6,0.194,2,0.065,5,0.161,3,0.097
1627750,Jamal Murray,1610612743,DEN,65,38,27,2273.0,810,223,412,0.541,81,93,0.871,550,0.679,285,0.352,92,0.114,51,0.063,46,0.057
1642347,Jamal Shead,1610612761,TOR,68,39,29,1494.0,416,51,133,0.383,36,46,0.783,142,0.341,229,0.55,67,0.161,24,0.058,23,0.055
1631123,Jamaree Bouyea,1610612756,PHX,36,18,18,527.0,159,40,78,0.513,8,10,0.8,90,0.566,62,0.39,16,0.101,9,0.057,5,0.031
201935,James Harden,1610612739,CLE,60,33,27,2097.0,848,182,367,0.496,160,190,0.842,538,0.634,311,0.367,100,0.118,52,0.061,96,0.113
1630164,James Wiseman,1610612754,IND,4,0,4,58.0,0,0,0,0.0,0,0,0.0,0,0.0,0,0.0,0,0.0,0,0.0,0,0.0
1642364,Jamir Watkins,1610612764,WAS,37,9,28,699.0,48,13,25,0.52,7,8,0.875,33,0.688,15,0.313,3,0.063,4,0.083,4,0.083
1642419,Jamison Battle,1610612761,TOR,50,29,21,440.0,19,5,9,0.556,0,0,0.0,11,0.579,10,0.526,2,0.105,0,0.0,0,0.0
1641716,Jarace Walker,1610612754,IND,69,14,55,1765.0,388,81,195,0.415,57,79,0.722,224,0.577,119,0.307,28,0.072,27,0.07,40,0.103
1642272,Jared McCain,1610612760,OKC,55,37,18,958.0,253,55,131,0.42,27,32,0.844,138,0.545,88,0.348,16,0.063,11,0.043,16,0.063
1628991,Jaren Jackson Jr.,1610612762,UTA,48,19,29,1455.0,372,136,252,0.54,61,79,0.772,350,0.941,42,0.113,8,0.022,29,0.078,41,0.11
1629020,Jarred Vanderbilt,1610612747,LAL,55,33,22,978.0,54,8,20,0.4,2,2,1.0,19,0.352,25,0.463,4,0.074,4,0.074,1,0.019
1628386,Jarrett Allen,1610612739,CLE,51,33,18,1405.0,80,29,48,0.604,17,20,0.85,76,0.95,14,0.175,3,0.038,7,0.088,10,0.125
1642859,Jase Richardson,1610612753,ORL,46,21,25,519.0,121,28,60,0.467,8,14,0.571,67,0.554,47,0.388,9,0.074,6,0.05,7,0.058
1642914,Javon Small,1610612763,MEM,33,12,21,626.0,142,20,52,0.385,11,14,0.786,57,0.401,66,0.465,21,0.148,9,0.063,8,0.056
1631451,Javonte Cooke,1610612757,POR,19,6,13,94.0,16,0,5,0.0,2,2,1.0,2,0.125,8,0.5,2,0.125,2,0.125,1,0.063
1629750,Javonte Green,1610612765,DET,69,50,19,1224.0,44,6,24,0.25,6,8,0.75,19,0.432,12,0.273,3,0.068,3,0.068,4,0.091
1629637,Jaxson Hayes,1610612747,LAL,58,38,20,1019.0,18,9,12,0.75,2,4,0.5,21,1.167,2,0.111,1,0.056,0,0.0,2,0.111
1630643,Jay Huff,1610612754,IND,70,15,55,1448.0,140,46,67,0.687,16,20,0.8,115,0.821,50,0.357,9,0.064,9,0.064,10,0.071
1627759,Jaylen Brown,1610612738,BOS,62,40,22,2116.0,1175,316,585,0.54,157,199,0.789,818,0.696,356,0.303,96,0.082,81,0.069,101,0.086
1641740,Jaylen Clark,1610612750,MIN,60,35,25,749.0,76,20,46,0.435,14,22,0.636,60,0.789,13,0.171,2,0.026,4,0.053,12,0.158
1642377,Jaylen Wells,1610612763,MEM,66,24,42,1756.0,289,60,125,0.48,41,52,0.788,163,0.564,108,0.374,31,0.107,17,0.059,26,0.09
1631119,Jaylin Williams,1610612760,OKC,55,45,10,1120.0,68,11,26,0.423,8,10,0.8,34,0.5,28,0.412,8,0.118,6,0.088,5,0.074
1642281,Jaylon Tyson,1610612739,CLE,64,40,24,1727.0,229,51,104,0.49,13,14,0.929,120,0.524,97,0.424,25,0.109,17,0.074,7,0.031
1643257,Jayson Kent,1610612757,POR,1,1,0,3.0,0,0,0,0.0,0,0,0.0,0,0.0,0,0.0,0,0.0,0,0.0,0,0.0
1628369,Jayson Tatum,1610612738,BOS,6,5,1,176.0,60,18,31,0.581,5,6,0.833,42,0.7,22,0.367,6,0.1,4,0.067,3,0.05
201145,Jeff Green,1610612745,HOU,25,17,8,134.0,3,2,3,0.667,0,0,0.0,4,1.333,0,0.0,0,0.0,0,0.0,0,0.0
203924,Jerami Grant,1610612757,POR,54,25,29,1610.0,551,106,232,0.457,96,128,0.75,320,0.581,183,0.332,29,0.053,49,0.089,68,0.123
1642847,Jeremiah Fears,1610612740,NOP,71,25,46,1774.0,676,136,303,0.449,59,72,0.819,345,0.51,269,0.398,47,0.07,46,0.068,36,0.053
1630526,Jeremiah Robinson-Earl,1610612742,DAL,22,8,14,361.0,26,2,13,0.154,4,4,1.0,8,0.308,10,0.385,1,0.038,1,0.038,2,0.077
1631110,Jeremy Sochan,1610612752,NYK,39,27,12,416.0,38,7,10,0.7,3,4,0.75,17,0.447,23,0.605,5,0.132,3,0.079,2,0.053
1630579,Jericho Sims,1610612749,MIL,54,21,33,956.0,11,5,5,1.0,0,0,0.0,10,0.909,4,0.364,1,0.091,1,0.091,0,0.0
1641724,Jett Howard,1610612753,ORL,47,25,22,598.0,96,20,46,0.435,14,14,1.0,55,0.573,41,0.427,8,0.083,1,0.01,7,0.073
1628975,Jevon Carter,1610612753,ORL,40,19,21,608.0,104,10,29,0.345,6,8,0.75,26,0.25,59,0.567,17,0.163,9,0.087,4,0.038
202710,Jimmy Butler III,1610612744,GSW,38,23,15,1182.0,429,72,135,0.533,94,110,0.855,249,0.58,198,0.462,42,0.098,32,0.075,56,0.131
1642866,Joan Beringer,1610612750,MIN,32,17,15,218.0,2,0,0,0.0,0,0,0.0,0,0.0,2,1.0,0,0.0,0,0.0,0,0.0
1629111,Jock Landale,1610612737,ATL,62,31,31,1370.0,19,5,8,0.625,2,2,1.0,12,0.632,9,0.474,3,0.158,0,0.0,1,0.053
204060,Joe Ingles,1610612750,MIN,24,12,12,98.0,16,2,3,0.667,2,2,1.0,6,0.375,9,0.563,2,0.125,3,0.188,1,0.063
203954,Joel Embiid,1610612755,PHI,33,21,12,1029.0,184,42,87,0.483,57,68,0.838,145,0.788,50,0.272,12,0.065,10,0.054,34,0.185
1628381,John Collins,1610612746,LAC,58,25,33,1596.0,149,44,91,0.484,16,20,0.8,108,0.725,32,0.215,7,0.047,14,0.094,10,0.067
1629723,John Konchar,1610612762,UTA,44,17,27,759.0,39,4,6,0.667,3,4,0.75,11,0.282,28,0.718,6,0.154,1,0.026,2,0.051
1642967,John Poulakidas,1610612742,DAL,3,1,2,47.0,1,0,0,0.0,0,0,0.0,0,0.0,1,1.0,0,0.0,0,0.0,0,0.0
1642910,John Tonje,1610612738,BOS,3,3,0,11.0,2,0,0,0.0,2,2,1.0,2,1.0,0,0.0,0,0.0,0,0.0,1,0.5
1641780,Johni Broome,1610612755,PHI,11,5,6,55.0,2,1,2,0.5,0,0,0.0,2,1.0,0,0.0,0,0.0,0,0.0,0,0.0
1642277,Johnny Furphy,1610612754,IND,35,10,25,643.0,64,7,19,0.368,5,8,0.625,20,0.313,31,0.484,7,0.109,6,0.094,4,0.063
1630548,Johnny Juzang,1610612750,MIN,21,13,8,88.0,11,3,6,0.5,1,2,0.5,7,0.636,3,0.273,0,0.0,1,0.091,1,0.091
202685,Jonas Valančiūnas,1610612743,DEN,58,35,23,773.0,30,10,18,0.556,3,4,0.75,23,0.767,7,0.233,0,0.0,2,0.067,2,0.067
1628371,Jonathan Isaac,1610612753,ORL,52,29,23,521.0,18,2,7,0.286,7,10,0.7,11,0.611,4,0.222,0,0.0,1,0.056,5,0.278
1630228,Jonathan Kuminga,1610612737,ATL,26,15,11,612.0,176,38,84,0.452,24,34,0.706,104,0.591,55,0.313,12,0.068,17,0.097,17,0.097
1642367,Jonathan Mogbo,1610612761,TOR,29,13,16,169.0,8,2,5,0.4,0,0,0.0,4,0.5,1,0.125,1,0.125,0,0.0,0,0.0
203903,Jordan Clarkson,1610612752,NYK,60,37,23,1078.0,265,65,139,0.468,30,42,0.714,165,0.623,79,0.298,20,0.075,20,0.075,21,0.079
1630692,Jordan Goodwin,1610612756,PHX,60,34,26,1339.0,198,38,91,0.418,4,4,1.0,80,0.404,82,0.414,24,0.121,22,0.111,2,0.01
1641722,Jordan Hawkins,1610612740,NOP,43,12,31,517.0,48,8,18,0.444,7,8,0.875,23,0.479,24,0.5,6,0.125,2,0.042,4,0.083
1629162,Jordan McLaughlin,1610612759,SAS,36,30,6,221.0,42,7,21,0.333,0,0,0.0,15,0.357,20,0.476,4,0.095,1,0.024,0,0.0
1641757,Jordan Miller,1610612746,LAC,49,29,20,1063.0,322,77,134,0.575,67,88,0.761,223,0.693,118,0.366,30,0.093,18,0.056,44,0.137
1629673,Jordan Poole,1610612740,NOP,35,15,20,843.0,205,29,79,0.367,37,44,0.841,98,0.478,87,0.424,20,0.098,12,0.059,22,0.107
1641775,Jordan Walsh,1610612738,BOS,58,38,20,998.0,72,18,36,0.5,6,10,0.6,42,0.583,25,0.347,5,0.069,5,0.069,5,0.069
1630631,Jose Alvarado,1610612752,NYK,59,22,37,1202.0,252,41,86,0.477,12,14,0.857,95,0.377,141,0.56,40,0.159,14,0.056,7,0.028
1630581,Josh Giddey,1610612741,CHI,48,20,28,1533.0,752,118,254,0.465,84,106,0.792,328,0.436,373,0.496,91,0.121,54,0.072,54,0.072
1630182,Josh Green,1610612766,CHA,46,29,17,765.0,69,9,19,0.474,5,6,0.833,24,0.348,38,0.551,10,0.145,7,0.101,3,0.043
1628404,Josh Hart,1610612752,NYK,56,37,19,1678.0,280,69,139,0.496,17,24,0.708,162,0.579,104,0.371,31,0.111,17,0.061,12,0.043
1631169,Josh Minott,1610612751,BKN,42,22,20,665.0,59,7,22,0.318,5,6,0.833,20,0.339,29,0.492,10,0.169,3,0.051,4,0.068
1629006,Josh Okogie,1610612745,HOU,65,39,26,1199.0,88,10,28,0.357,9,14,0.643,29,0.33,46,0.523,11,0.125,4,0.045,7,0.08
201950,Jrue Holiday,1610612757,POR,41,20,21,1186.0,494,95,183,0.519,25,30,0.833,220,0.445,240,0.486,65,0.132,40,0.081,15,0.03
1630577,Julian Champagnie,1610612759,SAS,70,52,18,1949.0,157,20,51,0.392,15,18,0.833,55,0.35,87,0.554,21,0.134,9,0.057,9,0.057
1641763,Julian Phillips,1610612750,MIN,42,16,26,363.0,19,3,9,0.333,6,6,1.0,13,0.684,4,0.211,0,0.0,3,0.158,3,0.158
1642882,Julian Reese,1610612764,WAS,5,0,5,148.0,9,1,2,0.5,3,4,0.75,5,0.556,1,0.111,0,0.0,3,0.333,2,0.222
1631124,Julian Strawther,1610612743,DEN,46,27,19,691.0,145,39,75,0.52,17,20,0.85,97,0.669,48,0.331,7,0.048,8,0.055,10,0.069
203944,Julius Randle,1610612750,MIN,70,43,27,2309.0,696,178,318,0.56,131,159,0.824,506,0.727,240,0.345,63,0.091,35,0.05,80,0.115
1630551,Justin Champagnie,1610612764,WAS,60,13,47,1167.0,95,18,47,0.383,18,22,0.818,54,0.568,27,0.284,9,0.095,8,0.084,11,0.116
1642348,Justin Edwards,1610612755,PHI,52,30,22,794.0,109,29,52,0.558,11,14,0.786,71,0.651,38,0.349,12,0.11,8,0.073,7,0.064
203994,Jusuf Nurkić,1610612762,UTA,41,14,27,1083.0,43,6,20,0.3,10,12,0.833,22,0.512,10,0.233,0,0.0,5,0.116,6,0.14
1642354,KJ Simpson,1610612743,DEN,17,7,10,246.0,62,12,40,0.3,4,6,0.667,29,0.468,16,0.258,9,0.145,2,0.032,3,0.048
1642955,Kadary Richmond,1610612764,WAS,3,2,1,67.0,11,3,7,0.429,2,2,1.0,8,0.727,2,0.182,1,0.091,0,0.0,1,0.091
1642880,Kam Jones,1610612754,IND,30,4,26,463.0,139,23,51,0.451,4,8,0.5,50,0.36,74,0.532,15,0.108,9,0.065,4,0.029
1626157,Karl-Anthony Towns,1610612752,NYK,65,42,23,2031.0,440,124,236,0.525,116,135,0.859,385,0.875,85,0.193,20,0.045,35,0.08,70,0.159
1631255,Karlo Matković,1610612740,NOP,57,24,33,828.0,26,2,8,0.25,2,4,0.5,6,0.231,14,0.538,1,0.038,1,0.038,2,0.077
1642857,Kasparas Jakučionis,1610612748,MIA,43,24,19,764.0,134,12,36,0.333,15,16,0.938,41,0.306,75,0.56,17,0.127,13,0.097,8,0.06
202695,Kawhi Leonard,1610612746,LAC,54,30,24,1742.0,558,147,292,0.503,100,114,0.877,408,0.731,167,0.299,41,0.073,31,0.056,57,0.102
1630811,Keaton Wallace,1610612737,ATL,47,27,20,478.0,111,20,45,0.444,4,8,0.5,46,0.414,57,0.514,11,0.099,3,0.027,4,0.036
1631099,Keegan Murray,1610612758,SAC,23,5,18,793.0,129,37,74,0.5,6,12,0.5,82,0.636,38,0.295,4,0.031,6,0.047,7,0.054
1642276,Kel'el Ware,1610612748,MIA,65,34,31,1480.0,37,12,24,0.5,5,8,0.625,29,0.784,4,0.108,1,0.027,4,0.108,4,0.108
1629640,Keldon Johnson,1610612759,SAS,70,52,18,1621.0,394,130,230,0.565,34,42,0.81,303,0.769,106,0.269,18,0.046,25,0.063,21,0.053
203482,Kelly Olynyk,1610612759,SAS,37,28,9,336.0,47,9,17,0.529,5,6,0.833,23,0.489,24,0.511,5,0.106,3,0.064,3,0.064
1626162,Kelly Oubre Jr.,1610612755,PHI,41,22,19,1330.0,224,70,143,0.49,48,62,0.774,197,0.879,29,0.129,8,0.036,17,0.076,31,0.138
1629026,Kenrich Williams,1610612760,OKC,46,33,13,731.0,113,22,52,0.423,14,20,0.7,60,0.531,35,0.31,8,0.071,12,0.106,10,0.088
203484,Kentavious Caldwell-Pope,1610612763,MEM,51,20,31,1088.0,152,31,71,0.437,30,34,0.882,93,0.612,54,0.355,15,0.099,6,0.039,17,0.112
1631165,Keon Ellis,1610612739,CLE,61,23,38,1200.0,90,12,33,0.364,6,10,0.6,32,0.356,45,0.5,4,0.044,7,0.078,5,0.056
1642352,Keshad Johnson,1610612748,MIA,25,13,12,203.0,42,7,15,0.467,4,4,1.0,18,0.429,20,0.476,1,0.024,5,0.119,2,0.048
1642933,Keshon Gilbert,1610612737,ATL,3,0,3,48.0,1,0,0,0.0,0,0,0.0,0,0.0,0,0.0,0,0.0,1,1.0,0,0.0
201142,Kevin Durant,1610612745,HOU,65,38,27,2373.0,586,203,358,0.567,68,82,0.829,490,0.836,125,0.213,33,0.056,44,0.075,41,0.07
1628989,Kevin Huerter,1610612765,DET,58,32,26,1278.0,204,44,87,0.506,27,32,0.844,116,0.569,81,0.397,16,0.078,11,0.054,16,0.078
201567,Kevin Love,1610612762,UTA,37,10,27,613.0,19,3,7,0.429,3,4,0.75,9,0.474,7,0.368,1,0.053,3,0.158,2,0.105
1641755,Kevin McCullar Jr.,1610612752,NYK,20,11,9,130.0,22,3,6,0.5,2,2,1.0,8,0.364,11,0.5,6,0.273,4,0.182,1,0.045
1629645,Kevin Porter Jr.,1610612749,MIL,38,18,20,1261.0,636,117,227,0.515,70,82,0.854,314,0.494,324,0.509,91,0.143,29,0.046,41,0.064
1626172,Kevon Looney,1610612740,NOP,18,2,16,251.0,5,0,3,0.0,0,2,0.0,0,0.0,0,0.0,0,0.0,1,0.2,1,0.2
1641718,Keyonte George,1610612762,UTA,54,16,38,1786.0,557,141,311,0.453,127,140,0.907,425,0.763,123,0.221,39,0.07,36,0.065,71,0.127
1642863,Khaman Maluach,1610612756,PHX,35,17,18,260.0,4,0,1,0.0,3,4,0.75,3,0.75,0,0.0,0,0.0,1,0.25,2,0.5
203114,Khris Middleton,1610612742,DAL,52,16,36,1252.0,255,49,105,0.467,23,26,0.885,124,0.486,112,0.439,26,0.102,17,0.067,13,0.051
1630165,Killian Hayes,1610612758,SAC,12,6,6,210.0,38,7,18,0.389,6,6,1.0,20,0.526,14,0.368,3,0.079,3,0.079,3,0.079
202691,Klay Thompson,1610612742,DAL,60,18,42,1315.0,135,22,53,0.415,0,0,0.0,44,0.326,70,0.519,11,0.081,10,0.074,0,0.0
1641738,Kobe Brown,1610612754,IND,51,15,36,707.0,101,22,41,0.537,13,17,0.765,57,0.564,41,0.406,9,0.089,8,0.079,9,0.089
1641723,Kobe Bufkin,1610612747,LAL,11,7,4,90.0,19,5,10,0.5,6,6,1.0,16,0.842,3,0.158,0,0.0,3,0.158,3,0.158
1642920,Kobe Sanders,1610612746,LAC,58,30,28,1192.0,218,39,82,0.476,14,18,0.778,93,0.427,102,0.468,22,0.101,21,0.096,9,0.041
1642886,Koby Brea,1610612756,PHX,5,1,4,23.0,2,0,1,0.0,0,0,0.0,0,0.0,1,0.5,1,0.5,0,0.0,0,0.0
1642851,Kon Knueppel,1610612766,CHA,69,36,33,2189.0,625,128,227,0.564,60,70,0.857,322,0.515,296,0.474,61,0.098,47,0.075,35,0.056
1627739,Kris Dunn,1610612746,LAC,70,34,36,1931.0,305,56,110,0.509,25,32,0.781,140,0.459,151,0.495,42,0.138,21,0.069,16,0.052
1631200,Kris Murray,1610612757,POR,45,20,25,1069.0,151,30,51,0.588,8,16,0.5,68,0.45,76,0.503,10,0.066,12,0.079,8,0.053
204001,Kristaps Porziņģis,1610612744,GSW,23,10,13,544.0,44,6,19,0.316,14,14,1.0,27,0.614,16,0.364,3,0.068,2,0.045,7,0.159
203937,Kyle Anderson,1610612750,MIN,32,10,22,625.0,138,38,73,0.521,15,22,0.682,93,0.674,49,0.355,13,0.094,4,0.029,11,0.08
1642271,Kyle Filipowski,1610612762,UTA,68,21,47,1558.0,226,53,109,0.486,35,50,0.7,147,0.65,66,0.292,18,0.08,17,0.075,25,0.111
1628398,Kyle Kuzma,1610612749,MIL,64,27,37,1691.0,338,84,158,0.532,47,60,0.783,225,0.666,114,0.337,24,0.071,27,0.08,30,0.089
200768,Kyle Lowry,1610612755,PHI,11,6,5,99.0,4,0,0,0.0,0,0,0.0,0,0.0,3,0.75,0,0.0,1,0.25,0,0.0
1642273,Kyshawn George,1610612764,WAS,48,10,38,1391.0,396,82,175,0.469,41,52,0.788,210,0.53,156,0.394,61,0.154,27,0.068,26,0.066
1643018,LJ Cryer,1610612744,GSW,9,3,6,116.0,13,2,2,1.0,2,2,1.0,7,0.538,10,0.769,0,0.0,0,0.0,1,0.077
1630163,LaMelo Ball,1610612766,CHA,60,33,27,1654.0,676,152,347,0.438,47,52,0.904,360,0.533,231,0.342,76,0.112,49,0.072,26,0.038
1642950,Lachlan Olbrich,1610612741,CHI,26,7,19,164.0,14,2,6,0.333,1,4,0.25,5,0.357,6,0.429,2,0.143,0,0.0,2,0.143
1629013,Landry Shamet,1610612752,NYK,45,29,16,1038.0,105,23,47,0.489,9,16,0.563,57,0.543,43,0.41,9,0.086,5,0.048,8,0.076
1626204,Larry Nance Jr.,1610612739,CLE,29,21,8,353.0,13,1,3,0.333,0,0,0.0,2,0.154,9,0.692,0,0.0,1,0.077,0,0.0
1628374,Lauri Markkanen,1610612762,UTA,42,17,25,1443.0,247,69,143,0.483,62,66,0.939,212,0.858,56,0.227,13,0.053,13,0.053,33,0.134
1643133,Lawson Lovering,1610612763,MEM,2,1,1,49.0,0,0,0,0.0,0,0,0.0,0,0.0,0,0.0,0,0.0,0,0.0,0,0.0
2544,LeBron James,1610612747,LAL,49,31,18,1635.0,338,91,179,0.508,38,50,0.76,225,0.666,112,0.331,34,0.101,14,0.041,25,0.074
1641778,Leaky Black,1610612764,WAS,5,0,5,159.0,15,2,4,0.5,2,2,1.0,6,0.4,7,0.467,3,0.2,2,0.133,1,0.067
1631159,Leonard Miller,1610612741,CHI,34,15,19,387.0,48,8,20,0.4,5,6,0.833,21,0.438,17,0.354,3,0.063,5,0.104,3,0.063
1642862,Liam McNeeley,1610612766,CHA,28,10,18,342.0,52,9,23,0.391,10,12,0.833,28,0.538,17,0.327,7,0.135,5,0.096,6,0.115
1630322,Lindy Waters III,1610612759,SAS,35,26,9,245.0,16,2,4,0.5,0,0,0.0,4,0.25,9,0.563,3,0.188,3,0.188,0,0.0
1628366,Lonzo Ball,1610612739,CLE,35,19,16,728.0,52,4,10,0.4,2,2,1.0,10,0.192,36,0.692,10,0.192,4,0.077,1,0.019
1629652,Luguentz Dort,1610612760,OKC,58,45,13,1612.0,162,27,67,0.403,13,20,0.65,68,0.42,69,0.426,17,0.105,12,0.074,10,0.062
1629029,Luka Dončić,1610612747,LAL,58,39,19,2076.0,780,222,366,0.607,142,181,0.785,609,0.781,254,0.326,85,0.109,52,0.067,92,0.118
1630568,Luka Garza,1610612738,BOS,59,39,20,923.0,12,1,5,0.2,3,4,0.75,5,0.417,4,0.333,1,0.083,0,0.0,2,0.167
1628379,Luke Kennard,1610612747,LAL,66,37,29,1373.0,238,33,57,0.579,16,18,0.889,82,0.345,156,0.655,33,0.139,10,0.042,9,0.038
1628436,Luke Kornet,1610612759,SAS,59,44,15,1244.0,4,1,1,1.0,0,0,0.0,2,0.5,3,0.75,0,0.0,0,0.0,0,0.0
1631247,Luke Travers,1610612739,CLE,12,6,6,103.0,18,4,13,0.308,0,0,0.0,9,0.5,5,0.278,2,0.111,0,0.0,0,0.0
1630644,Mac McClung,1610612741,CHI,4,0,4,47.0,15,4,8,0.5,1,2,0.5,9,0.6,5,0.333,1,0.067,1,0.067,1,0.067
1641869,Malachi Smith,1610612751,BKN,3,0,3,45.0,10,3,5,0.6,0,0,0.0,7,0.7,4,0.4,1,0.1,1,0.1,0,0.0
1631103,Malaki Branham,1610612764,WAS,28,7,21,275.0,74,14,34,0.412,19,24,0.792,47,0.635,19,0.257,4,0.054,7,0.095,12,0.162
1642502,Malevy Leons,1610612744,GSW,16,5,11,146.0,19,5,10,0.5,2,2,1.0,12,0.632,7,0.368,0,0.0,1,0.053,1,0.053
1628370,Malik Monk,1610612758,SAC,53,15,38,1165.0,333,58,167,0.347,38,46,0.826,156,0.468,114,0.342,34,0.102,21,0.063,23,0.069
1630699,MarJon Beauchamp,1610612755,PHI,7,2,5,120.0,11,5,7,0.714,3,4,0.75,13,1.182,2,0.182,0,0.0,0,0.0,2,0.182
1631204,Marcus Sasser,1610612765,DET,28,20,8,352.0,53,8,21,0.381,2,2,1.0,19,0.358,24,0.453,6,0.113,4,0.075,1,0.019
203935,Marcus Smart,1610612747,LAL,59,38,21,1694.0,219,51,101,0.505,27,32,0.844,134,0.612,77,0.352,17,0.078,15,0.068,16,0.073
1641813,Mark Sears,1610612749,MIL,7,1,6,26.0,12,2,5,0.4,2,2,1.0,6,0.5,5,0.417,1,0.083,1,0.083,1,0.083
1631109,Mark Williams,1610612756,PHX,56,33,23,1322.0,22,7,18,0.389,3,4,0.75,17,0.773,1,0.045,0,0.0,0,0.0,2,0.091
1628963,Marvin Bagley III,1610612742,DAL,52,14,38,1035.0,97,30,56,0.536,18,28,0.643,81,0.835,14,0.144,2,0.021,9,0.093,14,0.144
203486,Mason Plumlee,1610612759,SAS,17,8,9,139.0,2,0,0,0.0,0,0,0.0,0,0.0,2,1.0,1,0.5,0,0.0,0,0.0
1641824,Matas Buzelis,1610612741,CHI,69,27,42,2004.0,463,108,213,0.507,56,70,0.8,279,0.603,144,0.311,28,0.06,47,0.102,37,0.08
1629680,Matisse Thybulle,1610612757,POR,18,9,9,224.0,39,5,14,0.357,6,6,1.0,16,0.41,17,0.436,6,0.154,5,0.128,3,0.077
1631108,Max Christie,1610612742,DAL,65,21,44,1917.0,336,64,139,0.46,35,42,0.833,167,0.497,134,0.399,24,0.071,27,0.08,21,0.063
1642917,Max Shulga,1610612738,BOS,5,4,1,8.0,1,0,0,0.0,0,0,0.0,0,0.0,1,1.0,1,1.0,0,0.0,0,0.0
1629622,Max Strus,1610612739,CLE,3,2,1,70.0,9,0,0,0.0,2,2,1.0,2,0.222,6,0.667,2,0.222,1,0.111,1,0.111
1628467,Maxi Kleber,1610612747,LAL,35,16,19,383.0,20,9,11,0.818,4,4,1.0,22,1.1,4,0.2,1,0.05,1,0.05,2,0.1
1642875,Maxime Raynaud,1610612758,SAC,62,17,45,1574.0,54,20,37,0.541,8,8,1.0,51,0.944,10,0.185,1,0.019,2,0.037,4,0.074
1642877,Micah Peavy,1610612740,NOP,52,16,36,706.0,106,18,53,0.34,6,8,0.75,44,0.415,41,0.387,12,0.113,6,0.057,4,0.038
1630695,Micah Potter,1610612754,IND,35,7,28,652.0,25,5,11,0.455,0,0,0.0,10,0.4,9,0.36,1,0.04,4,0.16,0,0.0
1629008,Michael Porter Jr.,1610612751,BKN,52,14,38,1689.0,280,72,143,0.503,43,49,0.878,193,0.689,79,0.282,29,0.104,23,0.082,25,0.089
1628969,Mikal Bridges,1610612752,NYK,70,45,25,2334.0,397,79,168,0.47,15,22,0.682,176,0.443,192,0.484,42,0.106,17,0.043,11,0.028
201144,Mike Conley,1610612750,MIN,47,29,18,838.0,119,8,28,0.286,10,14,0.714,26,0.218,78,0.655,25,0.21,5,0.042,7,0.059
1628970,Miles Bridges,1610612766,CHA,65,34,31,2057.0,531,148,314,0.471,81,102,0.794,380,0.716,126,0.237,32,0.06,28,0.053,52,0.098
1642939,Miles Kelly,1610612742,DAL,14,7,7,134.0,4,0,2,0.0,0,0,0.0,0,0.0,1,0.25,1,0.25,0,0.0,0,0.0
1630540,Miles McBride,1610612752,NYK,35,22,13,981.0,127,18,53,0.34,9,12,0.75,45,0.354,65,0.512,10,0.079,3,0.024,6,0.047
1629011,Mitchell Robinson,1610612752,NYK,51,34,17,992.0,5,2,3,0.667,0,0,0.0,4,0.8,0,0.0,0,0.0,2,0.4,0,0.0
1628964,Mo Bamba,1610612762,UTA,4,3,1,44.0,0,0,0,0.0,0,0,0.0,0,0.0,0,0.0,0,0.0,0,0.0,0,0.0
1642885,Mohamed Diawara,1610612752,NYK,59,36,23,505.0,69,13,33,0.394,9,12,0.75,35,0.507,26,0.377,6,0.087,4,0.058,6,0.087
1628420,Monte Morris,1610612754,IND,6,0,6,65.0,14,1,4,0.25,1,2,0.5,3,0.214,8,0.571,1,0.071,1,0.071,1,0.071
1629021,Moritz Wagner,1610612753,ORL,29,17,12,383.0,47,12,31,0.387,10,14,0.714,37,0.787,5,0.106,0,0.0,2,0.043,7,0.149
1630541,Moses Moody,1610612744,GSW,59,29,30,1506.0,177,38,82,0.463,22,26,0.846,100,0.565,63,0.356,13,0.073,11,0.062,13,0.073
1631243,Mouhamed Gueye,1610612737,ATL,65,36,29,994.0,41,6,17,0.353,0,0,0.0,13,0.317,22,0.537,10,0.244,1,0.024,1,0.024
1630619,Moussa Cisse,1610612742,DAL,34,10,24,425.0,5,1,2,0.5,2,2,1.0,4,0.8,0,0.0,0,0.0,1,0.2,1,0.2
1631217,Moussa Diabaté,1610612766,CHA,62,33,29,1603.0,55,15,31,0.484,12,16,0.75,42,0.764,11,0.2,1,0.018,3,0.055,8,0.145
1626167,Myles Turner,1610612749,MIL,64,26,38,1748.0,83,25,50,0.5,15,22,0.682,72,0.867,12,0.145,2,0.024,6,0.072,12,0.145
1642066,Myron Gardner,1610612748,MIA,37,22,15,349.0,69,10,19,0.526,4,4,1.0,25,0.362,45,0.652,9,0.13,2,0.029,3,0.043
1642368,N'Faly Dante,1610612737,ATL,4,3,1,15.0,0,0,0,0.0,0,0,0.0,0,0.0,0,0.0,0,0.0,0,0.0,0,0.0
1641772,Nae'Qwan Tomlin,1610612739,CLE,54,35,19,848.0,45,10,20,0.5,8,10,0.8,28,0.622,16,0.356,6,0.133,1,0.022,5,0.111
1630230,Naji Marshall,1610612742,DAL,67,23,44,1973.0,531,161,294,0.548,79,107,0.738,418,0.787,143,0.269,38,0.072,25,0.047,56,0.105
1631466,Nate Williams,1610612744,GSW,9,2,7,105.0,17,2,6,0.333,2,2,1.0,6,0.353,8,0.471,1,0.059,0,0.0,1,0.059
1629675,Naz Reid,1610612750,MIN,68,42,26,1770.0,242,81,149,0.544,28,39,0.718,195,0.806,51,0.211,21,0.087,20,0.083,20,0.083
1629674,Neemias Queta,1610612738,BOS,65,43,22,1637.0,50,17,37,0.459,2,4,0.5,36,0.72,7,0.14,1,0.02,3,0.06,2,0.04
1629651,Nic Claxton,1610612751,BKN,62,16,46,1764.0,282,90,179,0.503,53,77,0.688,241,0.855,47,0.167,12,0.043,11,0.039,40,0.142
1630208,Nick Richards,1610612741,CHI,46,19,27,665.0,12,4,6,0.667,6,8,0.75,14,1.167,2,0.167,1,0.083,0,0.0,4,0.333
1641733,Nick Smith Jr.,1610612747,LAL,25,12,13,318.0,75,22,47,0.468,0,0,0.0,46,0.613,23,0.307,4,0.053,3,0.04,0,0.0
1629638,Nickeil Alexander-Walker,1610612737,ATL,66,35,31,2195.0,564,122,252,0.484,70,78,0.897,322,0.571,215,0.381,39,0.069,40,0.071,39,0.069
201587,Nicolas Batum,1610612746,LAC,64,33,31,1168.0,1,0,0,0.0,0,0,0.0,0,0.0,1,1.0,0,0.0,0,0.0,0,0.0
1628502,Nigel Hayes-Davis,1610612756,PHX,27,15,12,195.0,20,5,12,0.417,1,2,0.5,11,0.55,5,0.25,0,0.0,1,0.05,1,0.05
203999,Nikola Jokić,1610612743,DEN,54,32,22,1875.0,244,78,125,0.624,38,42,0.905,202,0.828,76,0.311,20,0.082,18,0.074,21,0.086
1631107,Nikola Jović,1610612748,MIA,45,23,22,791.0,163,22,53,0.415,13,24,0.542,60,0.368,79,0.485,18,0.11,14,0.086,12,0.074
1642260,Nikola Topić,1610612760,OKC,5,3,2,53.0,21,2,7,0.286,0,0,0.0,4,0.19,10,0.476,3,0.143,4,0.19,0,0.0
202696,Nikola Vučević,1610612738,BOS,60,32,28,1740.0,164,42,75,0.56,7,8,0.875,94,0.573,66,0.402,15,0.091,9,0.055,5,0.03
1642363,Nique Clifford,1610612758,SAC,66,17,49,1574.0,314,54,132,0.409,23,34,0.676,136,0.433,138,0.439,37,0.118,23,0.073,18,0.057
1642855,Noa Essengue,1610612741,CHI,2,1,1,6.0,0,0,0,0.0,0,0,0.0,0,0.0,0,0.0,0,0.0,0,0.0,0,0.0
1641730,Noah Clowney,1610612751,BKN,62,16,46,1695.0,286,67,139,0.482,81,105,0.771,224,0.783,66,0.231,20,0.07,20,0.07,53,0.185
1642869,Noah Penda,1610612753,ORL,50,26,24,694.0,119,19,52,0.365,11,16,0.688,52,0.437,50,0.42,12,0.101,7,0.059,8,0.067
1642849,Nolan Traore,1610612751,BKN,46,11,35,1015.0,432,75,179,0.419,22,34,0.647,176,0.407,196,0.454,56,0.13,27,0.063,17,0.039
1641807,Norchad Omier,1610612746,LAC,3,3,0,14.0,0,0,0,0.0,0,0,0.0,0,0.0,0,0.0,0,0.0,0,0.0,0,0.0
1626181,Norman Powell,1610612748,MIA,52,27,25,1564.0,527,166,292,0.568,53,64,0.828,399,0.757,161,0.306,33,0.063,27,0.051,32,0.061
1628384,OG Anunoby,1610612752,NYK,56,37,19,1851.0,407,77,149,0.517,64,76,0.842,232,0.57,178,0.437,33,0.081,32,0.079,40,0.098
1630167,Obi Toppin,1610612754,IND,12,0,12,198.0,27,4,8,0.5,7,8,0.875,16,0.593,12,0.444,5,0.185,2,0.074,4,0.148
1630534,Ochai Agbaji,1610612751,BKN,55,26,29,860.0,82,14,33,0.424,9,12,0.75,37,0.451,34,0.415,7,0.085,6,0.073,6,0.073
1641765,Olivier-Maxence Prosper,1610612763,MEM,44,15,29,773.0,105,27,48,0.563,12,16,0.75,69,0.657,39,0.371,6,0.057,10,0.095,8,0.076
1630209,Omer Yurtseven,1610612744,GSW,3,1,2,20.0,0,0,0,0.0,0,0,0.0,0,0.0,0,0.0,0,0.0,0,0.0,0,0.0
1630168,Onyeka Okongwu,1610612737,ATL,63,34,29,1976.0,216,66,133,0.496,33,45,0.733,171,0.792,45,0.208,14,0.065,13,0.06,23,0.106
1631115,Orlando Robinson,1610612753,ORL,4,2,2,25.0,2,0,0,0.0,0,0,0.0,0,0.0,2,1.0,0,0.0,0,0.0,0,0.0
1631131,Oscar Tshiebwe,1610612762,UTA,15,2,13,201.0,6,2,2,1.0,0,0,0.0,4,0.667,4,0.667,0,0.0,0,0.0,0,0.0
1642345,Oso Ighodaro,1610612756,PHX,70,39,31,1511.0,136,35,67,0.522,9,20,0.45,80,0.588,47,0.346,5,0.037,6,0.044,10,0.074
1631172,Ousmane Dieng,1610612749,MIL,44,29,15,685.0,110,19,41,0.463,5,6,0.833,43,0.391,59,0.536,16,0.145,2,0.018,3,0.027
1629023,P.J. Washington,1610612742,DAL,51,14,37,1572.0,283,76,159,0.478,34,52,0.654,196,0.693,69,0.244,18,0.064,23,0.081,26,0.092
1641790,PJ Hall,1610612766,CHA,19,7,12,213.0,3,1,2,0.5,0,0,0.0,2,0.667,0,0.0,0,0.0,1,0.333,0,0.0
1642359,Pacôme Dadiet,1610612752,NYK,24,15,9,90.0,10,0,2,0.0,0,0,0.0,0,0.0,7,0.7,2,0.2,1,0.1,0,0.0
1631094,Paolo Banchero,1610612753,ORL,59,31,28,2057.0,789,165,355,0.465,162,212,0.764,513,0.65,248,0.314,52,0.066,52,0.066,108,0.137
1627783,Pascal Siakam,1610612754,IND,55,14,41,1844.0,706,182,340,0.535,84,114,0.737,465,0.659,257,0.364,51,0.072,35,0.05,57,0.081
1626192,Pat Connaughton,1610612766,CHA,34,20,14,257.0,43,10,18,0.556,3,4,0.75,24,0.558,18,0.419,4,0.093,4,0.093,2,0.047
1630311,Pat Spencer,1610612744,GSW,53,26,27,926.0,269,50,117,0.427,11,16,0.688,111,0.413,122,0.454,25,0.093,16,0.059,8,0.03
1631116,Patrick Baldwin Jr.,1610612758,SAC,7,2,5,58.0,5,1,3,0.333,2,2,1.0,4,0.8,1,0.2,0,0.0,0,0.0,1,0.2
1630172,Patrick Williams,1610612741,CHI,60,21,39,1180.0,229,38,94,0.404,20,26,0.769,97,0.424,101,0.441,19,0.083,15,0.066,13,0.057
202331,Paul George,1610612755,PHI,27,16,11,824.0,144,30,71,0.423,17,18,0.944,79,0.549,54,0.375,15,0.104,5,0.035,9,0.063
1630194,Paul Reed,1610612765,DET,52,37,15,680.0,53,21,36,0.583,5,10,0.5,48,0.906,10,0.189,6,0.113,2,0.038,5,0.094
1630202,Payton Pritchard,1610612738,BOS,67,45,22,2184.0,814,192,345,0.557,44,52,0.846,436,0.536,386,0.474,93,0.114,36,0.044,28,0.034
1642362,Payton Sandfort,1610612760,OKC,1,1,0,5.0,0,0,0,0.0,0,0,0.0,0,0.0,0,0.0,0,0.0,0,0.0,0,0.0
1641796,Pelle Larsson,1610612748,MIA,59,34,25,1516.0,347,72,139,0.518,52,68,0.765,207,0.597,141,0.406,41,0.118,19,0.055,35,0.101
1631250,Pete Nance,1610612749,MIL,36,11,25,422.0,18,3,4,0.75,0,0,0.0,6,0.333,8,0.444,1,0.056,5,0.278,0,0.0
1631212,Peyton Watson,1610612743,DEN,49,31,18,1502.0,274,54,127,0.425,32,45,0.711,144,0.526,97,0.354,25,0.091,22,0.08,23,0.084
1630173,Precious Achiuwa,1610612758,SAC,62,16,46,1418.0,165,51,104,0.49,10,18,0.556,113,0.685,34,0.206,15,0.091,12,0.073,9,0.055
1629656,Quentin Grimes,1610612755,PHI,63,34,29,1888.0,411,75,137,0.547,63,72,0.875,224,0.545,186,0.453,49,0.119,36,0.088,36,0.088
1631245,Quenton Jackson,1610612754,IND,38,7,31,663.0,193,29,65,0.446,33,38,0.868,93,0.482,88,0.456,22,0.114,13,0.067,19,0.098
1642366,Quinten Post,1610612744,GSW,65,32,33,1140.0,75,14,33,0.424,2,4,0.5,31,0.413,33,0.44,5,0.067,5,0.067,2,0.027
1629628,RJ Barrett,1610612761,TOR,44,27,17,1328.0,408,96,187,0.513,61,84,0.726,257,0.63,143,0.35,24,0.059,22,0.054,42,0.103
1642853,Rasheer Fleming,1610612756,PHX,44,24,20,460.0,39,5,14,0.357,1,4,0.25,11,0.282,18,0.462,2,0.051,4,0.103,2,0.051
1642484,RayJ Dennis,1610612737,ATL,16,3,13,180.0,52,7,25,0.28,4,4,1.0,18,0.346,20,0.385,3,0.058,3,0.058,2,0.038
1641712,Rayan Rupert,1610612763,MEM,58,28,30,867.0,117,18,48,0.375,6,8,0.75,42,0.359,56,0.479,7,0.06,6,0.051,4,0.034
1642263,Reed Sheppard,1610612745,HOU,68,41,27,1769.0,331,84,170,0.494,18,20,0.9,188,0.568,130,0.393,28,0.085,19,0.057,10,0.03
1642434,Riley Minix,1610612739,CLE,5,4,1,19.0,5,1,1,1.0,0,0,0.0,2,0.4,3,0.6,1,0.2,1,0.2,0,0.0
1642265,Rob Dillingham,1610612741,CHI,53,26,27,699.0,295,53,123,0.431,9,14,0.643,117,0.397,132,0.447,27,0.092,25,0.085,7,0.024
1629057,Robert Williams III,1610612757,POR,48,23,25,816.0,9,1,2,0.5,2,4,0.5,4,0.444,3,0.333,0,0.0,2,0.222,2,0.222
1642911,Rocco Zikarsky,1610612750,MIN,4,0,4,16.0,1,0,0,0.0,0,0,0.0,0,0.0,1,1.0,0,0.0,0,0.0,0,0.0
1631199,Ron Harper Jr.,1610612738,BOS,22,16,6,246.0,17,5,7,0.714,0,0,0.0,10,0.588,7,0.412,0,0.0,3,0.176,0,0.0
1641842,Ronald Holland II,1610612765,DET,65,46,19,1317.0,205,56,117,0.479,26,30,0.867,146,0.712,47,0.229,12,0.059,19,0.093,15,0.073
1626220,Royce O'Neale,1610612756,PHX,69,39,30,2007.0,149,19,51,0.373,7,8,0.875,45,0.302,75,0.503,26,0.174,16,0.107,4,0.027
203497,Rudy Gobert,1610612750,MIN,67,42,25,2107.0,42,9,20,0.45,2,8,0.25,20,0.476,13,0.31,1,0.024,5,0.119,4,0.095
1629060,Rui Hachimura,1610612747,LAL,58,40,18,1669.0,100,35,68,0.515,8,10,0.8,80,0.8,17,0.17,3,0.03,9,0.09,5,0.05
201566,Russell Westbrook,1610612758,SAC,63,16,47,1826.0,732,119,236,0.504,55,88,0.625,296,0.404,368,0.503,116,0.158,68,0.093,44,0.06
1642346,Ryan Dunn,1610612756,PHX,61,35,26,1181.0,118,14,45,0.311,8,12,0.667,36,0.305,57,0.483,12,0.102,10,0.085,6,0.051
1641750,Ryan Kalkbrenner,1610612766,CHA,57,31,26,1252.0,1,0,0,0.0,0,0,0.0,0,0.0,1,1.0,0,0.0,0,0.0,0,0.0
1642948,Ryan Nembhard,1610612742,DAL,49,18,31,908.0,314,39,102,0.382,8,10,0.8,86,0.274,178,0.567,46,0.146,22,0.07,5,0.016
1631157,Ryan Rollins,1610612749,MIL,67,26,41,2158.0,770,161,315,0.511,39,52,0.75,365,0.474,363,0.471,101,0.131,42,0.055,26,0.034
1630180,Saddiq Bey,1610612740,NOP,64,24,40,1987.0,353,112,212,0.528,80,105,0.762,318,0.901,71,0.201,16,0.045,12,0.034,53,0.15
1630573,Sam Hauser,1610612738,BOS,66,45,21,1625.0,52,11,22,0.5,1,2,0.5,23,0.442,25,0.481,6,0.115,3,0.058,1,0.019
1630241,Sam Merrill,1610612739,CLE,44,30,14,1145.0,104,17,34,0.5,5,6,0.833,42,0.404,61,0.587,20,0.192,4,0.038,3,0.029
1630572,Sandro Mamukelashvili,1610612761,TOR,66,37,29,1446.0,151,38,64,0.594,24,32,0.75,103,0.682,52,0.344,9,0.06,14,0.093,16,0.106
1630583,Santi Aldama,1610612763,MEM,43,19,24,1198.0,218,59,112,0.527,16,22,0.727,137,0.628,82,0.376,22,0.101,7,0.032,11,0.05
1630703,Scoot Henderson,1610612757,POR,18,10,8,420.0,201,29,64,0.453,20,24,0.833,78,0.388,89,0.443,13,0.065,19,0.095,12,0.06
1630567,Scottie Barnes,1610612761,TOR,66,38,28,2255.0,503,142,279,0.509,63,82,0.768,355,0.706,138,0.274,44,0.087,39,0.078,42,0.083
1630590,Scotty Pippen Jr.,1610612763,MEM,10,2,8,212.0,80,13,30,0.433,10,12,0.833,36,0.45,31,0.388,12,0.15,12,0.15,6,0.075
1642951,Sean Pedulla,1610612746,LAC,2,1,1,11.0,3,1,1,1.0,0,0,0.0,2,0.667,2,0.667,1,0.333,0,0.0,0,0.0
203552,Seth Curry,1610612744,GSW,4,0,4,51.0,6,2,3,0.667,0,0,0.0,4,0.667,3,0.5,1,0.167,0,0.0,0,0.0
1631101,Shaedon Sharpe,1610612757,POR,48,22,26,1439.0,545,136,287,0.474,71,86,0.826,356,0.653,151,0.277,29,0.053,39,0.072,44,0.081
1628983,Shai Gilgeous-Alexander,1610612760,OKC,58,47,11,1943.0,1074,295,504,0.585,179,197,0.909,801,0.746,409,0.381,113,0.105,36,0.034,100,0.093
1630536,Sharife Cooper,1610612764,WAS,28,5,23,436.0,153,35,65,0.538,10,12,0.833,82,0.536,67,0.438,20,0.131,11,0.072,6,0.039
1631321,Sidy Cissoko,1610612757,POR,63,31,32,1306.0,173,22,49,0.449,12,18,0.667,57,0.329,88,0.509,15,0.087,18,0.104,9,0.052
1631323,Simone Fontecchio,1610612748,MIA,62,33,29,1055.0,153,17,46,0.37,6,8,0.75,40,0.261,84,0.549,23,0.15,13,0.085,4,0.026
1642883,Sion James,1610612766,CHA,70,36,34,1609.0,226,25,69,0.362,40,50,0.8,95,0.42,108,0.478,22,0.097,20,0.088,26,0.115
1627746,Skal Labissiere,1610612764,WAS,3,2,1,38.0,0,0,0,0.0,0,0,0.0,0,0.0,0,0.0,0,0.0,0,0.0,0,0.0
1642461,Spencer Jones,1610612743,DEN,58,35,23,1326.0,12,6,7,0.857,0,0,0.0,12,1.0,5,0.417,2,0.167,0,0.0,0,0.0
1630649,Stanley Umude,1610612759,SAS,2,2,0,7.0,1,1,1,1.0,0,0,0.0,2,2.0,0,0.0,0,0.0,0,0.0,0,0.0
201939,Stephen Curry,1610612744,GSW,39,23,16,1222.0,311,73,140,0.521,43,46,0.935,197,0.633,124,0.399,22,0.071,12,0.039,23,0.074
1642264,Stephon Castle,1610612759,SAS,59,44,15,1759.0,771,143,302,0.474,102,141,0.723,407,0.528,296,0.384,93,0.121,76,0.099,72,0.093
203500,Steven Adams,1610612745,HOU,32,21,11,730.0,10,3,5,0.6,0,2,0.0,6,0.6,4,0.4,1,0.1,0,0.0,1,0.1
1629004,Svi Mykhailiuk,1610612762,UTA,48,14,34,1123.0,128,22,44,0.5,10,10,1.0,54,0.422,68,0.531,20,0.156,7,0.055,5,0.039
204456,T.J. McConnell,1610612754,IND,51,13,38,880.0,518,118,220,0.536,15,18,0.833,254,0.49,255,0.492,64,0.124,19,0.037,9,0.017
1643007,Taelon Peter,1610612754,IND,31,4,27,348.0,15,3,4,0.75,1,2,0.5,7,0.467,10,0.667,2,0.133,0,0.0,1,0.067
201959,Taj Gibson,1610612763,MEM,3,1,2,29.0,0,0,0,0.0,0,0,0.0,0,0.0,0,0.0,0,0.0,0,0.0,0,0.0
1631106,Tari Eason,1610612745,HOU,46,27,19,1217.0,183,36,98,0.367,10,13,0.769,85,0.464,64,0.35,17,0.093,14,0.077,7,0.038
1627752,Taurean Prince,1610612749,MIL,14,6,8,275.0,24,7,13,0.538,0,0,0.0,15,0.625,8,0.333,2,0.083,1,0.042,0,0.0
1641707,Taylor Hendricks,1610612763,MEM,50,12,38,903.0,96,23,48,0.479,6,12,0.5,55,0.573,31,0.323,11,0.115,9,0.094,6,0.063
1629611,Terance Mann,1610612751,BKN,58,14,44,1413.0,303,52,104,0.5,32,38,0.842,138,0.455,153,0.505,44,0.145,20,0.066,19,0.063
1630545,Terrence Shannon Jr.,1610612750,MIN,31,18,13,363.0,77,13,33,0.394,11,14,0.786,38,0.494,29,0.377,8,0.104,4,0.052,7,0.091
203648,Thanasis Antetokounmpo,1610612749,MIL,28,8,20,94.0,24,3,8,0.375,5,8,0.625,12,0.5,10,0.417,2,0.083,2,0.083,4,0.167
1628418,Thomas Bryant,1610612739,CLE,52,31,21,590.0,7,0,4,0.0,0,0,0.0,0,0.0,1,0.143,0,0.0,2,0.286,0,0.0
1642275,Tidjane Salaün,1610612766,CHA,36,18,18,571.0,63,12,28,0.429,3,4,0.75,27,0.429,26,0.413,5,0.079,7,0.111,2,0.032
203501,Tim Hardaway Jr.,1610612743,DEN,69,41,28,1867.0,114,34,65,0.523,34,42,0.81,103,0.904,24,0.211,9,0.079,2,0.018,21,0.184
202699,Tobias Harris,1610612765,DET,52,36,16,1464.0,193,47,109,0.431,24,26,0.923,124,0.642,59,0.306,12,0.062,7,0.036,13,0.067
1642449,Tolu Smith,1610612765,DET,8,6,2,91.0,5,0,2,0.0,2,2,1.0,2,0.4,1,0.2,0,0.0,1,0.2,1,0.2
1628396,Tony Bradley,1610612754,IND,38,9,29,416.0,11,5,9,0.556,0,0,0.0,10,0.909,2,0.182,1,0.091,0,0.0,0,0.0
1641787,Tosan Evbuomwan,1610612766,CHA,5,4,1,8.0,1,0,1,0.0,0,0,0.0,0,0.0,0,0.0,0,0.0,0,0.0,0,0.0
1641739,Toumani Camara,1610612757,POR,70,34,36,2334.0,305,49,114,0.43,28,38,0.737,131,0.43,123,0.403,24,0.079,36,0.118,20,0.066
1629027,Trae Young,1610612764,WAS,15,2,13,384.0,136,34,59,0.576,27,30,0.9,104,0.765,56,0.412,15,0.11,5,0.037,16,0.118
1631218,Trayce Jackson-Davis,1610612761,TOR,45,24,21,454.0,8,1,1,1.0,2,2,1.0,4,0.5,6,0.75,2,0.25,0,0.0,1,0.125
1642848,Tre Johnson,1610612764,WAS,56,12,44,1348.0,339,81,182,0.445,37,42,0.881,200,0.59,96,0.283,29,0.086,29,0.086,21,0.062
1630200,Tre Jones,1610612741,CHI,53,24,29,1431.0,660,127,238,0.534,65,80,0.813,323,0.489,335,0.508,68,0.103,32,0.048,40,0.061
1630544,Tre Mann,1610612766,CHA,45,24,21,634.0,233,40,104,0.385,13,14,0.929,93,0.399,101,0.433,17,0.073,17,0.073,7,0.03
1630570,Trendon Watford,1610612755,PHI,46,22,24,778.0,184,46,92,0.5,20,26,0.769,118,0.641,56,0.304,9,0.049,16,0.087,15,0.082
1642280,Trentyn Flowers,1610612741,CHI,2,0,2,6.0,0,0,0,0.0,0,0,0.0,0,0.0,0,0.0,0,0.0,0,0.0,0,0.0
1631211,Trevor Keels,1610612748,MIA,4,4,0,5.0,1,0,1,0.0,0,0,0.0,0,0.0,0,0.0,0,0.0,0,0.0,0,0.0
1641725,Trey Alexander,1610612740,NOP,5,1,4,42.0,8,3,5,0.6,0,0,0.0,6,0.75,3,0.375,2,0.25,0,0.0,0,0.0
1641998,Trey Jemison III,1610612752,NYK,11,9,2,61.0,2,1,2,0.5,0,0,0.0,3,1.5,0,0.0,0,0.0,0,0.0,0,0.0
1630530,Trey Murphy III,1610612740,NOP,62,21,41,2196.0,440,92,212,0.434,64,74,0.865,255,0.58,144,0.327,36,0.082,33,0.075,38,0.086
1642400,Tristan Enaruna,1610612739,CLE,6,6,0,34.0,5,0,2,0.0,0,0,0.0,0,0.0,2,0.4,1,0.2,1,0.2,0,0.0
1641774,Tristan Vukcevic,1610612764,WAS,44,8,36,589.0,61,21,36,0.583,14,18,0.778,57,0.934,13,0.213,6,0.098,2,0.033,9,0.148
1641783,Tristan da Silva,1610612753,ORL,64,36,28,1559.0,182,44,101,0.436,18,20,0.9,108,0.593,60,0.33,20,0.11,10,0.055,10,0.055
1629660,Ty Jerome,1610612763,MEM,13,3,10,290.0,131,37,70,0.529,15,18,0.833,94,0.718,45,0.344,18,0.137,7,0.053,9,0.069
1631102,TyTy Washington Jr.,1610612746,LAC,9,5,4,52.0,12,3,4,0.75,0,0,0.0,6,0.5,8,0.667,2,0.167,0,0.0,0,0.0
1631174,Tyler Burton,1610612763,MEM,4,1,3,91.0,13,1,5,0.2,2,4,0.5,4,0.308,5,0.385,1,0.077,1,0.077,2,0.154
1629639,Tyler Herro,1610612748,MIA,23,11,12,707.0,224,78,130,0.6,22,24,0.917,183,0.817,67,0.299,16,0.071,11,0.049,12,0.054
1642278,Tyler Kolek,1610612752,NYK,56,35,21,683.0,238,43,99,0.434,4,6,0.667,90,0.378,116,0.487,28,0.118,16,0.067,3,0.013
1641890,Tyler Smith,1610612742,DAL,2,0,2,11.0,0,0,0,0.0,0,0,0.0,0,0.0,0,0.0,0,0.0,0,0.0,0,0.0
1631213,Tyrese Martin,1610612755,PHI,44,11,33,771.0,171,24,61,0.393,9,12,0.75,57,0.333,88,0.515,18,0.105,9,0.053,6,0.035
1630178,Tyrese Maxey,1610612755,PHI,61,33,28,2334.0,820,234,486,0.481,119,140,0.85,607,0.74,213,0.26,47,0.057,35,0.043,70,0.085
1642878,Tyrese Proctor,1610612739,CLE,42,28,14,436.0,96,20,41,0.488,16,18,0.889,56,0.583,41,0.427,7,0.073,3,0.031,9,0.094
1630623,Tyson Etienne,1610612751,BKN,14,2,12,135.0,18,0,3,0.0,4,4,1.0,4,0.222,11,0.611,2,0.111,1,0.056,2,0.111
1626145,Tyus Jones,1610612743,DEN,61,31,30,925.0,81,25,49,0.51,5,6,0.833,55,0.679,24,0.296,7,0.086,5,0.062,3,0.037
1642845,VJ Edgecombe,1610612755,PHI,62,35,27,2159.0,439,95,244,0.389,36,46,0.783,232,0.528,137,0.312,33,0.075,26,0.059,23,0.052
1641705,Victor Wembanyama,1610612759,SAS,55,42,13,1615.0,309,78,150,0.52,68,86,0.791,230,0.744,71,0.23,21,0.068,35,0.113,43,0.139
1631246,Vince Williams Jr.,1610612762,UTA,40,16,24,819.0,190,26,72,0.361,6,10,0.6,63,0.332,89,0.468,25,0.132,19,0.1,7,0.037
1642884,Vladislav Goldin,1610612748,MIA,5,3,2,14.0,0,0,0,0.0,0,0,0.0,0,0.0,0,0.0,0,0.0,0,0.0,0,0.0
1630249,Vít Krejčí,1610612757,POR,64,31,33,1387.0,167,38,65,0.585,3,6,0.5,80,0.479,80,0.479,15,0.09,10,0.06,3,0.018
1631117,Walker Kessler,1610612762,UTA,5,2,3,154.0,4,1,2,0.5,0,0,0.0,2,0.5,1,0.25,0,0.0,1,0.25,0,0.0
1642383,Walter Clayton Jr.,1610612763,MEM,58,16,42,1135.0,352,46,100,0.46,37,42,0.881,133,0.378,192,0.545,57,0.162,30,0.085,21,0.06
1628976,Wendell Carter Jr.,1610612753,ORL,65,36,29,1925.0,78,28,44,0.636,12,14,0.857,71,0.91,19,0.244,3,0.038,5,0.064,7,0.09
1631111,Wendell Moore Jr.,1610612765,DET,5,4,1,54.0,4,1,2,0.5,0,0,0.0,2,0.5,1,0.25,0,0.0,1,0.25,0,0.0
1642954,Will Richard,1610612744,GSW,59,31,28,1190.0,36,2,7,0.286,2,2,1.0,7,0.194,24,0.667,5,0.139,4,0.111,1,0.028
1642860,Will Riley,1610612764,WAS,61,15,46,1227.0,292,58,135,0.43,40,50,0.8,156,0.534,103,0.353,23,0.079,22,0.075,25,0.086
1630214,Xavier Tillman,1610612766,CHA,24,17,7,148.0,2,1,1,1.0,0,2,0.0,2,1.0,0,0.0,0,0.0,0,0.0,1,0.5
1642905,Yang Hansen,1610612757,POR,39,20,19,277.0,6,0,4,0.0,2,2,1.0,2,0.333,0,0.0,0,0.0,1,0.167,1,0.167
1642949,Yanic Konan Niederhäuser,1610612746,LAC,41,22,19,424.0,19,8,12,0.667,4,4,1.0,20,1.053,1,0.053,0,0.0,4,0.211,2,0.105
1642530,Yuki Kawamura,1610612741,CHI,11,4,7,121.0,40,2,5,0.4,6,6,1.0,10,0.25,30,0.75,8,0.2,2,0.05,3,0.075
1642274,Yves Missi,1610612740,NOP,58,19,39,1110.0,117,39,65,0.6,14,21,0.667,93,0.795,27,0.231,7,0.06,13,0.111,11,0.094
1642258,Zaccharie Risacher,1610612737,ATL,55,31,24,1301.0,118,21,62,0.339,3,8,0.375,46,0.39,40,0.339,10,0.085,7,0.059,4,0.034
1628380,Zach Collins,1610612741,CHI,10,6,4,184.0,4,2,2,1.0,0,0,0.0,4,1.0,1,0.25,0,0.0,1,0.25,0,0.0
1641744,Zach Edey,1610612763,MEM,11,7,4,284.0,1,0,0,0.0,0,0,0.0,0,0.0,0,0.0,0,0.0,0,0.0,0,0.0
203897,Zach LaVine,1610612758,SAC,39,9,30,1224.0,249,55,103,0.534,53,60,0.883,166,0.667,98,0.394,18,0.072,14,0.056,30,0.12
1630192,Zeke Nnaji,1610612743,DEN,47,33,14,575.0,21,9,14,0.643,2,2,1.0,20,0.952,1,0.048,0,0.0,3,0.143,1,0.048
1630533,Ziaire Williams,1610612751,BKN,49,13,36,1116.0,101,17,43,0.395,31,36,0.861,67,0.663,27,0.267,7,0.069,10,0.099,18,0.178
1629627,Zion Williamson,1610612740,NOP,54,22,32,1602.0,739,207,387,0.535,135,184,0.734,571,0.773,185,0.25,35,0.047,43,0.058,95,0.129
1642389,Zyon Pullin,1610612750,MIN,1,1,0,5.0,1,0,0,0.0,0,0,0.0,0,0.0,1,1.0,1,1.0,0,0.0,0,0.0
