PLAYER_ID,PLAYER_NAME,TEAM_ID,TEAM_ABBREVIATION,GP,W,L,MIN,POINTS,DRIVE_PTS,DRIVE_FG_PCT,CATCH_SHOOT_PTS,CATCH_SHOOT_FG_PCT,PULL_UP_PTS,PULL_UP_FG_PCT,PAINT_TOUCH_PTS,PAINT_TOUCH_FG_PCT,POST_TOUCH_PTS,POST_TOUCH_FG_PCT,ELBOW_TOUCH_PTS,ELBOW_TOUCH_FG_PCT,EFF_FG_PCT
1630639,A.J. Lawson,1610612761,TOR,14,6,8,110.0,49,4,0.25,24,0.364,0,0.0,11,1.0,0,0.0,0,0.0,0.488
1631260,AJ Green,1610612749,MIL,65,27,38,1866.0,619,10,0.455,404,0.396,161,0.443,12,0.545,0,0.0,2,0.2,0.597
1642358,AJ Johnson,1610612742,DAL,40,7,33,353.0,112,38,0.314,15,0.179,12,0.211,16,0.714,0,0.0,1,0.0,0.36
203932,Aaron Gordon,1610612743,DEN,28,19,9,768.0,471,86,0.522,117,0.404,84,0.389,133,0.683,29,0.276,30,0.632,0.575
1628988,Aaron Holiday,1610612745,HOU,43,27,16,558.0,233,70,0.529,119,0.381,32,0.265,0,0.0,0,0.0,2,0.333,0.51
1630174,Aaron Nesmith,1610612754,IND,41,9,32,1207.0,557,176,0.469,244,0.389,93,0.351,21,0.4,0,0.0,8,0.444,0.502
1630598,Aaron Wiggins,1610612760,OKC,55,42,13,1258.0,547,146,0.432,201,0.358,82,0.368,66,0.75,0,0.0,19,0.6,0.518
1642846,Ace Bailey,1610612762,UTA,61,18,43,1636.0,783,139,0.523,248,0.322,221,0.419,121,0.679,6,0.5,30,0.636,0.526
1641737,Adem Bona,1610612755,PHI,59,33,26,1025.0,275,23,0.4,6,0.286,0,0.0,171,0.598,2,0.5,24,0.6,0.589
1642876,Adou Thiero,1610612747,LAL,19,11,8,104.0,28,12,0.625,0,0.0,0,0.0,8,0.5,0,0.0,2,1.0,0.476
1642349,Ajay Mitchell,1610612760,OKC,48,42,6,1266.0,682,361,0.531,107,0.308,143,0.508,40,0.741,0,0.0,20,0.833,0.537
201143,Al Horford,1610612744,GSW,43,22,21,933.0,357,24,0.476,222,0.373,13,0.462,66,0.571,32,0.519,28,0.813,0.539
1627936,Alex Caruso,1610612760,OKC,47,39,8,867.0,303,50,0.442,131,0.319,17,0.25,29,0.609,0,0.0,18,0.75,0.51
1631457,Alex Morales,1610612753,ORL,1,0,1,12.0,2,0,0.0,0,0.0,0,0.0,0,0.0,0,0.0,0,0.0,0.5
1642259,Alex Sarr,1610612764,WAS,46,11,35,1260.0,761,151,0.437,148,0.344,54,0.342,264,0.644,34,0.556,147,0.513,0.523
1642918,Alijah Martin,1610612761,TOR,16,6,10,102.0,40,12,0.333,11,0.333,2,0.111,4,0.5,0,0.0,2,1.0,0.397
1631214,Alondes Williams,1610612764,WAS,4,2,2,101.0,44,6,1.0,15,0.417,0,0.0,12,1.0,0,0.0,0,0.0,0.712
1630578,Alperen Sengun,1610612745,HOU,59,36,23,1975.0,1196,365,0.53,112,0.346,114,0.318,270,0.582,199,0.559,170,0.565,0.522
1642873,Amari Williams,1610612738,BOS,19,13,6,120.0,24,0,0.0,0,0.0,0,0.0,15,0.462,0,0.0,6,0.4,0.471
1641708,Amen Thompson,1610612745,HOU,66,39,27,2453.0,1183,413,0.502,75,0.239,94,0.319,348,0.684,0,0.0,57,0.525,0.535
1629599,Amir Coffey,1610612756,PHX,43,18,25,437.0,125,43,0.593,39,0.333,26,0.52,6,1.0,0,0.0,3,1.0,0.554
1643158,Andersson Garcia,1610612762,UTA,5,1,4,169.0,26,8,0.5,3,0.083,0,0.0,6,0.429,0,0.0,4,1.0,0.328
203083,Andre Drummond,1610612755,PHI,51,25,26,1015.0,334,3,0.167,66,0.306,3,0.333,209,0.548,11,0.714,21,0.563,0.518
1641748,Andre Jackson Jr.,1610612749,MIL,37,10,27,219.0,47,2,0.125,15,0.167,3,0.091,12,0.455,0,0.0,4,0.167,0.306
1629614,Andrew Nembhard,1610612754,IND,52,11,41,1621.0,886,360,0.516,170,0.411,326,0.385,22,0.611,2,0.167,10,0.5,0.511
203952,Andrew Wiggins,1610612748,MIA,57,30,27,1765.0,905,190,0.436,286,0.39,153,0.419,129,0.63,38,0.5,26,0.667,0.553
1629014,Anfernee Simons,1610612741,CHI,55,31,24,1372.0,785,212,0.538,255,0.427,311,0.394,13,0.75,0,0.0,11,1.0,0.552
1641710,Anthony Black,1610612753,ORL,60,33,27,1841.0,917,237,0.441,195,0.353,159,0.32,97,0.729,4,0.5,27,0.706,0.516
203076,Anthony Davis,1610612764,WAS,20,10,10,626.0,407,64,0.443,42,0.309,64,0.383,175,0.673,23,0.4,58,0.468,0.521
1630162,Anthony Edwards,1610612750,MIN,58,35,23,2061.0,1710,599,0.588,223,0.49,661,0.41,43,0.514,40,0.417,31,0.545,0.576
1630264,Anthony Gill,1610612764,WAS,42,5,37,568.0,159,22,0.5,26,0.3,4,0.333,67,0.667,2,0.5,20,0.6,0.592
1641810,Antonio Reeves,1610612766,CHA,9,3,6,66.0,27,6,0.6,15,0.5,6,0.5,0,0.0,0,0.0,0,0.0,0.675
1630574,Ariel Hukporti,1610612752,NYK,48,31,17,430.0,88,4,0.4,3,0.111,0,0.0,65,0.658,0,0.0,7,0.375,0.558
1642854,Asa Newell,1610612737,ATL,40,20,20,445.0,201,16,0.538,81,0.397,2,0.25,57,0.703,0,0.0,26,0.929,0.628
1641709,Ausar Thompson,1610612765,DET,60,43,17,1535.0,601,172,0.444,14,0.2,54,0.388,197,0.609,5,0.0,56,0.6,0.521
1630559,Austin Reaves,1610612747,LAL,44,31,13,1513.0,1033,406,0.578,167,0.427,249,0.37,27,0.733,0,0.0,17,0.7,0.573
1630245,Ayo Dosunmu,1610612750,MIN,61,32,29,1615.0,881,238,0.49,277,0.435,94,0.559,42,0.552,0,0.0,24,0.632,0.605
1628389,Bam Adebayo,1610612748,MIA,61,32,29,1949.0,1230,316,0.457,309,0.357,186,0.351,245,0.662,70,0.397,106,0.538,0.499
1631248,Baylor Scheierman,1610612738,BOS,64,44,20,1115.0,312,53,0.595,172,0.387,68,0.458,12,0.75,0,0.0,9,1.0,0.592
1642879,Ben Saraf,1610612751,BKN,32,8,24,587.0,186,99,0.457,30,0.227,11,0.16,8,0.375,0,0.0,4,0.667,0.418
1641767,Ben Sheppard,1610612754,IND,58,13,45,1245.0,405,64,0.453,210,0.372,35,0.311,24,0.556,0,0.0,7,0.333,0.533
1631097,Bennedict Mathurin,1610612746,LAC,44,16,28,1372.0,815,208,0.466,133,0.384,202,0.368,121,0.721,5,0.5,46,0.556,0.492
1643016,Bez Mbeng,1610612762,UTA,4,1,3,122.0,11,4,0.5,3,0.143,0,0.0,2,0.5,0,0.0,0,0.0,0.281
1641731,Bilal Coulibaly,1610612764,WAS,47,13,34,1252.0,519,121,0.333,144,0.324,39,0.304,91,0.691,2,0.0,22,0.727,0.478
202687,Bismack Biyombo,1610612759,SAS,20,16,4,117.0,17,0,0.0,0,0.0,0,0.0,11,0.556,0,0.0,0,0.0,0.545
1642396,Blake Hinson,1610612762,UTA,10,3,7,202.0,96,6,1.0,72,0.511,7,0.3,6,0.429,0,0.0,2,0.25,0.674
1631104,Blake Wesley,1610612757,POR,23,14,9,301.0,120,40,0.486,30,0.345,4,0.118,6,0.5,0,0.0,2,0.5,0.51
1626171,Bobby Portis,1610612749,MIL,66,26,40,1600.0,904,60,0.444,452,0.471,173,0.461,167,0.621,104,0.536,46,0.667,0.581
1641752,Bobi Klintman,1610612765,DET,11,7,4,69.0,20,2,0.333,12,0.308,0,0.0,0,0.0,0,0.0,0,0.0,0.385
203992,Bogdan Bogdanović,1610612746,LAC,20,5,15,421.0,154,45,0.484,36,0.267,74,0.453,4,0.5,0,0.0,0,0.0,0.486
1630538,Bones Hyland,1610612750,MIN,61,38,23,925.0,465,89,0.549,160,0.409,136,0.41,8,0.571,2,1.0,6,1.0,0.587
203078,Bradley Beal,1610612746,LAC,6,2,4,121.0,49,4,0.1,21,0.438,8,0.222,8,0.5,0,0.0,0,0.0,0.448
1642382,Branden Carlson,1610612760,OKC,35,27,8,376.0,170,4,0.25,60,0.323,3,0.25,88,0.778,0,0.0,14,0.6,0.601
1641764,Brandin Podziemski,1610612744,GSW,69,33,36,1941.0,892,242,0.489,244,0.38,233,0.343,68,0.66,4,1.0,29,0.632,0.53
1629634,Brandon Clarke,1610612763,MEM,2,1,1,20.0,8,0,0.0,0,0.0,0,0.0,4,0.5,0,0.0,2,0.5,0.333
1627742,Brandon Ingram,1610612761,TOR,66,38,28,2251.0,1443,423,0.509,348,0.413,524,0.459,105,0.705,49,0.408,36,0.405,0.526
1641706,Brandon Miller,1610612766,CHA,53,33,20,1596.0,1081,283,0.434,368,0.399,289,0.378,86,0.745,5,0.25,40,0.5,0.525
1630314,Brandon Williams,1610612742,DAL,60,21,39,1320.0,769,408,0.509,83,0.25,120,0.434,22,0.727,0,0.0,12,0.5,0.503
1641729,Brice Sensabaugh,1610612762,UTA,66,18,48,1497.0,920,242,0.563,304,0.36,216,0.397,35,0.448,0,0.0,27,0.6,0.547
1642355,Bronny James,1610612747,LAL,32,17,15,224.0,66,10,0.313,17,0.4,31,0.353,6,0.75,0,0.0,0,0.0,0.492
201572,Brook Lopez,1610612746,LAC,63,33,30,1302.0,481,42,0.385,256,0.348,56,0.387,87,0.603,67,0.617,25,0.455,0.515
1642964,Brooks Barnhizer,1610612760,OKC,34,25,9,271.0,47,9,0.364,17,0.333,4,0.2,8,0.667,0,0.0,0,0.0,0.43
1628971,Bruce Brown,1610612743,DEN,70,42,28,1726.0,528,105,0.404,133,0.372,34,0.286,132,0.551,0,0.0,39,0.5,0.513
1631121,Bryce McGowens,1610612740,NOP,42,14,28,880.0,340,111,0.447,99,0.407,39,0.425,23,0.8,0,0.0,5,0.667,0.561
1642267,Bub Carrington,1610612764,WAS,69,16,53,1900.0,688,110,0.398,185,0.378,376,0.443,18,0.615,2,0.25,6,0.75,0.524
1631205,Buddy Boeheim,1610612760,OKC,4,2,2,15.0,6,0,0.0,6,0.5,0,0.0,0,0.0,0,0.0,0,0.0,0.5
1627741,Buddy Hield,1610612737,ATL,46,22,24,775.0,354,51,0.629,162,0.372,51,0.26,38,0.654,0,0.0,24,0.846,0.543
203468,CJ McCollum,1610612737,ATL,64,29,35,1909.0,1193,382,0.502,242,0.374,481,0.432,27,0.786,2,0.5,29,0.769,0.532
1630595,Cade Cunningham,1610612765,DET,61,44,17,2096.0,1497,603,0.498,146,0.347,463,0.415,70,0.556,43,0.541,41,0.654,0.515
1631216,Caleb Houstan,1610612737,ATL,14,9,5,59.0,23,0,0.0,18,0.5,0,0.0,0,0.0,0,0.0,2,0.5,0.625
1631126,Caleb Love,1610612757,POR,45,21,24,999.0,507,130,0.496,210,0.35,117,0.336,12,0.833,0,0.0,10,0.833,0.486
1628997,Caleb Martin,1610612742,DAL,58,20,38,856.0,227,63,0.404,67,0.353,17,0.258,10,0.625,0,0.0,3,0.25,0.503
1642353,Cam Christie,1610612746,LAC,47,22,25,434.0,142,47,0.368,33,0.289,15,0.292,19,0.5,0,0.0,4,1.0,0.429
1642285,Cam Spencer,1610612763,MEM,65,23,42,1546.0,740,153,0.5,205,0.464,338,0.472,27,0.667,0,0.0,10,0.625,0.609
1630560,Cam Thomas,1610612749,MIL,41,11,30,865.0,560,239,0.467,63,0.344,225,0.375,14,0.6,10,0.6,7,0.5,0.467
1641715,Cam Whitmore,1610612764,WAS,21,3,18,354.0,193,27,0.375,18,0.375,38,0.259,48,0.611,4,1.0,10,0.5,0.503
1629661,Cameron Johnson,1610612743,DEN,44,27,17,1340.0,520,68,0.365,214,0.421,73,0.392,40,0.792,0,0.0,22,0.667,0.578
1626166,Cameron Payne,1610612755,PHI,15,7,8,260.0,113,37,0.424,21,0.269,57,0.375,2,0.5,0,0.0,0,0.0,0.459
1627747,Caris LeVert,1610612765,DET,49,35,14,953.0,363,91,0.411,104,0.361,85,0.327,27,0.667,0,0.0,12,0.625,0.502
1642868,Carter Bryant,1610612759,SAS,59,46,13,620.0,229,18,0.273,117,0.339,12,0.238,36,0.696,0,0.0,6,0.429,0.474
1641717,Cason Wallace,1610612760,OKC,67,52,15,1826.0,577,124,0.371,215,0.343,68,0.351,46,0.667,2,1.0,16,0.778,0.508
1642907,Cedric Coward,1610612763,MEM,54,19,35,1403.0,721,181,0.47,185,0.335,106,0.358,125,0.725,7,0.667,23,0.615,0.536
1643052,Chaney Johnson,1610612751,BKN,6,1,5,123.0,47,6,1.0,12,0.444,0,0.0,16,0.75,0,0.0,2,0.333,0.643
1629646,Charles Bassey,1610612738,BOS,4,1,3,37.0,11,0,0.0,0,0.0,0,0.0,9,0.571,0,0.0,1,0.0,0.5
1642404,Chaz Lanier,1610612765,DET,25,21,4,193.0,65,2,0.2,52,0.367,6,0.231,0,0.0,0,0.0,2,1.0,0.455
1631096,Chet Holmgren,1610612760,OKC,60,48,12,1759.0,1034,197,0.512,224,0.371,115,0.435,378,0.75,53,0.636,72,0.577,0.606
1628449,Chris Boucher,1610612738,BOS,9,4,5,94.0,21,0,0.0,6,0.143,0,0.0,8,0.8,0,0.0,2,1.0,0.36
1641753,Chris Livingston,1610612739,CLE,3,2,1,17.0,9,4,1.0,0,0.0,0,0.0,0,0.0,0,0.0,0,0.0,0.571
1643024,Chris Mañon,1610612747,LAL,6,2,4,25.0,2,0,0.0,0,0.0,0,0.0,0,0.0,0,0.0,0,0.0,0.0
101108,Chris Paul,1610612746,LAC,16,4,12,228.0,47,12,0.375,9,0.273,29,0.289,0,0.0,0,0.0,0,0.0,0.411
1642959,Chris Youngblood,1610612757,POR,32,27,5,174.0,65,2,0.0,45,0.319,5,0.286,4,1.0,0,0.0,3,1.0,0.467
1631128,Christian Braun,1610612743,DEN,34,19,15,1088.0,396,25,0.429,88,0.309,20,0.276,109,0.677,1,0.0,44,0.607,0.559
1631132,Christian Koloko,1610612737,ATL,23,13,10,314.0,62,0,0.0,7,0.231,2,1.0,44,0.5,0,0.0,3,0.167,0.444
1642935,Chucky Hepburn,1610612761,TOR,2,0,2,13.0,0,0,0.0,0,0.0,0,0.0,0,0.0,0,0.0,0,0.0,0.0
203991,Clint Capela,1610612745,HOU,62,37,25,776.0,235,9,0.4,0,0.0,0,0.0,197,0.538,4,0.667,34,0.545,0.513
1629632,Coby White,1610612766,CHA,39,21,18,1043.0,692,238,0.516,178,0.387,144,0.331,9,0.8,0,0.0,5,0.5,0.529
1628998,Cody Martin,1610612754,IND,4,0,4,55.0,7,2,0.0,0,0.0,0,0.0,0,0.0,0,0.0,0,0.0,0.2
1642262,Cody Williams,1610612762,UTA,56,15,41,1244.0,408,96,0.476,75,0.269,32,0.364,92,0.721,0,0.0,20,0.474,0.522
1641732,Colby Jones,1610612765,DET,1,0,1,7.0,2,2,1.0,0,0.0,0,0.0,0,0.0,0,0.0,0,0.0,0.333
1630175,Cole Anthony,1610612749,MIL,35,12,23,527.0,234,122,0.487,42,0.318,90,0.41,6,0.5,0,0.0,0,0.0,0.472
1630658,Colin Castleton,1610612753,ORL,1,0,1,10.0,2,0,0.0,0,0.0,0,0.0,2,0.5,0,0.0,0,0.0,0.333
1631221,Collin Gillespie,1610612756,PHX,69,38,31,1998.0,912,159,0.445,365,0.492,380,0.379,19,0.692,0,0.0,11,0.8,0.57
1642867,Collin Murray-Boyles,1610612761,TOR,47,25,22,1046.0,366,27,0.5,54,0.317,5,0.286,184,0.615,10,0.833,47,0.606,0.589
1629012,Collin Sexton,1610612741,CHI,56,22,34,1275.0,813,321,0.522,177,0.423,135,0.346,37,0.667,0,0.0,19,0.5,0.56
1642843,Cooper Flagg,1610612742,DAL,58,19,39,1946.0,1167,512,0.501,87,0.313,274,0.344,117,0.726,17,0.571,58,0.667,0.5
1630557,Corey Kispert,1610612737,ATL,48,21,27,933.0,457,104,0.615,189,0.368,37,0.341,51,0.742,0,0.0,12,0.5,0.576
1642504,Cormac Ryan,1610612749,MIL,1,0,1,8.0,5,0,0.0,3,0.333,0,0.0,0,0.0,0,0.0,0,0.0,0.375
1641854,Craig Porter Jr.,1610612739,CLE,58,39,19,1024.0,258,92,0.447,42,0.35,80,0.395,30,0.6,0,0.0,18,0.615,0.509
1642938,Curtis Jones,1610612743,DEN,6,4,2,31.0,9,2,0.5,5,0.286,0,0.0,2,1.0,0,0.0,2,1.0,0.321
1626156,D'Angelo Russell,1610612764,WAS,26,9,17,495.0,264,100,0.52,56,0.322,103,0.373,6,0.5,2,1.0,0,0.0,0.476
1641747,DaRon Holmes II,1610612743,DEN,19,11,8,194.0,83,4,0.667,55,0.452,3,1.0,7,0.333,0,0.0,0,0.0,0.661
1631342,Daeqwon Plowden,1610612758,SAC,21,6,15,514.0,181,15,0.267,87,0.299,9,0.5,34,0.714,0,0.0,14,0.667,0.491
1630625,Dalano Banton,1610612738,BOS,5,3,2,25.0,10,8,0.375,0,0.0,2,1.0,2,1.0,0,0.0,0,0.0,0.444
1631207,Dalen Terry,1610612755,PHI,43,18,25,511.0,160,35,0.4,57,0.365,14,0.385,10,0.417,0,0.0,7,1.0,0.518
1642261,Dalton Knecht,1610612747,LAL,48,29,19,509.0,201,48,0.553,81,0.325,44,0.455,24,0.625,0,0.0,8,0.8,0.537
1629655,Daniel Gafford,1610612742,DAL,49,11,38,1062.0,455,40,0.484,4,0.667,4,0.4,317,0.709,24,0.647,66,0.643,0.656
1642450,Daniss Jenkins,1610612765,DET,59,44,15,1040.0,455,152,0.39,112,0.447,106,0.308,27,0.75,0,0.0,6,0.333,0.458
1642874,Danny Wolf,1610612751,BKN,55,14,41,1150.0,491,141,0.462,165,0.322,40,0.294,70,0.615,6,0.333,20,0.462,0.483
203967,Dario Saric,1610612758,SAC,5,1,4,41.0,5,0,0.0,3,0.333,0,0.0,0,0.0,0,0.0,0,0.0,0.25
1642468,Darius Brown,1610612739,CLE,1,1,0,3.0,0,0,0.0,0,0.0,0,0.0,0,0.0,0,0.0,0,0.0,0.0
1629636,Darius Garland,1610612746,LAC,34,18,16,1010.0,619,210,0.476,125,0.396,219,0.408,12,0.667,0,0.0,6,1.0,0.54
1642357,David Jones Garcia,1610612759,SAS,11,7,4,68.0,32,19,0.533,3,0.333,6,0.667,2,0.5,0,0.0,0,0.0,0.58
1631223,David Roddy,1610612743,DEN,2,1,1,12.0,2,2,0.0,0,0.0,0,0.0,0,0.0,0,0.0,0,0.0,0.0
1630558,Davion Mitchell,1610612748,MIA,59,33,26,1667.0,534,241,0.547,164,0.41,105,0.439,4,0.5,0,0.0,4,0.667,0.568
1630549,Day'Ron Sharpe,1610612751,BKN,62,17,45,1160.0,540,42,0.5,24,0.229,3,0.143,401,0.671,35,0.55,70,0.66,0.614
1628368,De'Aaron Fox,1610612759,SAS,61,46,15,1916.0,1162,452,0.557,203,0.393,361,0.406,45,0.724,2,0.5,23,0.688,0.554
1629631,De'Andre Hunter,1610612758,SAC,45,24,21,1175.0,615,146,0.478,193,0.333,134,0.397,51,0.688,0,0.0,35,0.737,0.49
1629001,De'Anthony Melton,1610612744,GSW,38,19,19,866.0,499,199,0.507,148,0.36,47,0.224,36,0.529,4,1.0,10,0.556,0.487
201599,DeAndre Jordan,1610612740,NOP,10,6,4,163.0,41,0,0.0,0,0.0,0,0.0,35,0.75,1,0.0,6,1.0,0.696
1630610,DeJon Jarreau,1610612763,MEM,3,1,2,57.0,15,6,0.667,0,0.0,2,0.25,4,1.0,0,0.0,0,0.0,0.5
201942,DeMar DeRozan,1610612758,SAC,69,17,52,2184.0,1283,391,0.556,187,0.418,462,0.457,47,0.76,121,0.494,59,0.524,0.521
1629731,Dean Wade,1610612739,CLE,55,33,22,1235.0,322,20,0.412,196,0.365,13,0.357,47,0.594,0,0.0,25,0.692,0.561
1629028,Deandre Ayton,1610612747,LAL,61,39,22,1682.0,759,32,0.6,72,0.5,8,0.25,588,0.715,53,0.625,139,0.538,0.669
1627749,Dejounte Murray,1610612740,NOP,9,5,4,246.0,175,76,0.66,27,0.45,71,0.552,2,0.5,0,0.0,2,1.0,0.619
1630166,Deni Avdija,1610612757,POR,54,27,27,1802.0,1305,522,0.5,237,0.376,169,0.338,66,0.65,10,0.667,37,0.565,0.521
203471,Dennis Schröder,1610612739,CLE,59,21,38,1479.0,673,290,0.439,170,0.361,149,0.354,5,0.5,0,0.0,2,0.5,0.467
1641726,Dereck Lively II,1610612742,DAL,7,3,4,115.0,30,0,0.0,0,0.0,0,0.0,28,0.733,0,0.0,2,0.25,0.611
1642852,Derik Queen,1610612740,NOP,70,25,45,1731.0,803,294,0.47,79,0.333,86,0.35,199,0.675,35,0.343,68,0.628,0.498
1627884,Derrick Jones Jr.,1610612746,LAC,38,18,20,1039.0,420,50,0.392,134,0.366,12,0.278,107,0.686,0,0.0,30,0.688,0.584
1628401,Derrick White,1610612738,BOS,66,44,22,2260.0,1147,323,0.454,285,0.328,462,0.367,36,0.615,0,0.0,12,0.833,0.49
1630217,Desmond Bane,1610612753,ORL,69,38,31,2356.0,1419,520,0.536,260,0.438,325,0.395,93,0.672,0,0.0,26,0.571,0.559
1626164,Devin Booker,1610612756,PHX,54,32,22,1810.0,1391,536,0.515,139,0.384,542,0.413,52,0.486,15,0.333,28,0.619,0.502
1642269,Devin Carter,1610612758,SAC,27,4,23,386.0,183,70,0.436,18,0.143,18,0.188,34,0.75,0,0.0,6,0.75,0.433
1630170,Devin Vassell,1610612759,SAS,56,43,13,1724.0,798,93,0.448,405,0.414,209,0.441,12,0.556,0,0.0,11,0.6,0.548
1628415,Dillon Brooks,1610612756,PHX,50,30,20,1530.0,1044,350,0.505,229,0.359,436,0.43,40,0.577,52,0.579,15,0.7,0.507
1641794,Dillon Jones,1610612752,NYK,5,4,1,24.0,7,4,0.0,3,0.5,0,0.0,0,0.0,0,0.0,0,0.0,0.3
1627734,Domantas Sabonis,1610612758,SAC,19,3,16,564.0,301,22,0.556,35,0.349,2,0.5,177,0.632,15,0.313,99,0.689,0.554
1631230,Dominick Barlow,1610612755,PHI,58,32,26,1415.0,478,80,0.468,73,0.286,4,0.125,187,0.69,2,1.0,23,0.526,0.568
1642270,Donovan Clingan,1610612757,POR,65,33,32,1774.0,794,6,0.25,204,0.356,8,0.188,500,0.647,19,0.875,45,0.433,0.582
1628378,Donovan Mitchell,1610612739,CLE,61,38,23,2043.0,1711,581,0.577,281,0.416,565,0.394,53,0.649,0,0.0,24,0.846,0.561
1628978,Donte DiVincenzo,1610612750,MIN,70,43,27,2155.0,859,96,0.424,506,0.394,140,0.375,21,0.563,0,0.0,6,1.0,0.562
1627827,Dorian Finney-Smith,1610612745,HOU,32,20,12,562.0,106,9,0.667,72,0.279,3,0.2,18,0.5,0,0.0,0,0.0,0.432
203926,Doug McDermott,1610612758,SAC,18,4,14,220.0,82,0,0.0,72,0.4,6,0.25,2,1.0,0,0.0,2,1.0,0.571
1642962,Drake Powell,1610612751,BKN,52,13,39,1011.0,315,95,0.461,101,0.291,67,0.441,18,0.583,0,0.0,8,0.667,0.49
203110,Draymond Green,1610612744,GSW,56,27,29,1524.0,481,70,0.58,271,0.333,6,0.231,72,0.537,0,0.0,21,0.45,0.518
1629234,Drew Eubanks,1610612758,SAC,42,10,32,552.0,219,13,0.455,19,0.375,16,0.667,141,0.653,4,0.667,47,0.488,0.599
1641809,Drew Peterson,1610612766,CHA,6,1,5,64.0,5,3,0.333,0,0.0,0,0.0,0,0.0,0,0.0,0,0.0,0.125
1631166,Drew Timme,1610612747,LAL,21,13,8,179.0,72,10,0.625,25,0.45,7,0.429,22,0.833,6,0.375,4,0.667,0.667
1630696,Dru Smith,1610612748,MIA,66,36,30,1115.0,386,145,0.481,101,0.315,35,0.395,40,0.5,0,0.0,19,0.692,0.476
1629130,Duncan Robinson,1610612765,DET,67,49,18,1847.0,796,92,0.486,451,0.414,127,0.369,29,0.933,0,0.0,7,0.6,0.598
1641871,Duop Reath,1610612757,POR,32,16,16,258.0,94,9,0.429,69,0.418,0,0.0,14,0.6,3,0.5,6,0.6,0.601
203939,Dwight Powell,1610612742,DAL,53,16,37,713.0,168,10,0.8,5,0.4,0,0.0,93,0.66,0,0.0,35,0.632,0.673
1642928,Dylan Cardwell,1610612758,SAC,32,9,23,662.0,165,0,0.0,4,0.4,2,0.5,141,0.663,1,0.0,22,0.5,0.592
1642844,Dylan Harper,1610612759,SAS,57,43,14,1265.0,635,276,0.547,124,0.372,75,0.35,36,0.552,0,0.0,17,0.5,0.527
1630700,Dyson Daniels,1610612737,ATL,65,37,28,2164.0,756,239,0.455,50,0.198,44,0.5,241,0.674,0,0.0,90,0.71,0.522
1630604,E.J. Liddell,1610612751,BKN,16,2,14,122.0,45,12,0.6,23,0.381,0,0.0,7,1.0,0,0.0,1,0.0,0.597
1642856,Egor Dëmin,1610612751,BKN,52,14,38,1308.0,536,60,0.391,253,0.409,141,0.329,17,0.583,2,1.0,13,0.75,0.537
1641989,Elijah Harkless,1610612762,UTA,21,5,16,380.0,129,30,0.375,45,0.294,14,0.25,6,0.5,0,0.0,0,0.0,0.425
1641801,Emanuel Miller,1610612759,SAS,5,0,5,33.0,15,3,0.333,8,0.429,0,0.0,4,0.667,0,0.0,2,1.0,0.538
1642402,Enrique Freeman,1610612750,MIN,2,1,1,8.0,0,0,0.0,0,0.0,0,0.0,0,0.0,0,0.0,0,0.0,0.0
201569,Eric Gordon,1610612755,PHI,6,3,3,74.0,33,9,0.571,24,0.615,0,0.0,0,0.0,0,0.0,0,0.0,0.762
1630679,Ethan Thompson,1610612754,IND,24,5,19,417.0,123,21,0.526,62,0.313,15,0.25,10,0.556,0,0.0,3,0.5,0.463
1630596,Evan Mobley,1610612739,CLE,55,33,22,1785.0,1004,274,0.54,158,0.316,74,0.352,369,0.743,36,0.452,97,0.536,0.571
1630532,Franz Wagner,1610612753,ORL,28,16,12,891.0,596,214,0.461,81,0.406,107,0.402,62,0.519,13,0.571,26,0.345,0.528
1641713,GG Jackson,1610612763,MEM,46,15,31,952.0,522,189,0.544,117,0.336,55,0.379,56,0.615,1,0.0,18,0.9,0.556
1629216,Gabe Vincent,1610612737,ATL,41,28,13,709.0,182,21,0.391,113,0.373,46,0.293,0,0.0,0,0.0,2,1.0,0.489
202066,Garrett Temple,1610612761,TOR,17,8,9,52.0,9,0,0.0,3,0.167,2,0.333,1,0.0,2,1.0,0,0.0,0.227
1629726,Garrison Mathews,1610612754,IND,15,4,11,196.0,78,11,0.333,51,0.415,2,0.167,0,0.0,0,0.0,4,1.0,0.567
203914,Gary Harris,1610612749,MIL,45,15,30,617.0,116,20,0.533,75,0.455,7,0.214,6,1.0,0,0.0,0,0.0,0.593
1627780,Gary Payton II,1610612744,GSW,62,29,33,907.0,419,40,0.563,93,0.29,11,0.364,198,0.706,0,0.0,38,0.857,0.598
1629018,Gary Trent Jr.,1610612749,MIL,57,22,35,1192.0,424,43,0.373,243,0.384,100,0.323,6,0.5,0,0.0,2,1.0,0.504
203507,Giannis Antetokounmpo,1610612749,MIL,36,17,19,1039.0,993,293,0.665,32,0.423,65,0.265,267,0.741,95,0.592,98,0.597,0.636
1629048,Goga Bitadze,1610612753,ORL,51,27,24,761.0,286,5,1.0,10,0.25,0,0.0,224,0.731,16,1.0,24,0.692,0.694
1641711,Gradey Dick,1610612761,TOR,64,36,28,959.0,400,48,0.388,143,0.316,50,0.344,35,0.609,0,0.0,26,0.733,0.496
1641761,Grant Nelson,1610612751,BKN,4,0,4,35.0,17,3,0.333,0,0.0,0,0.0,8,0.75,0,0.0,1,0.0,0.556
1629684,Grant Williams,1610612766,CHA,26,18,8,508.0,186,14,0.462,115,0.426,16,0.35,18,0.75,3,0.0,6,1.0,0.559
1628960,Grayson Allen,1610612756,PHX,44,24,20,1312.0,756,208,0.467,264,0.383,186,0.328,12,0.714,0,0.0,10,0.8,0.528
1627824,Guerschon Yabusele,1610612741,CHI,59,30,29,808.0,294,49,0.515,166,0.368,13,0.417,30,0.462,7,0.286,14,0.538,0.524
1630611,Gui Santos,1610612744,GSW,58,26,32,1099.0,473,95,0.597,188,0.371,8,0.188,109,0.688,2,0.0,14,0.545,0.593
203084,Harrison Barnes,1610612759,SAS,65,47,18,1723.0,661,184,0.534,324,0.386,49,0.311,43,0.783,7,0.5,12,0.455,0.566
1631127,Harrison Ingram,1610612759,SAS,5,4,1,17.0,9,2,1.0,3,1.0,0,0.0,4,0.667,0,0.0,2,1.0,0.9
1629312,Haywood Highsmith,1610612756,PHX,6,3,3,80.0,33,4,0.667,21,0.636,5,0.5,5,0.5,0,0.0,0,0.0,0.7
1630529,Herbert Jones,1610612740,NOP,48,22,26,1388.0,431,114,0.44,170,0.295,54,0.349,42,0.567,0,0.0,7,0.25,0.464
1642864,Hugo González,1610612738,BOS,64,43,21,980.0,258,40,0.514,105,0.354,6,0.231,62,0.69,0,0.0,14,0.875,0.547
1630621,Hunter Dickinson,1610612740,NOP,1,0,1,5.0,2,0,0.0,2,0.5,0,0.0,0,0.0,0,0.0,0,0.0,0.5
1642282,Hunter Sallis,1610612755,PHI,7,3,4,26.0,7,5,0.5,0,0.0,0,0.0,0,0.0,0,0.0,0,0.0,0.6
1641816,Hunter Tyson,1610612743,DEN,21,15,6,162.0,46,11,0.3,20,0.226,3,0.167,2,0.5,0,0.0,0,0.0,0.337
1630193,Immanuel Quickley,1610612761,TOR,65,38,27,2114.0,1106,335,0.48,419,0.422,259,0.371,41,0.731,0,0.0,23,0.588,0.542
1642403,Isaac Jones,1610612765,DET,5,3,2,24.0,7,0,0.0,0,0.0,0,0.0,4,1.0,0,0.0,0,0.0,0.6
1630171,Isaac Okoro,1610612741,CHI,55,25,30,1480.0,496,95,0.437,165,0.325,23,0.381,86,0.629,2,0.0,18,0.533,0.528
1642268,Isaiah Collier,1610612762,UTA,59,16,43,1517.0,688,335,0.481,47,0.246,96,0.375,20,1.0,2,1.0,14,0.875,0.521
1642384,Isaiah Crawford,1610612745,HOU,11,5,6,67.0,15,6,1.0,6,0.286,0,0.0,0,0.0,0,0.0,0,0.0,0.462
1628392,Isaiah Hartenstein,1610612760,OKC,38,31,7,951.0,368,15,0.5,38,0.452,12,0.462,272,0.671,6,0.6,69,0.551,0.624
1630543,Isaiah Jackson,1610612746,LAC,51,16,35,838.0,338,26,0.364,0,0.0,4,0.25,224,0.629,24,0.8,36,0.615,0.613
1630198,Isaiah Joe,1610612760,OKC,61,47,14,1335.0,670,64,0.463,392,0.424,108,0.43,16,0.625,0,0.0,10,0.667,0.604
1630587,Isaiah Livers,1610612756,PHX,34,20,14,333.0,65,4,0.5,33,0.333,5,0.2,13,0.455,0,0.0,2,1.0,0.459
1641815,Isaiah Stevens,1610612758,SAC,3,0,3,43.0,10,2,0.333,0,0.0,0,0.0,2,1.0,0,0.0,2,1.0,0.429
1630191,Isaiah Stewart,1610612765,DET,55,39,16,1273.0,552,30,0.433,109,0.333,3,0.167,293,0.683,40,0.533,64,0.571,0.592
1627826,Ivica Zubac,1610612754,IND,48,17,31,1447.0,677,28,0.75,28,0.538,2,0.125,437,0.594,127,0.553,123,0.576,0.598
1631120,JD Davison,1610612745,HOU,25,20,5,184.0,55,17,0.368,18,0.3,18,0.381,0,0.0,0,0.0,0,0.0,0.463
1629630,Ja Morant,1610612763,MEM,20,7,13,568.0,389,194,0.442,32,0.289,100,0.326,14,0.875,4,0.333,4,1.0,0.441
1642266,Ja'Kobe Walter,1610612761,TOR,58,34,24,1096.0,383,24,0.4,207,0.375,9,0.174,57,0.556,0,0.0,24,0.9,0.538
1631095,Jabari Smith Jr.,1610612745,HOU,64,38,26,2238.0,993,130,0.468,389,0.362,228,0.467,147,0.629,20,0.529,51,0.5,0.544
1631133,Jabari Walker,1610612755,PHI,56,31,25,701.0,252,21,0.368,90,0.341,2,0.2,99,0.552,0,0.0,14,0.5,0.526
1631210,Jacob Toppin,1610612737,ATL,5,3,2,17.0,8,2,0.5,0,0.0,2,0.5,6,1.0,0,0.0,0,0.0,0.667
1630702,Jaden Hardy,1610612764,WAS,48,12,36,709.0,402,111,0.457,165,0.374,98,0.402,6,1.0,0,0.0,2,0.5,0.53
1631093,Jaden Ivey,1610612741,CHI,37,23,14,670.0,316,48,0.485,122,0.383,68,0.433,35,0.636,0,0.0,9,0.8,0.543
1630183,Jaden McDaniels,1610612750,MIN,68,41,27,2152.0,990,275,0.498,218,0.46,228,0.441,110,0.714,4,0.5,26,0.722,0.584
1630256,Jae'Sean Tate,1610612745,HOU,34,24,10,287.0,92,18,0.429,21,0.333,5,0.286,33,0.75,4,0.5,15,1.0,0.564
1642942,Jahmai Mashack,1610612763,MEM,24,9,15,449.0,119,30,0.424,42,0.304,4,0.154,24,0.5,0,0.0,10,0.385,0.437
1642443,Jahmir Young,1610612748,MIA,11,8,3,51.0,20,12,0.556,6,0.286,0,0.0,0,0.0,0,0.0,0,0.0,0.409
1643141,Jahmyl Telfort,1610612746,LAC,8,2,6,32.0,1,0,0.0,0,0.0,0,0.0,0,0.0,0,0.0,0,0.0,0.0
1631170,Jaime Jaquez Jr.,1610612748,MIA,64,36,28,1830.0,958,433,0.477,118,0.323,86,0.368,123,0.69,18,0.643,35,0.682,0.525
1631222,Jake LaRavia,1610612747,LAL,70,45,25,1732.0,601,107,0.412,180,0.314,46,0.34,161,0.716,2,0.333,37,0.739,0.535
1627751,Jakob Poeltl,1610612761,TOR,33,20,13,845.0,340,7,0.5,30,0.429,0,0.0,222,0.725,5,0.667,85,0.661,0.697
1628973,Jalen Brunson,1610612752,NYK,64,43,21,2231.0,1684,667,0.511,256,0.417,707,0.438,14,0.5,23,0.409,14,0.778,0.533
1631105,Jalen Duren,1610612765,DET,59,41,18,1637.0,1128,209,0.562,4,0.182,28,0.467,669,0.689,55,0.429,171,0.604,0.641
1630224,Jalen Green,1610612756,PHX,22,12,10,561.0,378,126,0.421,75,0.305,149,0.39,9,0.571,0,0.0,8,1.0,0.463
1630552,Jalen Johnson,1610612737,ATL,62,36,26,2187.0,1418,482,0.466,248,0.387,244,0.376,204,0.706,39,0.6,120,0.662,0.54
1629618,Jalen Pickett,1610612743,DEN,44,28,16,736.0,231,46,0.489,106,0.411,56,0.328,14,0.6,0,0.0,6,0.5,0.532
1641771,Jalen Slawson,1610612754,IND,5,0,5,128.0,38,6,0.286,18,0.316,2,0.5,6,0.5,0,0.0,2,1.0,0.469
1630188,Jalen Smith,1610612741,CHI,51,25,26,1064.0,526,43,0.484,238,0.367,5,0.286,151,0.677,8,0.667,45,0.567,0.578
1630591,Jalen Suggs,1610612753,ORL,46,27,19,1234.0,636,159,0.52,207,0.388,141,0.299,40,0.792,2,1.0,2,0.333,0.523
1631114,Jalen Williams,1610612760,OKC,26,19,7,755.0,455,241,0.51,45,0.357,105,0.385,34,0.842,0,0.0,14,0.857,0.507
1630592,Jalen Wilson,1610612751,BKN,45,8,37,638.0,245,66,0.382,132,0.367,13,0.357,13,0.5,0,0.0,0,0.0,0.502
1631288,Jamal Cain,1610612753,ORL,27,15,12,215.0,94,20,0.471,32,0.379,23,0.529,17,0.444,0,0.0,4,0.333,0.535
1627750,Jamal Murray,1610612743,DEN,65,38,27,2273.0,1629,550,0.541,235,0.449,651,0.436,57,0.714,33,0.583,50,0.708,0.563
1642347,Jamal Shead,1610612761,TOR,68,39,29,1494.0,450,142,0.383,160,0.314,91,0.36,20,0.5,0,0.0,6,0.375,0.452
1631123,Jamaree Bouyea,1610612756,PHX,36,18,18,527.0,213,90,0.513,30,0.278,61,0.366,7,0.75,0,0.0,2,1.0,0.516
201935,James Harden,1610612739,CLE,60,33,27,2097.0,1453,538,0.496,155,0.4,516,0.383,18,0.667,18,0.5,12,0.5,0.527
1630164,James Wiseman,1610612754,IND,4,0,4,58.0,13,0,0.0,0,0.0,0,0.0,10,0.714,0,0.0,1,0.0,0.6
1642364,Jamir Watkins,1610612764,WAS,37,9,28,699.0,229,33,0.52,81,0.3,10,0.333,32,0.765,0,0.0,15,0.75,0.54
1642419,Jamison Battle,1610612761,TOR,50,29,21,440.0,149,11,0.556,82,0.452,11,0.267,27,0.565,0,0.0,8,0.8,0.622
1641716,Jarace Walker,1610612754,IND,69,14,55,1765.0,781,224,0.415,284,0.388,139,0.339,48,0.55,3,0.25,23,0.5,0.498
1642272,Jared McCain,1610612760,OKC,55,37,18,958.0,460,138,0.42,180,0.432,141,0.406,5,0.333,0,0.0,4,0.25,0.531
1628991,Jaren Jackson Jr.,1610612762,UTA,48,19,29,1455.0,931,350,0.54,248,0.386,116,0.385,110,0.512,98,0.531,27,0.333,0.534
1629020,Jarred Vanderbilt,1610612747,LAL,55,33,22,978.0,246,19,0.4,78,0.299,0,0.0,86,0.597,0,0.0,10,0.571,0.524
1628386,Jarrett Allen,1610612739,CLE,51,33,18,1405.0,779,76,0.604,47,0.383,8,0.308,487,0.703,38,0.609,166,0.562,0.637
1642859,Jase Richardson,1610612753,ORL,46,21,25,519.0,210,67,0.467,62,0.412,40,0.386,16,0.889,0,0.0,4,0.667,0.542
1642914,Javon Small,1610612763,MEM,33,12,21,626.0,293,57,0.385,49,0.459,103,0.398,21,0.625,0,0.0,7,0.4,0.549
1631451,Javonte Cooke,1610612757,POR,19,6,13,94.0,23,2,0.0,6,0.118,3,0.143,8,0.8,0,0.0,0,0.0,0.256
1629750,Javonte Green,1610612765,DET,69,50,19,1224.0,471,19,0.25,220,0.374,3,0.1,83,0.611,0,0.0,31,0.6,0.543
1629637,Jaxson Hayes,1610612747,LAL,58,38,20,1019.0,389,21,0.75,10,0.8,0,0.0,315,0.724,0,0.0,58,0.719,0.74
1630643,Jay Huff,1610612754,IND,70,15,55,1448.0,661,115,0.687,287,0.305,23,0.5,181,0.769,29,0.667,24,0.4,0.565
1627759,Jaylen Brown,1610612738,BOS,62,40,22,2116.0,1766,818,0.54,186,0.362,590,0.424,56,0.575,40,0.516,25,0.5,0.525
1641740,Jaylen Clark,1610612750,MIN,60,35,25,749.0,231,60,0.435,75,0.329,7,0.2,45,0.581,0,0.0,2,1.0,0.503
1642377,Jaylen Wells,1610612763,MEM,66,24,42,1756.0,846,163,0.48,329,0.377,177,0.417,84,0.593,0,0.0,32,0.778,0.527
1631119,Jaylin Williams,1610612760,OKC,55,45,10,1120.0,411,34,0.423,266,0.392,14,0.318,27,0.529,1,0.0,29,0.611,0.551
1642281,Jaylon Tyson,1610612739,CLE,64,40,24,1727.0,839,120,0.49,392,0.449,40,0.486,142,0.593,0,0.0,65,0.537,0.598
1643257,Jayson Kent,1610612757,POR,1,1,0,3.0,2,0,0.0,0,0.0,0,0.0,2,1.0,0,0.0,0,0.0,1.0
1628369,Jayson Tatum,1610612738,BOS,6,5,1,176.0,124,42,0.581,21,0.5,45,0.293,11,0.5,2,0.333,2,1.0,0.5
201145,Jeff Green,1610612745,HOU,25,17,8,134.0,59,4,0.667,33,0.344,7,0.333,8,0.667,4,0.667,2,0.5,0.528
203924,Jerami Grant,1610612757,POR,54,25,29,1610.0,997,320,0.457,346,0.379,64,0.317,66,0.75,15,0.875,16,0.5,0.541
1642847,Jeremiah Fears,1610612740,NOP,71,25,46,1774.0,926,345,0.449,144,0.314,207,0.36,49,0.6,0,0.0,21,0.667,0.477
1630526,Jeremiah Robinson-Earl,1610612742,DAL,22,8,14,361.0,101,8,0.154,34,0.273,2,0.2,35,0.571,0,0.0,4,0.5,0.42
1631110,Jeremy Sochan,1610612752,NYK,39,27,12,416.0,129,17,0.7,33,0.273,0,0.0,58,0.614,5,0.667,24,0.688,0.522
1630579,Jericho Sims,1610612749,MIL,54,21,33,956.0,219,10,1.0,2,0.2,0,0.0,161,0.852,0,0.0,20,0.75,0.832
1641724,Jett Howard,1610612753,ORL,47,25,22,598.0,253,55,0.435,108,0.346,37,0.359,11,0.444,2,0.0,6,0.75,0.505
1628975,Jevon Carter,1610612753,ORL,40,19,21,608.0,255,26,0.345,128,0.371,88,0.4,5,0.5,0,0.0,2,0.0,0.526
202710,Jimmy Butler III,1610612744,GSW,38,23,15,1182.0,760,249,0.533,84,0.4,68,0.313,200,0.667,29,0.579,45,0.571,0.554
1642866,Joan Beringer,1610612750,MIN,32,17,15,218.0,93,0,0.0,0,0.0,0,0.0,76,0.635,2,1.0,10,0.556,0.641
1629111,Jock Landale,1610612737,ATL,62,31,31,1370.0,662,12,0.625,229,0.397,3,0.143,358,0.598,73,0.525,60,0.591,0.584
204060,Joe Ingles,1610612750,MIN,24,12,12,98.0,19,6,0.667,8,0.5,5,0.5,0,0.0,0,0.0,2,1.0,0.654
203954,Joel Embiid,1610612755,PHI,33,21,12,1029.0,878,145,0.483,195,0.423,187,0.476,146,0.598,118,0.538,93,0.593,0.53
1628381,John Collins,1610612746,LAC,58,25,33,1596.0,801,108,0.484,254,0.442,40,0.4,234,0.745,67,0.738,62,0.765,0.625
1629723,John Konchar,1610612762,UTA,44,17,27,759.0,136,11,0.667,48,0.242,5,0.333,41,0.857,0,0.0,11,0.714,0.517
1642967,John Poulakidas,1610612742,DAL,3,1,2,47.0,13,0,0.0,11,0.4,2,0.333,0,0.0,0,0.0,0,0.0,0.5
1642910,John Tonje,1610612738,BOS,3,3,0,11.0,2,2,0.0,0,0.0,0,0.0,0,0.0,0,0.0,0,0.0,0.0
1641780,Johni Broome,1610612755,PHI,11,5,6,55.0,10,2,0.5,0,0.0,0,0.0,4,0.25,2,0.0,0,0.0,0.167
1642277,Johnny Furphy,1610612754,IND,35,10,25,643.0,180,20,0.368,66,0.324,3,0.167,43,0.679,0,0.0,2,1.0,0.547
1630548,Johnny Juzang,1610612750,MIN,21,13,8,88.0,43,7,0.5,12,0.235,14,0.462,6,1.0,0,0.0,4,1.0,0.5
202685,Jonas Valančiūnas,1610612743,DEN,58,35,23,773.0,480,23,0.556,74,0.447,24,0.462,232,0.601,97,0.587,82,0.579,0.582
1628371,Jonathan Isaac,1610612753,ORL,52,29,23,521.0,134,11,0.286,25,0.205,0,0.0,70,0.609,0,0.0,9,0.429,0.454
1630228,Jonathan Kuminga,1610612737,ATL,26,15,11,612.0,331,104,0.452,65,0.397,41,0.34,62,0.694,10,0.571,17,0.545,0.526
1642367,Jonathan Mogbo,1610612761,TOR,29,13,16,169.0,35,4,0.4,0,0.0,0,0.0,21,0.556,0,0.0,6,0.75,0.533
203903,Jordan Clarkson,1610612752,NYK,60,37,23,1078.0,540,165,0.468,179,0.359,74,0.32,53,0.615,0,0.0,12,0.545,0.52
1630692,Jordan Goodwin,1610612756,PHX,60,34,26,1339.0,516,80,0.418,224,0.365,78,0.3,79,0.493,0,0.0,6,0.25,0.5
1641722,Jordan Hawkins,1610612740,NOP,43,12,31,517.0,163,23,0.444,74,0.342,55,0.282,7,0.375,0,0.0,2,0.25,0.406
1629162,Jordan McLaughlin,1610612759,SAS,36,30,6,221.0,70,15,0.333,33,0.407,11,0.308,2,1.0,0,0.0,0,0.0,0.508
1641757,Jordan Miller,1610612746,LAC,49,29,20,1063.0,478,223,0.575,81,0.346,42,0.465,79,0.714,6,1.0,22,0.714,0.57
1629673,Jordan Poole,1610612740,NOP,35,15,20,843.0,467,98,0.367,150,0.35,129,0.318,8,0.667,0,0.0,4,1.0,0.477
1641775,Jordan Walsh,1610612738,BOS,58,38,20,998.0,308,42,0.5,120,0.426,0,0.0,88,0.655,0,0.0,6,0.5,0.615
1630631,Jose Alvarado,1610612752,NYK,59,22,37,1202.0,435,95,0.477,180,0.377,107,0.31,10,0.833,0,0.0,12,0.857,0.53
1630581,Josh Giddey,1610612741,CHI,48,20,28,1533.0,843,328,0.465,212,0.4,136,0.342,53,0.611,0,0.0,20,0.467,0.527
1630182,Josh Green,1610612766,CHA,46,29,17,765.0,221,24,0.474,152,0.443,2,0.143,8,0.8,0,0.0,6,1.0,0.635
1628404,Josh Hart,1610612752,NYK,56,37,19,1678.0,679,162,0.496,169,0.37,156,0.448,76,0.775,0,0.0,24,0.667,0.587
1631169,Josh Minott,1610612751,BKN,42,22,20,665.0,262,20,0.318,132,0.407,8,0.375,68,0.743,0,0.0,5,1.0,0.617
1629006,Josh Okogie,1610612745,HOU,65,39,26,1199.0,321,29,0.357,173,0.397,8,0.375,41,0.471,0,0.0,6,0.25,0.546
201950,Jrue Holiday,1610612757,POR,41,20,21,1186.0,665,220,0.519,115,0.419,254,0.391,47,0.636,5,0.222,20,0.5,0.56
1630577,Julian Champagnie,1610612759,SAS,70,52,18,1949.0,785,55,0.392,473,0.395,48,0.327,76,0.804,0,0.0,14,0.714,0.585
1641763,Julian Phillips,1610612750,MIN,42,16,26,363.0,116,13,0.333,53,0.333,2,0.5,32,0.593,0,0.0,2,0.5,0.515
1642882,Julian Reese,1610612764,WAS,5,0,5,148.0,46,5,0.5,0,0.0,0,0.0,30,0.684,2,0.0,12,0.571,0.593
1631124,Julian Strawther,1610612743,DEN,46,27,19,691.0,317,97,0.52,102,0.374,61,0.409,17,0.889,0,0.0,3,0.333,0.542
203944,Julius Randle,1610612750,MIN,70,43,27,2309.0,1487,506,0.56,217,0.326,303,0.406,208,0.632,74,0.475,87,0.611,0.532
1630551,Justin Champagnie,1610612764,WAS,60,13,47,1167.0,502,54,0.383,114,0.317,18,0.333,195,0.719,0,0.0,21,0.533,0.569
1642348,Justin Edwards,1610612755,PHI,52,30,22,794.0,294,71,0.558,129,0.347,55,0.436,22,0.611,0,0.0,3,0.2,0.545
203994,Jusuf Nurkić,1610612762,UTA,41,14,27,1083.0,447,22,0.3,102,0.459,7,0.25,198,0.575,34,0.448,92,0.592,0.538
1642354,KJ Simpson,1610612743,DEN,17,7,10,246.0,89,29,0.3,27,0.3,19,0.296,8,0.667,0,0.0,2,1.0,0.406
1642955,Kadary Richmond,1610612764,WAS,3,2,1,67.0,25,8,0.429,6,0.5,0,0.0,6,1.0,0,0.0,2,1.0,0.688
1642880,Kam Jones,1610612754,IND,30,4,26,463.0,123,50,0.451,36,0.283,23,0.471,10,1.0,2,1.0,4,1.0,0.484
1626157,Karl-Anthony Towns,1610612752,NYK,65,42,23,2031.0,1302,385,0.525,285,0.363,63,0.347,302,0.563,92,0.486,92,0.63,0.549
1631255,Karlo Matković,1610612740,NOP,57,24,33,828.0,320,6,0.25,107,0.444,3,0.5,149,0.81,2,0.25,13,0.625,0.694
1642857,Kasparas Jakučionis,1610612748,MIA,43,24,19,764.0,261,41,0.333,153,0.468,9,0.125,16,0.467,0,0.0,0,0.0,0.561
202695,Kawhi Leonard,1610612746,LAC,54,30,24,1742.0,1525,408,0.503,210,0.398,599,0.458,122,0.735,67,0.574,81,0.638,0.571
1630811,Keaton Wallace,1610612737,ATL,47,27,20,478.0,165,46,0.444,75,0.424,59,0.379,0,0.0,0,0.0,2,1.0,0.527
1631099,Keegan Murray,1610612758,SAC,23,5,18,793.0,321,82,0.5,102,0.343,77,0.352,29,0.6,4,0.4,14,0.375,0.472
1642276,Kel'el Ware,1610612748,MIA,65,34,31,1480.0,735,29,0.5,210,0.38,11,0.182,433,0.663,14,0.263,17,0.5,0.592
1629640,Keldon Johnson,1610612759,SAS,70,52,18,1621.0,888,303,0.565,221,0.366,37,0.5,160,0.697,16,0.889,31,0.722,0.591
203482,Kelly Olynyk,1610612759,SAS,37,28,9,336.0,121,23,0.529,37,0.295,2,0.143,37,0.895,7,1.0,6,0.5,0.544
1626162,Kelly Oubre Jr.,1610612755,PHI,41,22,19,1330.0,602,197,0.49,201,0.374,47,0.345,77,0.64,2,0.333,8,1.0,0.544
1629026,Kenrich Williams,1610612760,OKC,46,33,13,731.0,307,60,0.423,116,0.415,51,0.451,57,0.692,2,0.5,11,0.833,0.582
203484,Kentavious Caldwell-Pope,1610612763,MEM,51,20,31,1088.0,428,93,0.437,128,0.349,127,0.379,18,0.6,0,0.0,4,0.4,0.485
1631165,Keon Ellis,1610612739,CLE,61,23,38,1200.0,381,32,0.364,182,0.374,81,0.383,25,0.667,0,0.0,19,0.667,0.558
1642352,Keshad Johnson,1610612748,MIA,25,13,12,203.0,96,18,0.467,38,0.361,2,0.25,23,0.474,0,0.0,2,0.333,0.506
1642933,Keshon Gilbert,1610612737,ATL,3,0,3,48.0,6,0,0.0,0,0.0,0,0.0,4,1.0,0,0.0,0,0.0,0.25
201142,Kevin Durant,1610612745,HOU,65,38,27,2373.0,1671,490,0.567,382,0.449,670,0.503,64,0.788,82,0.583,105,0.681,0.58
1628989,Kevin Huerter,1610612765,DET,58,32,26,1278.0,566,116,0.506,198,0.293,56,0.31,99,0.712,0,0.0,26,0.722,0.528
201567,Kevin Love,1610612762,UTA,37,10,27,613.0,248,9,0.429,152,0.397,19,0.333,39,0.389,1,0.0,3,0.25,0.53
1641755,Kevin McCullar Jr.,1610612752,NYK,20,11,9,130.0,36,8,0.5,15,0.385,3,0.125,8,0.571,0,0.0,0,0.0,0.472
1629645,Kevin Porter Jr.,1610612749,MIL,38,18,20,1261.0,661,314,0.515,81,0.391,197,0.412,30,0.619,4,1.0,8,0.375,0.51
1626172,Kevon Looney,1610612740,NOP,18,2,16,251.0,52,0,0.0,3,0.1,2,0.167,42,0.655,0,0.0,4,0.286,0.452
1641718,Keyonte George,1610612762,UTA,54,16,38,1786.0,1275,425,0.453,258,0.445,314,0.356,39,0.696,0,0.0,33,0.818,0.532
1642863,Khaman Maluach,1610612756,PHX,35,17,18,260.0,79,3,0.0,6,0.182,0,0.0,58,0.634,0,0.0,10,0.625,0.55
203114,Khris Middleton,1610612742,DAL,52,16,36,1252.0,566,124,0.467,133,0.397,203,0.402,39,0.517,54,0.5,11,0.571,0.487
1630165,Killian Hayes,1610612758,SAC,12,6,6,210.0,61,20,0.389,18,0.261,24,0.313,4,0.667,0,0.0,2,0.5,0.391
202691,Klay Thompson,1610612742,DAL,60,18,42,1315.0,711,44,0.415,431,0.391,189,0.371,22,0.524,0,0.0,7,0.375,0.531
1641738,Kobe Brown,1610612754,IND,51,15,36,707.0,246,57,0.537,90,0.337,15,0.313,50,0.588,2,0.2,4,0.333,0.536
1641723,Kobe Bufkin,1610612747,LAL,11,7,4,90.0,33,16,0.5,6,0.133,7,0.231,2,1.0,0,0.0,2,1.0,0.329
1642920,Kobe Sanders,1610612746,LAC,58,30,28,1192.0,399,93,0.476,191,0.403,65,0.4,36,0.68,0,0.0,12,0.5,0.546
1642886,Koby Brea,1610612756,PHX,5,1,4,23.0,16,0,0.0,12,1.0,0,0.0,0,0.0,0,0.0,0,0.0,0.778
1642851,Kon Knueppel,1610612766,CHA,69,36,33,2189.0,1329,322,0.564,571,0.44,283,0.468,63,0.703,6,1.0,38,0.607,0.62
1627739,Kris Dunn,1610612746,LAC,70,34,36,1931.0,540,140,0.509,214,0.384,28,0.343,60,0.651,2,0.5,27,0.5,0.567
1631200,Kris Murray,1610612757,POR,45,20,25,1069.0,267,68,0.588,81,0.284,0,0.0,67,0.553,0,0.0,11,0.8,0.513
204001,Kristaps Porziņģis,1610612744,GSW,23,10,13,544.0,390,27,0.316,124,0.344,62,0.492,114,0.65,67,0.563,47,0.471,0.521
203937,Kyle Anderson,1610612750,MIN,32,10,22,625.0,210,93,0.521,9,0.444,27,0.6,44,0.645,6,1.0,22,0.667,0.574
1642271,Kyle Filipowski,1610612762,UTA,68,21,47,1558.0,719,147,0.486,177,0.343,22,0.321,190,0.622,21,0.6,71,0.564,0.553
1628398,Kyle Kuzma,1610612749,MIL,64,27,37,1691.0,830,225,0.532,216,0.357,53,0.323,142,0.596,13,0.545,55,0.511,0.549
200768,Kyle Lowry,1610612755,PHI,11,6,5,99.0,14,0,0.0,9,0.231,0,0.0,0,0.0,0,0.0,0,0.0,0.3
1642273,Kyshawn George,1610612764,WAS,48,10,38,1391.0,710,210,0.469,195,0.425,210,0.367,41,0.72,15,0.385,10,0.714,0.524
1643018,LJ Cryer,1610612744,GSW,9,3,6,116.0,63,7,1.0,27,0.409,20,0.5,0,0.0,0,0.0,0,0.0,0.616
1630163,LaMelo Ball,1610612766,CHA,60,33,27,1654.0,1171,360,0.438,318,0.378,431,0.359,43,0.69,2,1.0,6,0.5,0.508
1642950,Lachlan Olbrich,1610612741,CHI,26,7,19,164.0,34,5,0.333,5,0.286,3,0.5,20,0.643,0,0.0,4,0.4,0.484
1629013,Landry Shamet,1610612752,NYK,45,29,16,1038.0,439,57,0.489,228,0.418,80,0.349,28,0.8,0,0.0,13,0.833,0.585
1626204,Larry Nance Jr.,1610612739,CLE,29,21,8,353.0,95,2,0.333,54,0.316,2,1.0,24,0.4,0,0.0,2,0.2,0.474
1628374,Lauri Markkanen,1610612762,UTA,42,17,25,1443.0,1123,212,0.483,340,0.372,83,0.304,259,0.679,31,0.526,89,0.642,0.548
1643133,Lawson Lovering,1610612763,MEM,2,1,1,49.0,14,0,0.0,0,0.0,0,0.0,13,0.667,0,0.0,2,0.5,0.6
2544,LeBron James,1610612747,LAL,49,31,18,1635.0,1045,225,0.508,120,0.328,223,0.382,178,0.75,58,0.472,96,0.66,0.56
1641778,Leaky Black,1610612764,WAS,5,0,5,159.0,50,6,0.5,18,0.333,18,0.667,6,0.429,0,0.0,4,0.5,0.564
1631159,Leonard Miller,1610612741,CHI,34,15,19,387.0,175,21,0.4,36,0.273,5,0.333,53,0.833,2,1.0,7,0.75,0.605
1642862,Liam McNeeley,1610612766,CHA,28,10,18,342.0,115,28,0.391,60,0.364,8,0.5,4,0.667,0,0.0,2,1.0,0.511
1630322,Lindy Waters III,1610612759,SAS,35,26,9,245.0,82,4,0.5,54,0.36,21,0.444,2,1.0,0,0.0,0,0.0,0.547
1628366,Lonzo Ball,1610612739,CLE,35,19,16,728.0,160,10,0.4,83,0.259,43,0.326,13,0.714,0,0.0,2,0.333,0.415
1629652,Luguentz Dort,1610612760,OKC,58,45,13,1612.0,491,68,0.403,307,0.34,70,0.386,27,0.769,0,0.0,15,0.75,0.491
1629029,Luka Dončić,1610612747,LAL,58,39,19,2076.0,1940,609,0.607,210,0.391,878,0.436,45,0.64,109,0.597,45,0.792,0.566
1630568,Luka Garza,1610612738,BOS,59,39,20,923.0,435,5,0.2,149,0.453,3,0.333,216,0.623,4,0.0,52,0.84,0.649
1628379,Luke Kennard,1610612747,LAL,66,37,29,1373.0,531,82,0.579,273,0.495,126,0.609,28,0.684,0,0.0,18,0.8,0.686
1628436,Luke Kornet,1610612759,SAS,59,44,15,1244.0,388,2,1.0,6,0.375,0,0.0,320,0.64,4,0.5,37,0.722,0.646
1631247,Luke Travers,1610612739,CLE,12,6,6,103.0,28,9,0.308,3,0.063,0,0.0,6,0.5,0,0.0,4,0.0,0.264
1630644,Mac McClung,1610612741,CHI,4,0,4,47.0,23,9,0.5,3,0.1,3,0.333,4,1.0,0,0.0,4,1.0,0.4
1641869,Malachi Smith,1610612751,BKN,3,0,3,45.0,7,7,0.6,0,0.0,0,0.0,0,0.0,0,0.0,0,0.0,0.231
1631103,Malaki Branham,1610612764,WAS,28,7,21,275.0,128,47,0.412,36,0.48,10,0.267,14,0.8,0,0.0,4,1.0,0.549
1642502,Malevy Leons,1610612744,GSW,16,5,11,146.0,40,12,0.5,6,0.2,0,0.0,14,0.538,0,0.0,0,0.0,0.436
1628370,Malik Monk,1610612758,SAC,53,15,38,1165.0,666,156,0.347,192,0.441,217,0.373,26,0.684,0,0.0,10,0.625,0.535
1630699,MarJon Beauchamp,1610612755,PHI,7,2,5,120.0,64,13,0.714,21,0.438,14,0.357,3,0.5,0,0.0,4,0.667,0.611
1631204,Marcus Sasser,1610612765,DET,28,20,8,352.0,155,19,0.381,65,0.431,49,0.333,0,0.0,0,0.0,4,0.667,0.542
203935,Marcus Smart,1610612747,LAL,59,38,21,1694.0,566,134,0.505,259,0.344,81,0.438,28,0.632,9,0.375,4,0.4,0.505
1641813,Mark Sears,1610612749,MIL,7,1,6,26.0,22,6,0.4,9,0.75,5,0.333,0,0.0,0,0.0,0,0.0,0.615
1631109,Mark Williams,1610612756,PHX,56,33,23,1322.0,648,17,0.389,21,0.4,8,0.667,472,0.666,16,0.412,141,0.703,0.635
1628963,Marvin Bagley III,1610612742,DAL,52,14,38,1035.0,516,81,0.536,43,0.429,8,0.444,292,0.692,10,0.385,66,0.585,0.626
203486,Mason Plumlee,1610612759,SAS,17,8,9,139.0,27,0,0.0,0,0.0,0,0.0,20,0.778,2,1.0,2,0.5,0.75
1641824,Matas Buzelis,1610612741,CHI,69,27,42,2004.0,1113,279,0.507,384,0.367,99,0.333,148,0.723,0,0.0,63,0.719,0.558
1629680,Matisse Thybulle,1610612757,POR,18,9,9,224.0,85,16,0.357,48,0.39,9,0.6,0,0.0,0,0.0,0,0.0,0.56
1631108,Max Christie,1610612742,DAL,65,21,44,1917.0,823,167,0.46,348,0.451,181,0.366,28,0.571,0,0.0,12,0.667,0.578
1642917,Max Shulga,1610612738,BOS,5,4,1,8.0,0,0,0.0,0,0.0,0,0.0,0,0.0,0,0.0,0,0.0,0.0
1629622,Max Strus,1610612739,CLE,3,2,1,70.0,30,2,0.0,21,0.438,3,0.5,2,1.0,0,0.0,2,0.0,0.65
1628467,Maxi Kleber,1610612747,LAL,35,16,19,383.0,76,22,0.818,20,0.269,4,0.4,24,0.444,0,0.0,15,0.714,0.517
1642875,Maxime Raynaud,1610612758,SAC,62,17,45,1574.0,707,51,0.541,111,0.415,12,0.353,445,0.637,30,0.414,132,0.487,0.578
1642877,Micah Peavy,1610612740,NOP,52,16,36,706.0,204,44,0.34,59,0.233,20,0.29,53,0.568,0,0.0,2,0.25,0.423
1630695,Micah Potter,1610612754,IND,35,7,28,652.0,315,10,0.455,149,0.403,2,0.5,117,0.736,25,0.615,32,0.647,0.617
1629008,Michael Porter Jr.,1610612751,BKN,52,14,38,1689.0,1259,193,0.503,410,0.379,248,0.35,221,0.718,12,0.714,65,0.686,0.555
1628969,Mikal Bridges,1610612752,NYK,70,45,25,2334.0,1034,176,0.47,417,0.386,228,0.456,156,0.707,10,0.364,76,0.702,0.566
201144,Mike Conley,1610612750,MIN,47,29,18,838.0,195,26,0.286,96,0.36,44,0.262,0,0.0,0,0.0,0,0.0,0.433
1628970,Miles Bridges,1610612766,CHA,65,34,31,2057.0,1132,380,0.471,324,0.367,115,0.272,146,0.765,34,0.552,27,0.588,0.52
1642939,Miles Kelly,1610612742,DAL,14,7,7,134.0,43,0,0.0,32,0.314,4,1.0,7,0.75,0,0.0,0,0.0,0.477
1630540,Miles McBride,1610612752,NYK,35,22,13,981.0,451,45,0.34,207,0.406,159,0.438,15,0.636,0,0.0,10,0.667,0.575
1629011,Mitchell Robinson,1610612752,NYK,51,34,17,992.0,272,4,0.667,0,0.0,0,0.0,246,0.716,0,0.0,10,0.571,0.708
1628964,Mo Bamba,1610612762,UTA,4,3,1,44.0,10,0,0.0,2,1.0,0,0.0,8,0.444,0,0.0,4,1.0,0.455
1642885,Mohamed Diawara,1610612752,NYK,59,36,23,505.0,201,35,0.394,123,0.443,21,0.32,10,0.455,4,1.0,2,0.5,0.542
1628420,Monte Morris,1610612754,IND,6,0,6,65.0,18,3,0.25,3,0.167,5,0.5,4,1.0,0,0.0,2,0.5,0.4
1629021,Moritz Wagner,1610612753,ORL,29,17,12,383.0,224,37,0.387,57,0.306,7,0.5,55,0.475,22,0.429,28,0.588,0.48
1630541,Moses Moody,1610612744,GSW,59,29,30,1506.0,705,100,0.463,417,0.418,60,0.309,56,0.658,0,0.0,16,0.778,0.578
1631243,Mouhamed Gueye,1610612737,ATL,65,36,29,994.0,295,13,0.353,93,0.286,9,0.267,128,0.593,2,0.333,16,0.385,0.512
1630619,Moussa Cisse,1610612742,DAL,34,10,24,425.0,127,4,0.5,0,0.0,0,0.0,102,0.575,2,0.5,5,0.667,0.59
1631217,Moussa Diabaté,1610612766,CHA,62,33,29,1603.0,495,42,0.484,17,0.8,0,0.0,322,0.622,5,0.5,81,0.478,0.62
1626167,Myles Turner,1610612749,MIL,64,26,38,1748.0,771,72,0.5,413,0.414,52,0.3,174,0.612,40,0.417,55,0.6,0.555
1642066,Myron Gardner,1610612748,MIA,37,22,15,349.0,137,25,0.526,63,0.412,5,0.222,21,0.529,0,0.0,5,0.667,0.577
1642368,N'Faly Dante,1610612737,ATL,4,3,1,15.0,3,0,0.0,0,0.0,0,0.0,0,0.0,0,0.0,0,0.0,0.25
1641772,Nae'Qwan Tomlin,1610612739,CLE,54,35,19,848.0,312,28,0.5,57,0.198,3,0.25,142,0.656,2,1.0,16,0.5,0.506
1630230,Naji Marshall,1610612742,DAL,67,23,44,1973.0,1015,418,0.548,162,0.316,129,0.443,109,0.672,4,0.5,53,0.629,0.561
1631466,Nate Williams,1610612744,GSW,9,2,7,105.0,49,6,0.333,15,0.385,0,0.0,12,0.5,0,0.0,4,0.333,0.513
1629675,Naz Reid,1610612750,MIN,68,42,26,1770.0,932,195,0.544,378,0.395,136,0.372,100,0.677,59,0.684,30,0.591,0.568
1629674,Neemias Queta,1610612738,BOS,65,43,22,1637.0,643,36,0.459,10,0.333,0,0.0,515,0.683,2,0.333,112,0.691,0.637
1629651,Nic Claxton,1610612751,BKN,62,16,46,1764.0,738,241,0.503,19,0.229,14,0.304,398,0.675,11,0.364,116,0.605,0.574
1630208,Nick Richards,1610612741,CHI,46,19,27,665.0,263,14,0.667,24,0.385,2,0.167,172,0.537,5,0.333,48,0.516,0.529
1641733,Nick Smith Jr.,1610612747,LAL,25,12,13,318.0,146,46,0.468,47,0.4,68,0.397,4,0.4,0,0.0,4,0.667,0.523
1629638,Nickeil Alexander-Walker,1610612737,ATL,66,35,31,2195.0,1343,322,0.484,508,0.417,247,0.374,70,0.69,0,0.0,25,0.647,0.548
201587,Nicolas Batum,1610612746,LAC,64,33,31,1168.0,257,0,0.0,237,0.404,9,0.3,2,0.333,0,0.0,2,0.333,0.588
1628502,Nigel Hayes-Davis,1610612756,PHX,27,15,12,195.0,34,11,0.417,8,0.188,10,0.357,10,0.556,3,1.0,4,0.25,0.348
203999,Nikola Jokić,1610612743,DEN,54,32,22,1875.0,1524,202,0.624,321,0.447,134,0.45,435,0.678,252,0.612,277,0.635,0.625
1631107,Nikola Jović,1610612748,MIA,45,23,22,791.0,339,60,0.415,119,0.256,17,0.261,30,0.545,7,0.375,18,0.889,0.443
1642260,Nikola Topić,1610612760,OKC,5,3,2,53.0,16,4,0.286,3,0.333,5,0.5,2,0.5,0,0.0,0,0.0,0.5
202696,Nikola Vučević,1610612738,BOS,60,32,28,1740.0,935,94,0.56,377,0.416,54,0.482,314,0.59,89,0.432,128,0.544,0.558
1642363,Nique Clifford,1610612758,SAC,66,17,49,1574.0,512,136,0.409,143,0.325,126,0.351,53,0.694,0,0.0,21,0.588,0.473
1642855,Noa Essengue,1610612741,CHI,2,1,1,6.0,0,0,0.0,0,0.0,0,0.0,0,0.0,0,0.0,0,0.0,0.0
1641730,Noah Clowney,1610612751,BKN,62,16,46,1695.0,773,224,0.482,361,0.343,40,0.283,46,0.581,2,1.0,8,0.167,0.5
1642869,Noah Penda,1610612753,ORL,50,26,24,694.0,222,52,0.365,69,0.338,26,0.37,33,0.536,2,0.5,2,1.0,0.5
1642849,Nolan Traore,1610612751,BKN,46,11,35,1015.0,380,176,0.419,111,0.336,49,0.274,12,0.5,0,0.0,4,0.25,0.444
1641807,Norchad Omier,1610612746,LAC,3,3,0,14.0,8,0,0.0,0,0.0,0,0.0,6,1.0,4,1.0,2,1.0,0.8
1626181,Norman Powell,1610612748,MIA,52,27,25,1564.0,1160,399,0.568,283,0.422,261,0.388,26,0.8,4,0.667,19,0.412,0.559
1628384,OG Anunoby,1610612752,NYK,56,37,19,1851.0,944,232,0.517,335,0.41,68,0.241,132,0.713,12,0.5,47,0.636,0.579
1630167,Obi Toppin,1610612754,IND,12,0,12,198.0,107,16,0.5,50,0.409,4,0.125,26,0.8,2,0.5,4,0.5,0.518
1630534,Ochai Agbaji,1610612751,BKN,55,26,29,860.0,269,37,0.424,69,0.247,29,0.522,67,0.681,0,0.0,10,0.5,0.504
1641765,Olivier-Maxence Prosper,1610612763,MEM,44,15,29,773.0,384,69,0.563,120,0.392,14,0.263,80,0.717,4,0.5,33,0.632,0.622
1630209,Omer Yurtseven,1610612744,GSW,3,1,2,20.0,6,0,0.0,0,0.0,0,0.0,4,0.5,0,0.0,0,0.0,0.333
1630168,Onyeka Okongwu,1610612737,ATL,63,34,29,1976.0,993,171,0.496,386,0.387,30,0.35,301,0.642,33,0.4,92,0.583,0.568
1631115,Orlando Robinson,1610612753,ORL,4,2,2,25.0,7,0,0.0,3,0.5,0,0.0,4,0.667,0,0.0,0,0.0,0.7
1631131,Oscar Tshiebwe,1610612762,UTA,15,2,13,201.0,73,4,1.0,4,1.0,0,0.0,61,0.659,2,1.0,8,0.4,0.635
1642345,Oso Ighodaro,1610612756,PHX,70,39,31,1511.0,435,80,0.522,18,0.333,6,0.333,225,0.68,3,0.5,81,0.522,0.641
1631172,Ousmane Dieng,1610612749,MIL,44,29,15,685.0,255,43,0.463,99,0.413,99,0.418,13,0.5,0,0.0,6,0.5,0.55
1629023,P.J. Washington,1610612742,DAL,51,14,37,1572.0,724,196,0.478,196,0.344,40,0.305,157,0.59,21,0.4,74,0.611,0.501
1641790,PJ Hall,1610612766,CHA,19,7,12,213.0,86,2,0.5,9,0.429,0,0.0,57,0.489,0,0.0,11,0.667,0.534
1642359,Pacôme Dadiet,1610612752,NYK,24,15,9,90.0,29,0,0.0,12,0.25,3,0.167,2,0.5,0,0.0,4,1.0,0.426
1631094,Paolo Banchero,1610612753,ORL,59,31,28,2057.0,1318,513,0.465,166,0.45,207,0.294,171,0.742,69,0.511,71,0.614,0.499
1627783,Pascal Siakam,1610612754,IND,55,14,41,1844.0,1318,465,0.535,241,0.347,287,0.416,162,0.705,98,0.493,69,0.473,0.531
1626192,Pat Connaughton,1610612766,CHA,34,20,14,257.0,101,24,0.556,54,0.383,5,0.667,4,0.667,0,0.0,4,0.667,0.571
1630311,Pat Spencer,1610612744,GSW,53,26,27,926.0,358,111,0.427,87,0.403,103,0.331,43,0.606,2,0.25,23,0.667,0.492
1631116,Patrick Baldwin Jr.,1610612758,SAC,7,2,5,58.0,19,4,0.333,6,0.25,3,1.0,2,0.333,0,0.0,1,0.0,0.469
1630172,Patrick Williams,1610612741,CHI,60,21,39,1180.0,415,97,0.404,204,0.37,75,0.419,25,0.407,2,0.25,5,0.2,0.486
202331,Paul George,1610612755,PHI,27,16,11,824.0,431,79,0.423,174,0.439,116,0.359,15,0.5,15,0.4,17,0.667,0.517
1630194,Paul Reed,1610612765,DET,52,37,15,680.0,361,48,0.583,49,0.388,8,0.333,163,0.632,2,0.25,71,0.571,0.624
1630202,Payton Pritchard,1610612738,BOS,67,45,22,2184.0,1119,436,0.557,321,0.386,447,0.436,30,0.737,0,0.0,16,0.583,0.55
1642362,Payton Sandfort,1610612760,OKC,1,1,0,5.0,3,0,0.0,3,0.5,0,0.0,0,0.0,0,0.0,0,0.0,0.5
1641796,Pelle Larsson,1610612748,MIA,59,34,25,1516.0,640,207,0.518,153,0.345,22,0.294,93,0.672,2,0.333,17,0.545,0.548
1631250,Pete Nance,1610612749,MIL,36,11,25,422.0,161,6,0.75,96,0.478,3,0.25,40,0.69,2,1.0,4,0.5,0.706
1631212,Peyton Watson,1610612743,DEN,49,31,18,1502.0,731,144,0.425,216,0.468,87,0.339,117,0.553,0,0.0,69,0.652,0.567
1630173,Precious Achiuwa,1610612758,SAC,62,16,46,1418.0,571,113,0.49,82,0.346,18,0.273,236,0.614,8,0.444,67,0.6,0.558
1629656,Quentin Grimes,1610612755,PHI,63,34,29,1888.0,851,224,0.547,240,0.369,128,0.272,44,0.76,2,1.0,16,0.667,0.533
1631245,Quenton Jackson,1610612754,IND,38,7,31,663.0,328,93,0.446,80,0.403,34,0.277,16,0.636,0,0.0,9,1.0,0.54
1642366,Quinten Post,1610612744,GSW,65,32,33,1140.0,505,31,0.424,273,0.35,28,0.375,116,0.754,22,0.643,18,0.5,0.545
1629628,RJ Barrett,1610612761,TOR,44,27,17,1328.0,838,257,0.513,224,0.352,47,0.349,135,0.779,18,0.545,38,0.552,0.558
1642853,Rasheer Fleming,1610612756,PHX,44,24,20,460.0,162,11,0.357,96,0.368,0,0.0,24,0.346,0,0.0,9,0.8,0.514
1642484,RayJ Dennis,1610612737,ATL,16,3,13,180.0,64,18,0.28,24,0.258,14,0.238,0,0.0,0,0.0,2,0.5,0.384
1641712,Rayan Rupert,1610612763,MEM,58,28,30,867.0,244,42,0.375,93,0.323,36,0.417,31,0.536,0,0.0,2,0.2,0.468
1642263,Reed Sheppard,1610612745,HOU,68,41,27,1769.0,910,188,0.494,374,0.401,281,0.384,6,0.5,0,0.0,13,0.5,0.542
1642434,Riley Minix,1610612739,CLE,5,4,1,19.0,13,2,1.0,3,0.333,2,0.5,6,1.0,0,0.0,0,0.0,0.722
1642265,Rob Dillingham,1610612741,CHI,53,26,27,699.0,275,117,0.431,67,0.404,69,0.323,6,0.429,0,0.0,4,0.5,0.42
1629057,Robert Williams III,1610612757,POR,48,23,25,816.0,324,4,0.5,29,0.379,0,0.0,250,0.766,0,0.0,28,0.875,0.743
1642911,Rocco Zikarsky,1610612750,MIN,4,0,4,16.0,6,0,0.0,0,0.0,0,0.0,4,0.667,0,0.0,0,0.0,0.6
1631199,Ron Harper Jr.,1610612738,BOS,22,16,6,246.0,82,10,0.714,57,0.345,10,0.444,6,0.6,0,0.0,2,1.0,0.526
1641842,Ronald Holland II,1610612765,DET,65,46,19,1317.0,547,146,0.479,111,0.236,9,0.121,92,0.661,0,0.0,19,0.5,0.476
1626220,Royce O'Neale,1610612756,PHX,69,39,30,2007.0,685,45,0.373,447,0.408,133,0.392,16,0.571,0,0.0,6,0.75,0.582
203497,Rudy Gobert,1610612750,MIN,67,42,25,2107.0,732,20,0.45,8,0.308,0,0.0,598,0.778,8,0.8,97,0.684,0.705
1629060,Rui Hachimura,1610612747,LAL,58,40,18,1669.0,655,80,0.515,304,0.439,163,0.549,108,0.667,17,0.389,46,0.704,0.606
201566,Russell Westbrook,1610612758,SAC,63,16,47,1826.0,960,296,0.504,300,0.342,204,0.368,61,0.591,24,0.615,17,0.875,0.503
1642346,Ryan Dunn,1610612756,PHX,61,35,26,1181.0,347,36,0.311,144,0.343,5,0.143,92,0.6,0,0.0,26,0.688,0.517
1641750,Ryan Kalkbrenner,1610612766,CHA,57,31,26,1252.0,453,0,0.0,6,0.5,0,0.0,396,0.761,7,0.6,50,0.808,0.746
1642948,Ryan Nembhard,1610612742,DAL,49,18,31,908.0,308,86,0.382,87,0.411,144,0.376,2,1.0,0,0.0,0,0.0,0.487
1631157,Ryan Rollins,1610612749,MIL,67,26,41,2158.0,1123,365,0.511,279,0.417,382,0.427,25,0.579,0,0.0,8,0.8,0.562
1630180,Saddiq Bey,1610612740,NOP,64,24,40,1987.0,1113,318,0.528,290,0.356,154,0.332,145,0.684,89,0.373,30,0.522,0.524
1630573,Sam Hauser,1610612738,BOS,66,45,21,1625.0,605,23,0.5,428,0.39,118,0.391,43,0.643,0,0.0,14,0.714,0.571
1630241,Sam Merrill,1610612739,CLE,44,30,14,1145.0,562,42,0.5,328,0.456,114,0.366,39,0.818,0,0.0,15,0.6,0.643
1630572,Sandro Mamukelashvili,1610612761,TOR,66,37,29,1446.0,716,103,0.594,259,0.366,18,0.304,183,0.642,12,0.444,67,0.611,0.603
1630583,Santi Aldama,1610612763,MEM,43,19,24,1198.0,602,137,0.527,204,0.366,56,0.353,128,0.6,18,0.5,32,0.6,0.553
1630703,Scoot Henderson,1610612757,POR,18,10,8,420.0,246,78,0.453,62,0.356,59,0.354,6,0.75,0,0.0,2,1.0,0.503
1630567,Scottie Barnes,1610612761,TOR,66,38,28,2255.0,1231,355,0.509,212,0.367,193,0.418,273,0.622,74,0.42,123,0.605,0.53
1630590,Scotty Pippen Jr.,1610612763,MEM,10,2,8,212.0,114,36,0.433,24,0.444,26,0.343,7,0.429,0,0.0,4,0.5,0.5
1642951,Sean Pedulla,1610612746,LAC,2,1,1,11.0,8,2,1.0,6,0.4,0,0.0,0,0.0,0,0.0,0,0.0,0.571
203552,Seth Curry,1610612744,GSW,4,0,4,51.0,27,4,0.667,12,0.5,6,0.6,2,1.0,0,0.0,0,0.0,0.706
1631101,Shaedon Sharpe,1610612757,POR,48,22,26,1439.0,1025,356,0.474,90,0.352,349,0.346,112,0.739,0,0.0,52,0.583,0.515
1628983,Shai Gilgeous-Alexander,1610612760,OKC,58,47,11,1943.0,1827,801,0.585,78,0.469,742,0.498,55,0.703,47,0.487,49,0.629,0.595
1630536,Sharife Cooper,1610612764,WAS,28,5,23,436.0,192,82,0.538,27,0.321,41,0.37,14,0.875,0,0.0,0,0.0,0.547
1631321,Sidy Cissoko,1610612757,POR,63,31,32,1306.0,362,57,0.449,153,0.3,25,0.346,34,0.824,0,0.0,19,0.8,0.498
1631323,Simone Fontecchio,1610612748,MIA,62,33,29,1055.0,523,40,0.37,266,0.35,58,0.385,49,0.656,0,0.0,23,0.625,0.52
1642883,Sion James,1610612766,CHA,70,36,34,1609.0,375,95,0.362,188,0.375,21,0.241,25,0.476,0,0.0,18,0.636,0.49
1627746,Skal Labissiere,1610612764,WAS,3,2,1,38.0,13,0,0.0,5,0.333,2,1.0,8,1.0,0,0.0,6,1.0,0.65
1642461,Spencer Jones,1610612743,DEN,58,35,23,1326.0,339,12,0.857,168,0.404,8,0.375,106,0.692,0,0.0,15,0.467,0.618
1630649,Stanley Umude,1610612759,SAS,2,2,0,7.0,2,2,1.0,0,0.0,2,1.0,0,0.0,0,0.0,0,0.0,0.5
201939,Stephen Curry,1610612744,GSW,39,23,16,1222.0,1061,197,0.521,257,0.371,366,0.443,77,0.789,0,0.0,31,0.6,0.585
1642264,Stephon Castle,1610612759,SAS,59,44,15,1759.0,972,407,0.474,185,0.362,101,0.315,136,0.775,4,0.333,46,0.714,0.511
203500,Steven Adams,1610612745,HOU,32,21,11,730.0,187,6,0.6,6,0.5,0,0.0,142,0.483,6,1.0,28,0.478,0.504
1629004,Svi Mykhailiuk,1610612762,UTA,48,14,34,1123.0,438,54,0.5,192,0.43,99,0.389,33,0.696,0,0.0,6,1.0,0.609
204456,T.J. McConnell,1610612754,IND,51,13,38,880.0,474,254,0.536,53,0.412,220,0.507,34,0.625,0,0.0,26,0.857,0.541
1643007,Taelon Peter,1610612754,IND,31,4,27,348.0,122,7,0.75,78,0.317,15,0.294,8,0.8,0,0.0,2,1.0,0.513
201959,Taj Gibson,1610612763,MEM,3,1,2,29.0,6,0,0.0,5,0.5,0,0.0,1,0.0,0,0.0,2,1.0,0.357
1631106,Tari Eason,1610612745,HOU,46,27,19,1217.0,485,85,0.367,221,0.37,32,0.242,68,0.571,2,0.5,14,0.538,0.502
1627752,Taurean Prince,1610612749,MIL,14,6,8,275.0,84,15,0.538,54,0.462,9,0.25,0,0.0,0,0.0,0,0.0,0.604
1641707,Taylor Hendricks,1610612763,MEM,50,12,38,903.0,355,55,0.479,141,0.351,17,0.368,77,0.596,4,0.333,25,0.6,0.551
1629611,Terance Mann,1610612751,BKN,58,14,44,1413.0,425,138,0.5,121,0.394,75,0.333,57,0.59,0,0.0,19,0.7,0.529
1630545,Terrence Shannon Jr.,1610612750,MIN,31,18,13,363.0,135,38,0.394,42,0.333,22,0.4,4,1.0,0,0.0,2,1.0,0.505
203648,Thanasis Antetokounmpo,1610612749,MIL,28,8,20,94.0,36,12,0.375,0,0.0,0,0.0,10,0.8,1,0.0,2,1.0,0.524
1628418,Thomas Bryant,1610612739,CLE,52,31,21,590.0,302,0,0.0,126,0.358,2,0.25,130,0.706,10,0.444,27,0.6,0.578
1642275,Tidjane Salaün,1610612766,CHA,36,18,18,571.0,222,27,0.429,102,0.425,6,0.667,34,0.7,0,0.0,8,0.4,0.62
203501,Tim Hardaway Jr.,1610612743,DEN,69,41,28,1867.0,949,103,0.523,473,0.414,207,0.451,46,0.76,2,1.0,38,0.833,0.591
202699,Tobias Harris,1610612765,DET,52,36,16,1464.0,682,124,0.431,190,0.356,140,0.473,81,0.604,131,0.63,31,0.591,0.516
1642449,Tolu Smith,1610612765,DET,8,6,2,91.0,35,2,0.0,0,0.0,0,0.0,25,0.5,0,0.0,6,0.5,0.478
1628396,Tony Bradley,1610612754,IND,38,9,29,416.0,151,10,0.556,7,0.429,4,0.667,87,0.485,8,0.5,26,0.769,0.561
1641787,Tosan Evbuomwan,1610612766,CHA,5,4,1,8.0,0,0,0.0,0,0.0,0,0.0,0,0.0,0,0.0,0,0.0,0.0
1641739,Toumani Camara,1610612757,POR,70,34,36,2334.0,894,131,0.43,431,0.362,96,0.311,139,0.721,0,0.0,50,0.71,0.544
1629027,Trae Young,1610612764,WAS,15,2,13,384.0,269,104,0.576,24,0.4,103,0.408,2,1.0,0,0.0,0,0.0,0.534
1631218,Trayce Jackson-Davis,1610612761,TOR,45,24,21,454.0,166,4,1.0,3,1.0,0,0.0,116,0.58,4,0.5,24,0.563,0.575
1642848,Tre Johnson,1610612764,WAS,56,12,44,1348.0,692,200,0.445,219,0.357,279,0.452,12,0.625,0,0.0,10,0.5,0.513
1630200,Tre Jones,1610612741,CHI,53,24,29,1431.0,684,323,0.534,75,0.287,69,0.508,58,0.833,0,0.0,21,0.8,0.578
1630544,Tre Mann,1610612766,CHA,45,24,21,634.0,273,93,0.385,81,0.351,101,0.308,3,0.5,0,0.0,0,0.0,0.442
1630570,Trendon Watford,1610612755,PHI,46,22,24,778.0,297,118,0.5,30,0.244,14,0.269,47,0.688,25,0.579,15,0.438,0.532
1642280,Trentyn Flowers,1610612741,CHI,2,0,2,6.0,4,0,0.0,0,0.0,0,0.0,4,1.0,0,0.0,0,0.0,0.667
1631211,Trevor Keels,1610612748,MIA,4,4,0,5.0,0,0,0.0,0,0.0,0,0.0,0,0.0,0,0.0,0,0.0,0.0
1641725,Trey Alexander,1610612740,NOP,5,1,4,42.0,14,6,0.6,6,0.667,4,1.0,0,0.0,0,0.0,0,0.0,0.778
1641998,Trey Jemison III,1610612752,NYK,11,9,2,61.0,9,3,0.5,0,0.0,0,0.0,4,0.667,0,0.0,0,0.0,0.571
1630530,Trey Murphy III,1610612740,NOP,62,21,41,2196.0,1362,255,0.434,428,0.442,276,0.322,200,0.789,0,0.0,39,0.75,0.577
1642400,Tristan Enaruna,1610612739,CLE,6,6,0,34.0,13,0,0.0,3,0.2,0,0.0,10,0.625,0,0.0,0,0.0,0.406
1641774,Tristan Vukcevic,1610612764,WAS,44,8,36,589.0,381,57,0.583,127,0.362,51,0.404,99,0.745,4,1.0,58,0.538,0.56
1641783,Tristan da Silva,1610612753,ORL,64,36,28,1559.0,608,108,0.436,261,0.371,89,0.371,90,0.688,4,0.667,21,0.435,0.542
1629660,Ty Jerome,1610612763,MEM,13,3,10,290.0,262,94,0.529,24,0.364,131,0.481,4,0.667,0,0.0,2,1.0,0.587
1631102,TyTy Washington Jr.,1610612746,LAC,9,5,4,52.0,19,6,0.75,6,0.5,7,0.5,0,0.0,0,0.0,0,0.0,0.679
1631174,Tyler Burton,1610612763,MEM,4,1,3,91.0,20,4,0.2,9,0.214,2,0.143,2,0.0,0,0.0,0,0.0,0.232
1629639,Tyler Herro,1610612748,MIA,23,11,12,707.0,492,183,0.6,88,0.4,180,0.441,14,0.667,0,0.0,6,0.5,0.565
1642278,Tyler Kolek,1610612752,NYK,56,35,21,683.0,246,90,0.434,80,0.386,64,0.333,10,0.833,0,0.0,2,0.25,0.504
1641890,Tyler Smith,1610612742,DAL,2,0,2,11.0,3,0,0.0,0,0.0,0,0.0,0,0.0,0,0.0,0,0.0,0.167
1631213,Tyrese Martin,1610612755,PHI,44,11,33,771.0,288,57,0.393,135,0.333,38,0.319,23,0.667,0,0.0,15,0.778,0.487
1630178,Tyrese Maxey,1610612755,PHI,61,33,28,2334.0,1767,607,0.481,278,0.416,568,0.382,14,0.5,8,0.5,10,1.0,0.537
1642878,Tyrese Proctor,1610612739,CLE,42,28,14,436.0,201,56,0.488,75,0.373,51,0.317,6,0.6,0,0.0,4,1.0,0.497
1630623,Tyson Etienne,1610612751,BKN,14,2,12,135.0,63,4,0.0,36,0.308,15,0.625,0,0.0,0,0.0,0,0.0,0.5
1626145,Tyus Jones,1610612743,DEN,61,31,30,925.0,185,55,0.51,80,0.278,68,0.397,2,1.0,0,0.0,0,0.0,0.436
1642845,VJ Edgecombe,1610612755,PHI,62,35,27,2159.0,947,232,0.389,253,0.362,235,0.36,85,0.59,6,0.5,32,0.6,0.495
1641705,Victor Wembanyama,1610612759,SAS,55,42,13,1615.0,1339,230,0.52,296,0.412,195,0.351,358,0.746,93,0.455,151,0.51,0.566
1631246,Vince Williams Jr.,1610612762,UTA,40,16,24,819.0,300,63,0.361,134,0.36,65,0.29,28,0.688,0,0.0,8,0.444,0.447
1642884,Vladislav Goldin,1610612748,MIA,5,3,2,14.0,4,0,0.0,0,0.0,0,0.0,4,0.667,2,1.0,0,0.0,0.667
1630249,Vít Krejčí,1610612757,POR,64,31,33,1387.0,548,80,0.585,327,0.409,89,0.382,19,0.692,0,0.0,11,0.667,0.599
1631117,Walker Kessler,1610612762,UTA,5,2,3,154.0,72,2,0.5,15,0.714,3,0.5,43,0.727,0,0.0,6,0.5,0.784
1642383,Walter Clayton Jr.,1610612763,MEM,58,16,42,1135.0,417,133,0.46,99,0.311,119,0.358,14,0.875,0,0.0,15,0.875,0.457
1628976,Wendell Carter Jr.,1610612753,ORL,65,36,29,1925.0,763,71,0.636,243,0.357,22,0.314,318,0.68,11,0.4,77,0.46,0.567
1631111,Wendell Moore Jr.,1610612765,DET,5,4,1,54.0,10,2,0.5,0,0.0,0,0.0,2,1.0,0,0.0,4,1.0,0.571
1642954,Will Richard,1610612744,GSW,59,31,28,1190.0,396,7,0.286,180,0.367,24,0.225,126,0.685,0,0.0,19,0.727,0.562
1642860,Will Riley,1610612764,WAS,61,15,46,1227.0,543,156,0.43,128,0.341,101,0.32,83,0.756,0,0.0,34,0.684,0.505
1630214,Xavier Tillman,1610612766,CHA,24,17,7,148.0,35,2,1.0,9,0.214,4,0.333,15,0.583,0,0.0,0,0.0,0.449
1642905,Yang Hansen,1610612757,POR,39,20,19,277.0,85,2,0.0,15,0.128,0,0.0,42,0.536,14,0.4,13,0.4,0.328
1642949,Yanic Konan Niederhäuser,1610612746,LAC,41,22,19,424.0,176,20,0.667,3,0.143,2,1.0,109,0.652,4,0.667,27,0.818,0.645
1642530,Yuki Kawamura,1610612741,CHI,11,4,7,121.0,33,10,0.4,12,0.5,7,0.25,0,0.0,0,0.0,0,0.0,0.438
1642274,Yves Missi,1610612740,NOP,58,19,39,1110.0,322,93,0.6,4,0.286,2,0.25,174,0.553,2,0.333,36,0.417,0.546
1642258,Zaccharie Risacher,1610612737,ATL,55,31,24,1301.0,543,46,0.339,219,0.362,55,0.319,120,0.675,0,0.0,32,0.619,0.529
1628380,Zach Collins,1610612741,CHI,10,6,4,184.0,97,4,1.0,35,0.481,0,0.0,51,0.724,6,0.667,20,0.667,0.648
1641744,Zach Edey,1610612763,MEM,11,7,4,284.0,150,0,0.0,9,0.4,0,0.0,127,0.651,38,0.633,7,0.333,0.638
203897,Zach LaVine,1610612758,SAC,39,9,30,1224.0,748,166,0.534,162,0.41,225,0.394,22,0.688,2,0.333,12,0.667,0.569
1630192,Zeke Nnaji,1610612743,DEN,47,33,14,575.0,179,20,0.643,40,0.259,3,0.25,80,0.608,0,0.0,28,0.533,0.518
1630533,Ziaire Williams,1610612751,BKN,49,13,36,1116.0,469,67,0.395,218,0.336,23,0.31,50,0.7,0,0.0,10,0.667,0.524
1629627,Zion Williamson,1610612740,NOP,54,22,32,1602.0,1149,571,0.535,0,0.0,29,0.389,218,0.684,39,0.419,76,0.667,0.597
1642389,Zyon Pullin,1610612750,MIN,1,1,0,5.0,4,0,0.0,0,0.0,0,0.0,0,0.0,0,0.0,0,0.0,1.0
