PLAYER_ID,PLAYER_NAME,TEAM_ID,TEAM_ABBREVIATION,GP,W,L,MIN,TOUCHES,ELBOW_TOUCHES,ELBOW_TOUCH_FGM,ELBOW_TOUCH_FGA,ELBOW_TOUCH_FG_PCT,ELBOW_TOUCH_FTM,ELBOW_TOUCH_FTA,ELBOW_TOUCH_FT_PCT,ELBOW_TOUCH_PTS,ELBOW_TOUCH_PTS_PCT,ELBOW_TOUCH_PASSES,ELBOW_TOUCH_PASSES_PCT,ELBOW_TOUCH_AST,ELBOW_TOUCH_AST_PCT,ELBOW_TOUCH_TOV,ELBOW_TOUCH_TOV_PCT,ELBOW_TOUCH_FOULS,ELBOW_TOUCH_FOULS_PCT
1630639,A.J. Lawson,1610612761,TOR,14,6,8,110.0,143,3,0,1,0.0,0,0,0.0,0,0.0,1,0.333,0,0.0,1,0.333,0,0.0
1631260,AJ Green,1610612749,MIL,65,27,38,1866.0,2755,19,1,5,0.2,0,0,0.0,2,0.105,13,0.684,4,0.308,0,0.0,0,0.0
1642358,AJ Johnson,1610612742,DAL,40,7,33,353.0,554,5,0,0,0.0,1,2,0.5,1,0.2,4,0.8,1,0.25,0,0.0,1,0.2
203932,Aaron Gordon,1610612743,DEN,28,19,9,768.0,1322,47,12,19,0.632,5,6,0.833,30,0.638,23,0.489,6,0.261,2,0.043,3,0.064
1628988,Aaron Holiday,1610612745,HOU,43,27,16,558.0,803,3,1,3,0.333,0,0,0.0,2,0.667,0,0.0,0,0.0,0,0.0,0,0.0
1630174,Aaron Nesmith,1610612754,IND,41,9,32,1207.0,2044,18,4,9,0.444,0,0,0.0,8,0.444,9,0.5,0,0.0,0,0.0,0,0.0
1630598,Aaron Wiggins,1610612760,OKC,55,42,13,1258.0,1940,22,9,15,0.6,0,0,0.0,19,0.864,6,0.273,0,0.0,0,0.0,0,0.0
1642846,Ace Bailey,1610612762,UTA,61,18,43,1636.0,1912,46,14,22,0.636,2,2,1.0,30,0.652,21,0.457,4,0.19,2,0.043,1,0.022
1641737,Adem Bona,1610612755,PHI,59,33,26,1025.0,983,45,9,15,0.6,6,8,0.75,24,0.533,23,0.511,2,0.087,3,0.067,4,0.089
1642876,Adou Thiero,1610612747,LAL,19,11,8,104.0,127,2,1,1,1.0,0,0,0.0,2,1.0,1,0.5,1,1.0,0,0.0,0,0.0
1642349,Ajay Mitchell,1610612760,OKC,48,42,6,1266.0,2249,30,10,12,0.833,0,0,0.0,20,0.667,15,0.5,1,0.067,2,0.067,0,0.0
201143,Al Horford,1610612744,GSW,43,22,21,933.0,1889,58,13,16,0.813,1,2,0.5,28,0.483,38,0.655,12,0.316,3,0.052,1,0.017
1627936,Alex Caruso,1610612760,OKC,47,39,8,867.0,1430,37,9,12,0.75,0,0,0.0,18,0.486,21,0.568,4,0.19,2,0.054,0,0.0
1631457,Alex Morales,1610612753,ORL,1,0,1,12.0,16,0,0,0,0.0,0,0,0.0,0,0.0,0,0.0,0,0.0,0,0.0,0,0.0
1642259,Alex Sarr,1610612764,WAS,46,11,35,1260.0,2628,226,59,115,0.513,26,34,0.765,147,0.65,68,0.301,12,0.176,19,0.084,16,0.071
1642918,Alijah Martin,1610612761,TOR,16,6,10,102.0,133,2,1,1,1.0,0,0,0.0,2,1.0,1,0.5,0,0.0,0,0.0,0,0.0
1631214,Alondes Williams,1610612764,WAS,4,2,2,101.0,116,0,0,0,0.0,0,0,0.0,0,0.0,0,0.0,0,0.0,0,0.0,0,0.0
1630578,Alperen Sengun,1610612745,HOU,59,36,23,1975.0,4228,323,70,124,0.565,28,38,0.737,170,0.526,162,0.502,50,0.309,9,0.028,17,0.053
1642873,Amari Williams,1610612738,BOS,19,13,6,120.0,144,9,2,5,0.4,2,2,1.0,6,0.667,2,0.222,0,0.0,0,0.0,1,0.111
1641708,Amen Thompson,1610612745,HOU,66,39,27,2453.0,4811,106,21,40,0.525,11,14,0.786,57,0.538,50,0.472,10,0.2,6,0.057,6,0.057
1629599,Amir Coffey,1610612756,PHX,43,18,25,437.0,405,3,1,1,1.0,0,0,0.0,3,1.0,1,0.333,0,0.0,1,0.333,0,0.0
1643158,Andersson Garcia,1610612762,UTA,5,1,4,169.0,209,3,2,2,1.0,0,0,0.0,4,1.333,1,0.333,0,0.0,0,0.0,0,0.0
203083,Andre Drummond,1610612755,PHI,51,25,26,1015.0,1148,47,9,16,0.563,3,4,0.75,21,0.447,26,0.553,5,0.192,3,0.064,2,0.043
1641748,Andre Jackson Jr.,1610612749,MIL,37,10,27,219.0,442,17,1,6,0.167,2,2,1.0,4,0.235,10,0.588,2,0.2,0,0.0,1,0.059
1629614,Andrew Nembhard,1610612754,IND,52,11,41,1621.0,4532,16,5,10,0.5,0,0,0.0,10,0.625,4,0.25,0,0.0,1,0.063,0,0.0
203952,Andrew Wiggins,1610612748,MIA,57,30,27,1765.0,2576,23,12,18,0.667,1,2,0.5,26,1.13,3,0.13,0,0.0,1,0.043,1,0.043
1629014,Anfernee Simons,1610612741,CHI,55,31,24,1372.0,2456,12,5,5,1.0,0,0,0.0,11,0.917,7,0.583,2,0.286,0,0.0,0,0.0
1641710,Anthony Black,1610612753,ORL,60,33,27,1841.0,3507,36,12,17,0.706,2,2,1.0,27,0.75,15,0.417,3,0.2,2,0.056,1,0.028
203076,Anthony Davis,1610612764,WAS,20,10,10,626.0,1187,85,22,47,0.468,11,12,0.917,58,0.682,23,0.271,9,0.391,6,0.071,6,0.071
1630162,Anthony Edwards,1610612750,MIN,58,35,23,2061.0,4295,31,12,22,0.545,7,8,0.875,31,1.0,3,0.097,0,0.0,2,0.065,4,0.129
1630264,Anthony Gill,1610612764,WAS,42,5,37,568.0,709,44,9,15,0.6,1,2,0.5,20,0.455,25,0.568,3,0.12,2,0.045,1,0.023
1641810,Antonio Reeves,1610612766,CHA,9,3,6,66.0,69,0,0,0,0.0,0,0,0.0,0,0.0,0,0.0,0,0.0,0,0.0,0,0.0
1630574,Ariel Hukporti,1610612752,NYK,48,31,17,430.0,423,47,3,8,0.375,1,2,0.5,7,0.149,37,0.787,5,0.135,0,0.0,1,0.021
1642854,Asa Newell,1610612737,ATL,40,20,20,445.0,567,24,13,14,0.929,0,0,0.0,26,1.083,6,0.25,1,0.167,2,0.083,0,0.0
1641709,Ausar Thompson,1610612765,DET,60,43,17,1535.0,2447,87,24,40,0.6,5,16,0.313,56,0.644,36,0.414,9,0.25,3,0.034,7,0.08
1630559,Austin Reaves,1610612747,LAL,44,31,13,1513.0,3187,23,7,10,0.7,3,4,0.75,17,0.739,8,0.348,1,0.125,2,0.087,2,0.087
1630245,Ayo Dosunmu,1610612750,MIN,61,32,29,1615.0,3122,31,12,19,0.632,0,0,0.0,24,0.774,9,0.29,1,0.111,1,0.032,0,0.0
1628389,Bam Adebayo,1610612748,MIA,61,32,29,1949.0,3446,138,42,78,0.538,19,24,0.792,106,0.768,39,0.283,11,0.282,4,0.029,12,0.087
1631248,Baylor Scheierman,1610612738,BOS,64,44,20,1115.0,1277,17,4,4,1.0,0,0,0.0,9,0.529,13,0.765,2,0.154,0,0.0,0,0.0
1642879,Ben Saraf,1610612751,BKN,32,8,24,587.0,1355,8,2,3,0.667,0,0,0.0,4,0.5,3,0.375,0,0.0,0,0.0,0,0.0
1641767,Ben Sheppard,1610612754,IND,58,13,45,1245.0,1993,15,2,6,0.333,2,2,1.0,7,0.467,8,0.533,0,0.0,0,0.0,1,0.067
1631097,Bennedict Mathurin,1610612746,LAC,44,16,28,1372.0,2365,61,15,27,0.556,15,17,0.882,46,0.754,21,0.344,2,0.095,3,0.049,8,0.131
1643016,Bez Mbeng,1610612762,UTA,4,1,3,122.0,155,1,0,0,0.0,0,0,0.0,0,0.0,1,1.0,0,0.0,0,0.0,0,0.0
1641731,Bilal Coulibaly,1610612764,WAS,47,13,34,1252.0,2129,22,8,11,0.727,5,6,0.833,22,1.0,7,0.318,0,0.0,1,0.045,3,0.136
202687,Bismack Biyombo,1610612759,SAS,20,16,4,117.0,137,8,0,2,0.0,0,0,0.0,0,0.0,6,0.75,1,0.167,0,0.0,0,0.0
1642396,Blake Hinson,1610612762,UTA,10,3,7,202.0,237,5,1,4,0.25,0,0,0.0,2,0.4,0,0.0,0,0.0,1,0.2,0,0.0
1631104,Blake Wesley,1610612757,POR,23,14,9,301.0,659,4,1,2,0.5,0,0,0.0,2,0.5,1,0.25,0,0.0,1,0.25,0,0.0
1626171,Bobby Portis,1610612749,MIL,66,26,40,1600.0,3043,71,22,33,0.667,1,2,0.5,46,0.648,33,0.465,6,0.182,4,0.056,1,0.014
1641752,Bobi Klintman,1610612765,DET,11,7,4,69.0,97,3,0,2,0.0,0,0,0.0,0,0.0,1,0.333,0,0.0,0,0.0,0,0.0
203992,Bogdan Bogdanović,1610612746,LAC,20,5,15,421.0,743,5,0,1,0.0,0,0,0.0,0,0.0,3,0.6,1,0.333,0,0.0,0,0.0
1630538,Bones Hyland,1610612750,MIN,61,38,23,925.0,2184,7,3,3,1.0,0,0,0.0,6,0.857,3,0.429,1,0.333,0,0.0,0,0.0
203078,Bradley Beal,1610612746,LAC,6,2,4,121.0,177,1,0,1,0.0,0,0,0.0,0,0.0,0,0.0,0,0.0,0,0.0,0,0.0
1642382,Branden Carlson,1610612760,OKC,35,27,8,376.0,523,20,6,10,0.6,2,2,1.0,14,0.7,8,0.4,4,0.5,1,0.05,1,0.05
1641764,Brandin Podziemski,1610612744,GSW,69,33,36,1941.0,4156,55,12,19,0.632,3,4,0.75,29,0.527,29,0.527,5,0.172,4,0.073,2,0.036
1629634,Brandon Clarke,1610612763,MEM,2,1,1,20.0,27,4,1,2,0.5,0,0,0.0,2,0.5,2,0.5,0,0.0,0,0.0,0,0.0
1627742,Brandon Ingram,1610612761,TOR,66,38,28,2251.0,3687,67,15,37,0.405,6,8,0.75,36,0.537,18,0.269,1,0.056,5,0.075,4,0.06
1641706,Brandon Miller,1610612766,CHA,53,33,20,1596.0,3155,70,17,34,0.5,4,4,1.0,40,0.571,32,0.457,6,0.188,2,0.029,2,0.029
1630314,Brandon Williams,1610612742,DAL,60,21,39,1320.0,2884,17,4,8,0.5,4,4,1.0,12,0.706,6,0.353,1,0.167,0,0.0,2,0.118
1641729,Brice Sensabaugh,1610612762,UTA,66,18,48,1497.0,2241,36,12,20,0.6,3,4,0.75,27,0.75,7,0.194,1,0.143,1,0.028,2,0.056
1642355,Bronny James,1610612747,LAL,32,17,15,224.0,415,0,0,0,0.0,0,0,0.0,0,0.0,0,0.0,0,0.0,0,0.0,0,0.0
201572,Brook Lopez,1610612746,LAC,63,33,30,1302.0,1512,56,10,22,0.455,5,8,0.625,25,0.446,26,0.464,7,0.269,2,0.036,4,0.071
1642964,Brooks Barnhizer,1610612760,OKC,34,25,9,271.0,289,7,0,1,0.0,0,0,0.0,0,0.0,5,0.714,1,0.2,1,0.143,0,0.0
1628971,Bruce Brown,1610612743,DEN,70,42,28,1726.0,2599,57,16,32,0.5,4,6,0.667,39,0.684,18,0.316,6,0.333,3,0.053,4,0.07
1631121,Bryce McGowens,1610612740,NOP,42,14,28,880.0,1147,7,2,3,0.667,1,2,0.5,5,0.714,3,0.429,0,0.0,0,0.0,1,0.143
1642267,Bub Carrington,1610612764,WAS,69,16,53,1900.0,4079,12,3,4,0.75,0,0,0.0,6,0.5,8,0.667,4,0.5,0,0.0,0,0.0
1631205,Buddy Boeheim,1610612760,OKC,4,2,2,15.0,12,0,0,0,0.0,0,0,0.0,0,0.0,0,0.0,0,0.0,0,0.0,0,0.0
1627741,Buddy Hield,1610612737,ATL,46,22,24,775.0,1407,25,11,13,0.846,2,4,0.5,24,0.96,10,0.4,2,0.2,0,0.0,2,0.08
203468,CJ McCollum,1610612737,ATL,64,29,35,1909.0,3668,38,10,13,0.769,5,7,0.714,29,0.763,20,0.526,5,0.25,1,0.026,3,0.079
1630595,Cade Cunningham,1610612765,DET,61,44,17,2096.0,5502,60,17,26,0.654,6,8,0.75,41,0.683,24,0.4,7,0.292,5,0.083,4,0.067
1631216,Caleb Houstan,1610612737,ATL,14,9,5,59.0,63,2,1,2,0.5,0,0,0.0,2,1.0,0,0.0,0,0.0,0,0.0,0,0.0
1631126,Caleb Love,1610612757,POR,45,21,24,999.0,1828,11,5,6,0.833,0,0,0.0,10,0.909,5,0.455,0,0.0,0,0.0,0,0.0
1628997,Caleb Martin,1610612742,DAL,58,20,38,856.0,1040,16,1,4,0.25,0,1,0.0,3,0.188,10,0.625,1,0.1,1,0.063,1,0.063
1642353,Cam Christie,1610612746,LAC,47,22,25,434.0,651,5,1,1,1.0,2,2,1.0,4,0.8,3,0.6,0,0.0,0,0.0,1,0.2
1642285,Cam Spencer,1610612763,MEM,65,23,42,1546.0,3485,22,5,8,0.625,0,0,0.0,10,0.455,14,0.636,2,0.143,0,0.0,0,0.0
1630560,Cam Thomas,1610612749,MIL,41,11,30,865.0,1677,12,3,6,0.5,0,0,0.0,7,0.583,4,0.333,1,0.25,1,0.083,0,0.0
1641715,Cam Whitmore,1610612764,WAS,21,3,18,354.0,432,8,4,8,0.5,0,0,0.0,10,1.25,0,0.0,0,0.0,0,0.0,0,0.0
1629661,Cameron Johnson,1610612743,DEN,44,27,17,1340.0,1676,28,10,15,0.667,1,2,0.5,22,0.786,10,0.357,0,0.0,0,0.0,1,0.036
1626166,Cameron Payne,1610612755,PHI,15,7,8,260.0,621,1,0,0,0.0,0,0,0.0,0,0.0,1,1.0,0,0.0,0,0.0,0,0.0
1627747,Caris LeVert,1610612765,DET,49,35,14,953.0,1698,19,5,8,0.625,2,2,1.0,12,0.632,6,0.316,1,0.167,3,0.158,1,0.053
1642868,Carter Bryant,1610612759,SAS,59,46,13,620.0,737,20,3,7,0.429,0,2,0.0,6,0.3,11,0.55,3,0.273,0,0.0,1,0.05
1641717,Cason Wallace,1610612760,OKC,67,52,15,1826.0,2569,36,7,9,0.778,2,4,0.5,16,0.444,22,0.611,5,0.227,2,0.056,1,0.028
1642907,Cedric Coward,1610612763,MEM,54,19,35,1403.0,2994,31,8,13,0.615,6,8,0.75,23,0.742,13,0.419,2,0.154,0,0.0,4,0.129
1643052,Chaney Johnson,1610612751,BKN,6,1,5,123.0,179,12,1,3,0.333,0,0,0.0,2,0.167,9,0.75,1,0.111,0,0.0,0,0.0
1629646,Charles Bassey,1610612738,BOS,4,1,3,37.0,41,3,0,2,0.0,1,2,0.5,1,0.333,0,0.0,0,0.0,0,0.0,1,0.333
1642404,Chaz Lanier,1610612765,DET,25,21,4,193.0,192,2,1,1,1.0,0,0,0.0,2,1.0,1,0.5,0,0.0,0,0.0,0,0.0
1631096,Chet Holmgren,1610612760,OKC,60,48,12,1759.0,2771,106,30,52,0.577,10,14,0.714,72,0.679,33,0.311,9,0.273,10,0.094,6,0.057
1628449,Chris Boucher,1610612738,BOS,9,4,5,94.0,113,2,1,1,1.0,0,0,0.0,2,1.0,1,0.5,0,0.0,0,0.0,0,0.0
1641753,Chris Livingston,1610612739,CLE,3,2,1,17.0,21,0,0,0,0.0,0,0,0.0,0,0.0,0,0.0,0,0.0,0,0.0,0,0.0
1643024,Chris Mañon,1610612747,LAL,6,2,4,25.0,31,2,0,0,0.0,0,0,0.0,0,0.0,2,1.0,0,0.0,0,0.0,0,0.0
101108,Chris Paul,1610612746,LAC,16,4,12,228.0,510,6,0,0,0.0,0,0,0.0,0,0.0,6,1.0,1,0.167,0,0.0,0,0.0
1642959,Chris Youngblood,1610612757,POR,32,27,5,174.0,171,1,1,1,1.0,0,0,0.0,3,3.0,0,0.0,0,0.0,0,0.0,0,0.0
1631128,Christian Braun,1610612743,DEN,34,19,15,1088.0,1647,65,17,28,0.607,9,10,0.9,44,0.677,24,0.369,5,0.208,5,0.077,3,0.046
1631132,Christian Koloko,1610612737,ATL,23,13,10,314.0,354,20,1,6,0.167,1,2,0.5,3,0.15,11,0.55,1,0.091,2,0.1,1,0.05
1642935,Chucky Hepburn,1610612761,TOR,2,0,2,13.0,31,0,0,0,0.0,0,0,0.0,0,0.0,0,0.0,0,0.0,0,0.0,0,0.0
203991,Clint Capela,1610612745,HOU,62,37,25,776.0,964,72,12,22,0.545,10,18,0.556,34,0.472,38,0.528,11,0.289,2,0.028,8,0.111
1629632,Coby White,1610612766,CHA,39,21,18,1043.0,2161,10,2,4,0.5,0,0,0.0,5,0.5,5,0.5,1,0.2,0,0.0,1,0.1
1628998,Cody Martin,1610612754,IND,4,0,4,55.0,73,1,0,0,0.0,0,0,0.0,0,0.0,1,1.0,0,0.0,0,0.0,0,0.0
1642262,Cody Williams,1610612762,UTA,56,15,41,1244.0,1474,35,9,19,0.474,2,4,0.5,20,0.571,13,0.371,1,0.077,1,0.029,2,0.057
1641732,Colby Jones,1610612765,DET,1,0,1,7.0,11,0,0,0,0.0,0,0,0.0,0,0.0,0,0.0,0,0.0,0,0.0,0,0.0
1630175,Cole Anthony,1610612749,MIL,35,12,23,527.0,1285,2,0,0,0.0,0,0,0.0,0,0.0,1,0.5,0,0.0,1,0.5,0,0.0
1630658,Colin Castleton,1610612753,ORL,1,0,1,10.0,15,1,0,1,0.0,0,0,0.0,0,0.0,0,0.0,0,0.0,0,0.0,0,0.0
1631221,Collin Gillespie,1610612756,PHX,69,38,31,1998.0,4222,38,4,5,0.8,1,2,0.5,11,0.289,31,0.816,10,0.323,1,0.026,1,0.026
1642867,Collin Murray-Boyles,1610612761,TOR,47,25,22,1046.0,1575,103,20,33,0.606,4,6,0.667,47,0.456,55,0.534,13,0.236,6,0.058,3,0.029
1629012,Collin Sexton,1610612741,CHI,56,22,34,1275.0,2666,27,7,14,0.5,6,8,0.75,19,0.704,6,0.222,1,0.167,1,0.037,4,0.148
1642843,Cooper Flagg,1610612742,DAL,58,19,39,1946.0,3892,62,22,33,0.667,12,12,1.0,58,0.935,21,0.339,2,0.095,1,0.016,6,0.097
1630557,Corey Kispert,1610612737,ATL,48,21,27,933.0,1234,15,5,10,0.5,2,2,1.0,12,0.8,4,0.267,1,0.25,0,0.0,1,0.067
1642504,Cormac Ryan,1610612749,MIL,1,0,1,8.0,10,0,0,0,0.0,0,0,0.0,0,0.0,0,0.0,0,0.0,0,0.0,0,0.0
1641854,Craig Porter Jr.,1610612739,CLE,58,39,19,1024.0,1998,41,8,13,0.615,2,2,1.0,18,0.439,23,0.561,8,0.348,2,0.049,1,0.024
1642938,Curtis Jones,1610612743,DEN,6,4,2,31.0,46,1,1,1,1.0,0,0,0.0,2,2.0,0,0.0,0,0.0,0,0.0,0,0.0
1626156,D'Angelo Russell,1610612764,WAS,26,9,17,495.0,1209,2,0,1,0.0,0,0,0.0,0,0.0,1,0.5,0,0.0,0,0.0,0,0.0
1641747,DaRon Holmes II,1610612743,DEN,19,11,8,194.0,251,14,0,1,0.0,0,0,0.0,0,0.0,13,0.929,3,0.231,0,0.0,0,0.0
1631342,Daeqwon Plowden,1610612758,SAC,21,6,15,514.0,639,15,4,6,0.667,6,6,1.0,14,0.933,5,0.333,0,0.0,0,0.0,3,0.2
1630625,Dalano Banton,1610612738,BOS,5,3,2,25.0,51,0,0,0,0.0,0,0,0.0,0,0.0,0,0.0,0,0.0,0,0.0,0,0.0
1631207,Dalen Terry,1610612755,PHI,43,18,25,511.0,865,9,3,3,1.0,0,0,0.0,7,0.778,6,0.667,2,0.333,0,0.0,0,0.0
1642261,Dalton Knecht,1610612747,LAL,48,29,19,509.0,645,13,4,5,0.8,0,0,0.0,8,0.615,6,0.462,1,0.167,2,0.154,0,0.0
1629655,Daniel Gafford,1610612742,DAL,49,11,38,1062.0,1374,88,27,42,0.643,10,12,0.833,66,0.75,32,0.364,7,0.219,4,0.045,6,0.068
1642450,Daniss Jenkins,1610612765,DET,59,44,15,1040.0,2282,17,2,6,0.333,2,2,1.0,6,0.353,10,0.588,4,0.4,0,0.0,1,0.059
1642874,Danny Wolf,1610612751,BKN,55,14,41,1150.0,1956,37,6,13,0.462,8,8,1.0,20,0.541,16,0.432,5,0.313,3,0.081,4,0.108
203967,Dario Saric,1610612758,SAC,5,1,4,41.0,40,0,0,0,0.0,0,0,0.0,0,0.0,0,0.0,0,0.0,0,0.0,0,0.0
1642468,Darius Brown,1610612739,CLE,1,1,0,3.0,5,0,0,0,0.0,0,0,0.0,0,0.0,0,0.0,0,0.0,0,0.0,0,0.0
1629636,Darius Garland,1610612746,LAC,34,18,16,1010.0,2248,8,3,3,1.0,0,0,0.0,6,0.75,3,0.375,2,0.667,2,0.25,0,0.0
1642357,David Jones Garcia,1610612759,SAS,11,7,4,68.0,132,1,0,0,0.0,0,0,0.0,0,0.0,1,1.0,0,0.0,0,0.0,0,0.0
1631223,David Roddy,1610612743,DEN,2,1,1,12.0,31,0,0,0,0.0,0,0,0.0,0,0.0,0,0.0,0,0.0,0,0.0,0,0.0
1630558,Davion Mitchell,1610612748,MIA,59,33,26,1667.0,3818,11,2,3,0.667,0,0,0.0,4,0.364,7,0.636,2,0.286,0,0.0,0,0.0
1630549,Day'Ron Sharpe,1610612751,BKN,62,17,45,1160.0,2177,177,31,47,0.66,4,14,0.286,70,0.395,108,0.61,21,0.194,7,0.04,7,0.04
1628368,De'Aaron Fox,1610612759,SAS,61,46,15,1916.0,4074,35,11,16,0.688,0,0,0.0,23,0.657,17,0.486,3,0.176,2,0.057,0,0.0
1629631,De'Andre Hunter,1610612758,SAC,45,24,21,1175.0,1836,37,14,19,0.737,7,10,0.7,35,0.946,9,0.243,1,0.111,3,0.081,5,0.135
1629001,De'Anthony Melton,1610612744,GSW,38,19,19,866.0,1923,34,5,9,0.556,0,0,0.0,10,0.294,20,0.588,2,0.1,3,0.088,0,0.0
201599,DeAndre Jordan,1610612740,NOP,10,6,4,163.0,190,10,2,2,1.0,1,2,0.5,6,0.6,5,0.5,2,0.4,2,0.2,0,0.0
1630610,DeJon Jarreau,1610612763,MEM,3,1,2,57.0,125,3,0,0,0.0,0,0,0.0,0,0.0,3,1.0,1,0.333,0,0.0,0,0.0
201942,DeMar DeRozan,1610612758,SAC,69,17,52,2184.0,2986,102,22,42,0.524,14,16,0.875,59,0.578,48,0.471,7,0.146,2,0.02,8,0.078
1629731,Dean Wade,1610612739,CLE,55,33,22,1235.0,1564,34,9,13,0.692,7,8,0.875,25,0.735,14,0.412,1,0.071,1,0.029,4,0.118
1629028,Deandre Ayton,1610612747,LAL,61,39,22,1682.0,2285,231,63,117,0.538,12,24,0.5,139,0.602,84,0.364,15,0.179,11,0.048,12,0.052
1627749,Dejounte Murray,1610612740,NOP,9,5,4,246.0,604,1,1,1,1.0,0,0,0.0,2,2.0,0,0.0,0,0.0,0,0.0,0,0.0
1630166,Deni Avdija,1610612757,POR,54,27,27,1802.0,4509,60,13,23,0.565,8,10,0.8,37,0.617,26,0.433,4,0.154,3,0.05,5,0.083
203471,Dennis Schröder,1610612739,CLE,59,21,38,1479.0,3498,6,1,2,0.5,0,0,0.0,2,0.333,4,0.667,1,0.25,0,0.0,0,0.0
1641726,Dereck Lively II,1610612742,DAL,7,3,4,115.0,170,14,1,4,0.25,0,2,0.0,2,0.143,8,0.571,4,0.5,1,0.071,1,0.071
1642852,Derik Queen,1610612740,NOP,70,25,45,1731.0,3449,102,27,43,0.628,13,16,0.813,68,0.667,40,0.392,6,0.15,8,0.078,8,0.078
1627884,Derrick Jones Jr.,1610612746,LAC,38,18,20,1039.0,1296,28,11,16,0.688,6,6,1.0,30,1.071,8,0.286,3,0.375,0,0.0,3,0.107
1628401,Derrick White,1610612738,BOS,66,44,22,2260.0,5264,12,5,6,0.833,2,2,1.0,12,1.0,4,0.333,1,0.25,1,0.083,1,0.083
1630217,Desmond Bane,1610612753,ORL,69,38,31,2356.0,4194,33,12,21,0.571,0,0,0.0,26,0.788,8,0.242,0,0.0,3,0.091,0,0.0
1626164,Devin Booker,1610612756,PHX,54,32,22,1810.0,3488,38,13,21,0.619,0,0,0.0,28,0.737,15,0.395,4,0.267,1,0.026,0,0.0
1642269,Devin Carter,1610612758,SAC,27,4,23,386.0,806,8,3,4,0.75,0,0,0.0,6,0.75,3,0.375,2,0.667,0,0.0,0,0.0
1630170,Devin Vassell,1610612759,SAS,56,43,13,1724.0,2410,25,3,5,0.6,4,6,0.667,11,0.44,16,0.64,6,0.375,1,0.04,3,0.12
1628415,Dillon Brooks,1610612756,PHX,50,30,20,1530.0,2156,18,7,10,0.7,0,0,0.0,15,0.833,4,0.222,0,0.0,2,0.111,1,0.056
1641794,Dillon Jones,1610612752,NYK,5,4,1,24.0,44,0,0,0,0.0,0,0,0.0,0,0.0,0,0.0,0,0.0,0,0.0,0,0.0
1627734,Domantas Sabonis,1610612758,SAC,19,3,16,564.0,1212,137,42,61,0.689,14,18,0.778,99,0.723,54,0.394,7,0.13,9,0.066,9,0.066
1631230,Dominick Barlow,1610612755,PHI,58,32,26,1415.0,1661,47,10,19,0.526,3,6,0.5,23,0.489,24,0.511,4,0.167,1,0.021,3,0.064
1642270,Donovan Clingan,1610612757,POR,65,33,32,1774.0,2723,105,13,30,0.433,16,26,0.615,45,0.429,53,0.505,19,0.358,6,0.057,12,0.114
1628378,Donovan Mitchell,1610612739,CLE,61,38,23,2043.0,4395,28,11,13,0.846,1,2,0.5,24,0.857,12,0.429,3,0.25,0,0.0,1,0.036
1628978,Donte DiVincenzo,1610612750,MIN,70,43,27,2155.0,3882,17,3,3,1.0,0,0,0.0,6,0.353,13,0.765,1,0.077,1,0.059,0,0.0
1627827,Dorian Finney-Smith,1610612745,HOU,32,20,12,562.0,670,10,0,1,0.0,0,0,0.0,0,0.0,9,0.9,1,0.111,0,0.0,0,0.0
203926,Doug McDermott,1610612758,SAC,18,4,14,220.0,294,2,1,1,1.0,0,0,0.0,2,1.0,1,0.5,0,0.0,0,0.0,0,0.0
1642962,Drake Powell,1610612751,BKN,52,13,39,1011.0,1391,14,4,6,0.667,0,0,0.0,8,0.571,8,0.571,0,0.0,0,0.0,0,0.0
203110,Draymond Green,1610612744,GSW,56,27,29,1524.0,3854,109,9,20,0.45,3,8,0.375,21,0.193,73,0.67,13,0.178,8,0.073,4,0.037
1629234,Drew Eubanks,1610612758,SAC,42,10,32,552.0,666,80,21,43,0.488,3,6,0.5,47,0.588,26,0.325,0,0.0,8,0.1,3,0.038
1641809,Drew Peterson,1610612766,CHA,6,1,5,64.0,78,2,0,0,0.0,0,0,0.0,0,0.0,2,1.0,0,0.0,0,0.0,0,0.0
1631166,Drew Timme,1610612747,LAL,21,13,8,179.0,262,7,2,3,0.667,0,0,0.0,4,0.571,4,0.571,0,0.0,0,0.0,0,0.0
1630696,Dru Smith,1610612748,MIA,66,36,30,1115.0,2267,30,9,13,0.692,0,0,0.0,19,0.633,16,0.533,2,0.125,0,0.0,0,0.0
1629130,Duncan Robinson,1610612765,DET,67,49,18,1847.0,2174,7,3,5,0.6,1,2,0.5,7,1.0,1,0.143,0,0.0,0,0.0,1,0.143
1641871,Duop Reath,1610612757,POR,32,16,16,258.0,305,9,3,5,0.6,0,0,0.0,6,0.667,4,0.444,1,0.25,0,0.0,0,0.0
203939,Dwight Powell,1610612742,DAL,53,16,37,713.0,839,68,12,19,0.632,8,16,0.5,35,0.515,39,0.574,4,0.103,1,0.015,8,0.118
1642928,Dylan Cardwell,1610612758,SAC,32,9,23,662.0,756,65,10,20,0.5,0,4,0.0,22,0.338,38,0.585,9,0.237,1,0.015,3,0.046
1642844,Dylan Harper,1610612759,SAS,57,43,14,1265.0,2661,29,7,14,0.5,3,4,0.75,17,0.586,12,0.414,1,0.083,0,0.0,2,0.069
1630700,Dyson Daniels,1610612737,ATL,65,37,28,2164.0,4241,129,44,62,0.71,1,2,0.5,90,0.698,54,0.419,13,0.241,7,0.054,1,0.008
1630604,E.J. Liddell,1610612751,BKN,16,2,14,122.0,167,3,0,0,0.0,1,2,0.5,1,0.333,2,0.667,0,0.0,0,0.0,0,0.0
1642856,Egor Dëmin,1610612751,BKN,52,14,38,1308.0,2810,20,6,8,0.75,0,0,0.0,13,0.65,11,0.55,2,0.182,0,0.0,0,0.0
1641989,Elijah Harkless,1610612762,UTA,21,5,16,380.0,601,3,0,1,0.0,0,0,0.0,0,0.0,2,0.667,0,0.0,0,0.0,0,0.0
1641801,Emanuel Miller,1610612759,SAS,5,0,5,33.0,44,1,1,1,1.0,0,0,0.0,2,2.0,0,0.0,0,0.0,0,0.0,0,0.0
1642402,Enrique Freeman,1610612750,MIN,2,1,1,8.0,8,0,0,0,0.0,0,0,0.0,0,0.0,0,0.0,0,0.0,0,0.0,0,0.0
201569,Eric Gordon,1610612755,PHI,6,3,3,74.0,103,0,0,0,0.0,0,0,0.0,0,0.0,0,0.0,0,0.0,0,0.0,0,0.0
1630679,Ethan Thompson,1610612754,IND,24,5,19,417.0,607,5,1,2,0.5,1,2,0.5,3,0.6,1,0.2,0,0.0,1,0.2,0,0.0
1630596,Evan Mobley,1610612739,CLE,55,33,22,1785.0,3641,185,37,69,0.536,22,32,0.688,97,0.524,78,0.422,19,0.244,12,0.065,16,0.086
1630532,Franz Wagner,1610612753,ORL,28,16,12,891.0,1606,55,10,29,0.345,6,8,0.75,26,0.473,19,0.345,4,0.211,0,0.0,3,0.055
1641713,GG Jackson,1610612763,MEM,46,15,31,952.0,1711,19,9,10,0.9,0,0,0.0,18,0.947,8,0.421,1,0.125,1,0.053,0,0.0
1629216,Gabe Vincent,1610612737,ATL,41,28,13,709.0,930,5,1,1,1.0,0,0,0.0,2,0.4,4,0.8,2,0.5,0,0.0,0,0.0
202066,Garrett Temple,1610612761,TOR,17,8,9,52.0,105,0,0,0,0.0,0,0,0.0,0,0.0,0,0.0,0,0.0,0,0.0,0,0.0
1629726,Garrison Mathews,1610612754,IND,15,4,11,196.0,255,3,1,1,1.0,2,2,1.0,4,1.333,0,0.0,0,0.0,1,0.333,1,0.333
203914,Gary Harris,1610612749,MIL,45,15,30,617.0,654,4,0,1,0.0,0,0,0.0,0,0.0,2,0.5,1,0.5,1,0.25,0,0.0
1627780,Gary Payton II,1610612744,GSW,62,29,33,907.0,1706,57,18,21,0.857,1,4,0.25,38,0.667,32,0.561,9,0.281,1,0.018,2,0.035
1629018,Gary Trent Jr.,1610612749,MIL,57,22,35,1192.0,1112,2,1,1,1.0,0,0,0.0,2,1.0,1,0.5,0,0.0,0,0.0,0,0.0
203507,Giannis Antetokounmpo,1610612749,MIL,36,17,19,1039.0,2553,168,40,67,0.597,19,26,0.731,98,0.583,75,0.446,20,0.267,8,0.048,12,0.071
1629048,Goga Bitadze,1610612753,ORL,51,27,24,761.0,1079,48,9,13,0.692,5,10,0.5,24,0.5,30,0.625,2,0.067,0,0.0,3,0.063
1641711,Gradey Dick,1610612761,TOR,64,36,28,959.0,1074,24,11,15,0.733,4,4,1.0,26,1.083,4,0.167,0,0.0,1,0.042,2,0.083
1641761,Grant Nelson,1610612751,BKN,4,0,4,35.0,59,15,0,3,0.0,1,2,0.5,1,0.067,9,0.6,3,0.333,1,0.067,1,0.067
1629684,Grant Williams,1610612766,CHA,26,18,8,508.0,706,13,3,3,1.0,0,0,0.0,6,0.462,6,0.462,2,0.333,2,0.154,0,0.0
1628960,Grayson Allen,1610612756,PHX,44,24,20,1312.0,2473,19,4,5,0.8,1,2,0.5,10,0.526,12,0.632,2,0.167,1,0.053,1,0.053
1627824,Guerschon Yabusele,1610612741,CHI,59,30,29,808.0,1141,33,7,13,0.538,0,0,0.0,14,0.424,20,0.606,2,0.1,0,0.0,0,0.0
1630611,Gui Santos,1610612744,GSW,58,26,32,1099.0,2041,40,6,11,0.545,2,2,1.0,14,0.35,26,0.65,9,0.346,1,0.025,1,0.025
203084,Harrison Barnes,1610612759,SAS,65,47,18,1723.0,2127,42,5,11,0.455,2,2,1.0,12,0.286,24,0.571,3,0.125,4,0.095,1,0.024
1631127,Harrison Ingram,1610612759,SAS,5,4,1,17.0,27,1,1,1,1.0,0,0,0.0,2,2.0,0,0.0,0,0.0,0,0.0,0,0.0
1629312,Haywood Highsmith,1610612756,PHX,6,3,3,80.0,92,1,0,0,0.0,0,0,0.0,0,0.0,1,1.0,0,0.0,0,0.0,0,0.0
1630529,Herbert Jones,1610612740,NOP,48,22,26,1388.0,2228,20,2,8,0.25,2,2,1.0,7,0.35,9,0.45,3,0.333,2,0.1,1,0.05
1642864,Hugo González,1610612738,BOS,64,43,21,980.0,1141,17,7,8,0.875,0,0,0.0,14,0.824,9,0.529,2,0.222,0,0.0,0,0.0
1630621,Hunter Dickinson,1610612740,NOP,1,0,1,5.0,7,1,0,1,0.0,0,0,0.0,0,0.0,0,0.0,0,0.0,0,0.0,0,0.0
1642282,Hunter Sallis,1610612755,PHI,7,3,4,26.0,62,0,0,0,0.0,0,0,0.0,0,0.0,0,0.0,0,0.0,0,0.0,0,0.0
1641816,Hunter Tyson,1610612743,DEN,21,15,6,162.0,212,2,0,1,0.0,0,0,0.0,0,0.0,1,0.5,1,1.0,0,0.0,0,0.0
1630193,Immanuel Quickley,1610612761,TOR,65,38,27,2114.0,4799,37,10,17,0.588,2,2,1.0,23,0.622,18,0.486,7,0.389,1,0.027,1,0.027
1642403,Isaac Jones,1610612765,DET,5,3,2,24.0,15,0,0,0,0.0,0,0,0.0,0,0.0,0,0.0,0,0.0,0,0.0,0,0.0
1630171,Isaac Okoro,1610612741,CHI,55,25,30,1480.0,1620,33,8,15,0.533,2,2,1.0,18,0.545,14,0.424,2,0.143,1,0.03,1,0.03
1642268,Isaiah Collier,1610612762,UTA,59,16,43,1517.0,4024,16,7,8,0.875,0,0,0.0,14,0.875,8,0.5,3,0.375,0,0.0,0,0.0
1642384,Isaiah Crawford,1610612745,HOU,11,5,6,67.0,51,0,0,0,0.0,0,0,0.0,0,0.0,0,0.0,0,0.0,0,0.0,0,0.0
1628392,Isaiah Hartenstein,1610612760,OKC,38,31,7,951.0,1791,135,27,49,0.551,11,20,0.55,69,0.511,66,0.489,14,0.212,4,0.03,11,0.081
1630543,Isaiah Jackson,1610612746,LAC,51,16,35,838.0,1103,71,16,26,0.615,2,2,1.0,36,0.507,36,0.507,6,0.167,6,0.085,1,0.014
1630198,Isaiah Joe,1610612760,OKC,61,47,14,1335.0,1775,20,4,6,0.667,2,2,1.0,10,0.5,11,0.55,3,0.273,2,0.1,1,0.05
1630587,Isaiah Livers,1610612756,PHX,34,20,14,333.0,363,6,1,1,1.0,0,0,0.0,2,0.333,5,0.833,2,0.4,0,0.0,0,0.0
1641815,Isaiah Stevens,1610612758,SAC,3,0,3,43.0,94,2,1,1,1.0,0,0,0.0,2,1.0,0,0.0,0,0.0,1,0.5,0,0.0
1630191,Isaiah Stewart,1610612765,DET,55,39,16,1273.0,1434,123,28,49,0.571,8,12,0.667,64,0.52,62,0.504,16,0.258,4,0.033,5,0.041
1627826,Ivica Zubac,1610612754,IND,48,17,31,1447.0,2304,227,57,99,0.576,4,8,0.5,123,0.542,103,0.454,11,0.107,14,0.062,4,0.018
1631120,JD Davison,1610612745,HOU,25,20,5,184.0,341,2,0,0,0.0,0,0,0.0,0,0.0,1,0.5,0,0.0,0,0.0,0,0.0
1629630,Ja Morant,1610612763,MEM,20,7,13,568.0,1431,6,2,2,1.0,0,0,0.0,4,0.667,3,0.5,1,0.333,1,0.167,0,0.0
1642266,Ja'Kobe Walter,1610612761,TOR,58,34,24,1096.0,1311,24,9,10,0.9,5,6,0.833,24,1.0,11,0.458,3,0.273,0,0.0,3,0.125
1631095,Jabari Smith Jr.,1610612745,HOU,64,38,26,2238.0,3241,80,21,42,0.5,7,10,0.7,51,0.638,28,0.35,4,0.143,3,0.038,5,0.063
1631133,Jabari Walker,1610612755,PHI,56,31,25,701.0,843,22,4,8,0.5,6,6,1.0,14,0.636,10,0.455,2,0.2,0,0.0,3,0.136
1631210,Jacob Toppin,1610612737,ATL,5,3,2,17.0,35,1,0,0,0.0,0,0,0.0,0,0.0,1,1.0,0,0.0,0,0.0,0,0.0
1630702,Jaden Hardy,1610612764,WAS,48,12,36,709.0,1026,3,1,2,0.5,0,0,0.0,2,0.667,0,0.0,0,0.0,1,0.333,0,0.0
1631093,Jaden Ivey,1610612741,CHI,37,23,14,670.0,1119,11,4,5,0.8,0,0,0.0,9,0.818,5,0.455,0,0.0,0,0.0,0,0.0
1630183,Jaden McDaniels,1610612750,MIN,68,41,27,2152.0,3166,31,13,18,0.722,0,0,0.0,26,0.839,11,0.355,4,0.364,1,0.032,0,0.0
1630256,Jae'Sean Tate,1610612745,HOU,34,24,10,287.0,372,9,7,7,1.0,0,0,0.0,15,1.667,1,0.111,0,0.0,0,0.0,0,0.0
1642942,Jahmai Mashack,1610612763,MEM,24,9,15,449.0,641,17,5,13,0.385,0,0,0.0,10,0.588,3,0.176,1,0.333,0,0.0,0,0.0
1642443,Jahmir Young,1610612748,MIA,11,8,3,51.0,113,1,0,1,0.0,0,0,0.0,0,0.0,0,0.0,0,0.0,0,0.0,0,0.0
1643141,Jahmyl Telfort,1610612746,LAC,8,2,6,32.0,30,0,0,0,0.0,0,0,0.0,0,0.0,0,0.0,0,0.0,0,0.0,0,0.0
1631170,Jaime Jaquez Jr.,1610612748,MIA,64,36,28,1830.0,4261,48,15,22,0.682,4,4,1.0,35,0.729,22,0.458,9,0.409,2,0.042,2,0.042
1631222,Jake LaRavia,1610612747,LAL,70,45,25,1732.0,2586,37,17,23,0.739,1,4,0.25,37,1.0,10,0.27,1,0.1,1,0.027,2,0.054
1627751,Jakob Poeltl,1610612761,TOR,33,20,13,845.0,1236,113,37,56,0.661,8,12,0.667,85,0.752,38,0.336,7,0.184,10,0.088,6,0.053
1628973,Jalen Brunson,1610612752,NYK,64,43,21,2231.0,5850,26,7,9,0.778,0,0,0.0,14,0.538,15,0.577,6,0.4,2,0.077,0,0.0
1631105,Jalen Duren,1610612765,DET,59,41,18,1637.0,2829,228,67,111,0.604,31,42,0.738,171,0.75,74,0.325,13,0.176,10,0.044,20,0.088
1630224,Jalen Green,1610612756,PHX,22,12,10,561.0,1036,6,4,4,1.0,0,0,0.0,8,1.333,2,0.333,0,0.0,0,0.0,0,0.0
1630552,Jalen Johnson,1610612737,ATL,62,36,26,2187.0,5590,145,51,77,0.662,15,18,0.833,120,0.828,52,0.359,23,0.442,4,0.028,9,0.062
1629618,Jalen Pickett,1610612743,DEN,44,28,16,736.0,1312,16,3,6,0.5,0,0,0.0,6,0.375,10,0.625,0,0.0,0,0.0,0,0.0
1641771,Jalen Slawson,1610612754,IND,5,0,5,128.0,208,2,1,1,1.0,0,0,0.0,2,1.0,0,0.0,0,0.0,1,0.5,0,0.0
1630188,Jalen Smith,1610612741,CHI,51,25,26,1064.0,1789,82,17,30,0.567,10,14,0.714,45,0.549,35,0.427,5,0.143,6,0.073,7,0.085
1630591,Jalen Suggs,1610612753,ORL,46,27,19,1234.0,2879,10,1,3,0.333,0,0,0.0,2,0.2,6,0.6,1,0.167,1,0.1,0,0.0
1631114,Jalen Williams,1610612760,OKC,26,19,7,755.0,1453,20,6,7,0.857,2,2,1.0,14,0.7,11,0.55,4,0.364,0,0.0,1,0.05
1630592,Jalen Wilson,1610612751,BKN,45,8,37,638.0,858,6,0,1,0.0,0,0,0.0,0,0.0,4,0.667,0,0.0,0,0.0,0,0.0
1631288,Jamal Cain,1610612753,ORL,27,15,12,215.0,252,6,1,3,0.333,2,2,1.0,4,0.667,2,0.333,1,0.5,0,0.0,1,0.167
1627750,Jamal Murray,1610612743,DEN,65,38,27,2273.0,4924,59,17,24,0.708,14,15,0.933,50,0.847,25,0.424,7,0.28,3,0.051,6,0.102
1642347,Jamal Shead,1610612761,TOR,68,39,29,1494.0,3292,20,3,8,0.375,0,0,0.0,6,0.3,10,0.5,3,0.3,0,0.0,0,0.0
1631123,Jamaree Bouyea,1610612756,PHX,36,18,18,527.0,984,5,1,1,1.0,0,0,0.0,2,0.4,2,0.4,0,0.0,1,0.2,0,0.0
201935,James Harden,1610612739,CLE,60,33,27,2097.0,4571,23,3,6,0.5,6,6,1.0,12,0.522,13,0.565,2,0.154,0,0.0,1,0.043
1630164,James Wiseman,1610612754,IND,4,0,4,58.0,61,1,0,0,0.0,1,2,0.5,1,1.0,0,0.0,0,0.0,0,0.0,1,1.0
1642364,Jamir Watkins,1610612764,WAS,37,9,28,699.0,828,27,6,8,0.75,3,8,0.375,15,0.556,15,0.556,2,0.133,0,0.0,4,0.148
1642419,Jamison Battle,1610612761,TOR,50,29,21,440.0,475,8,4,5,0.8,0,0,0.0,8,1.0,3,0.375,1,0.333,0,0.0,0,0.0
1641716,Jarace Walker,1610612754,IND,69,14,55,1765.0,2891,47,9,18,0.5,5,8,0.625,23,0.489,22,0.468,3,0.136,0,0.0,4,0.085
1642272,Jared McCain,1610612760,OKC,55,37,18,958.0,1652,11,1,4,0.25,2,2,1.0,4,0.364,5,0.455,0,0.0,1,0.091,1,0.091
1628991,Jaren Jackson Jr.,1610612762,UTA,48,19,29,1455.0,2340,44,7,21,0.333,12,14,0.857,27,0.614,11,0.25,2,0.182,0,0.0,5,0.114
1629020,Jarred Vanderbilt,1610612747,LAL,55,33,22,978.0,1257,24,4,7,0.571,2,4,0.5,10,0.417,12,0.5,4,0.333,1,0.042,2,0.083
1628386,Jarrett Allen,1610612739,CLE,51,33,18,1405.0,1968,216,68,121,0.562,29,40,0.725,166,0.769,57,0.264,9,0.158,11,0.051,20,0.093
1642859,Jase Richardson,1610612753,ORL,46,21,25,519.0,804,7,2,3,0.667,0,0,0.0,4,0.571,3,0.429,0,0.0,1,0.143,0,0.0
1642914,Javon Small,1610612763,MEM,33,12,21,626.0,1239,13,2,5,0.4,2,2,1.0,7,0.538,7,0.538,4,0.571,0,0.0,0,0.0
1631451,Javonte Cooke,1610612757,POR,19,6,13,94.0,175,2,0,1,0.0,0,0,0.0,0,0.0,0,0.0,0,0.0,1,0.5,0,0.0
1629750,Javonte Green,1610612765,DET,69,50,19,1224.0,1708,40,12,20,0.6,7,8,0.875,31,0.775,12,0.3,4,0.333,2,0.05,4,0.1
1629637,Jaxson Hayes,1610612747,LAL,58,38,20,1019.0,1124,90,23,32,0.719,11,18,0.611,58,0.644,42,0.467,5,0.119,3,0.033,9,0.1
1630643,Jay Huff,1610612754,IND,70,15,55,1448.0,2006,48,6,15,0.4,12,12,1.0,24,0.5,25,0.521,3,0.12,2,0.042,6,0.125
1627759,Jaylen Brown,1610612738,BOS,62,40,22,2116.0,4254,47,10,20,0.5,5,6,0.833,25,0.532,15,0.319,7,0.467,3,0.064,3,0.064
1641740,Jaylen Clark,1610612750,MIN,60,35,25,749.0,659,10,1,1,1.0,0,0,0.0,2,0.2,9,0.9,4,0.444,0,0.0,0,0.0
1642377,Jaylen Wells,1610612763,MEM,66,24,42,1756.0,2108,30,14,18,0.778,3,6,0.5,32,1.067,6,0.2,1,0.167,1,0.033,3,0.1
1631119,Jaylin Williams,1610612760,OKC,55,45,10,1120.0,2375,52,11,18,0.611,6,8,0.75,29,0.558,24,0.462,7,0.292,4,0.077,4,0.077
1642281,Jaylon Tyson,1610612739,CLE,64,40,24,1727.0,2578,98,29,54,0.537,5,6,0.833,65,0.663,34,0.347,10,0.294,7,0.071,3,0.031
1643257,Jayson Kent,1610612757,POR,1,1,0,3.0,3,0,0,0,0.0,0,0,0.0,0,0.0,0,0.0,0,0.0,0,0.0,0,0.0
1628369,Jayson Tatum,1610612738,BOS,6,5,1,176.0,393,4,1,1,1.0,0,0,0.0,2,0.5,3,0.75,1,0.333,0,0.0,0,0.0
201145,Jeff Green,1610612745,HOU,25,17,8,134.0,133,3,1,2,0.5,0,0,0.0,2,0.667,1,0.333,0,0.0,0,0.0,0,0.0
203924,Jerami Grant,1610612757,POR,54,25,29,1610.0,2519,39,6,12,0.5,4,4,1.0,16,0.41,19,0.487,2,0.105,4,0.103,2,0.051
1642847,Jeremiah Fears,1610612740,NOP,71,25,46,1774.0,3868,25,10,15,0.667,0,0,0.0,21,0.84,8,0.32,0,0.0,2,0.08,0,0.0
1630526,Jeremiah Robinson-Earl,1610612742,DAL,22,8,14,361.0,477,4,1,2,0.5,2,2,1.0,4,1.0,1,0.25,0,0.0,0,0.0,1,0.25
1631110,Jeremy Sochan,1610612752,NYK,39,27,12,416.0,599,31,11,16,0.688,1,2,0.5,24,0.774,13,0.419,2,0.154,1,0.032,1,0.032
1630579,Jericho Sims,1610612749,MIL,54,21,33,956.0,1290,83,9,12,0.75,2,2,1.0,20,0.241,64,0.771,6,0.094,4,0.048,1,0.012
1641724,Jett Howard,1610612753,ORL,47,25,22,598.0,660,6,3,4,0.75,0,0,0.0,6,1.0,1,0.167,1,1.0,1,0.167,0,0.0
1628975,Jevon Carter,1610612753,ORL,40,19,21,608.0,1122,4,0,0,0.0,2,2,1.0,2,0.5,2,0.5,0,0.0,1,0.25,1,0.25
202710,Jimmy Butler III,1610612744,GSW,38,23,15,1182.0,2441,64,12,21,0.571,16,16,1.0,45,0.703,30,0.469,11,0.367,1,0.016,9,0.141
1642866,Joan Beringer,1610612750,MIN,32,17,15,218.0,261,13,5,9,0.556,0,0,0.0,10,0.769,3,0.231,1,0.333,0,0.0,0,0.0
1629111,Jock Landale,1610612737,ATL,62,31,31,1370.0,1979,104,26,44,0.591,7,10,0.7,60,0.577,51,0.49,3,0.059,3,0.029,5,0.048
204060,Joe Ingles,1610612750,MIN,24,12,12,98.0,168,1,1,1,1.0,0,0,0.0,2,2.0,0,0.0,0,0.0,0,0.0,0,0.0
203954,Joel Embiid,1610612755,PHI,33,21,12,1029.0,2278,106,32,54,0.593,26,32,0.813,93,0.877,27,0.255,8,0.296,6,0.057,16,0.151
1628381,John Collins,1610612746,LAC,58,25,33,1596.0,2125,56,26,34,0.765,7,8,0.875,62,1.107,14,0.25,4,0.286,2,0.036,4,0.071
1629723,John Konchar,1610612762,UTA,44,17,27,759.0,1053,22,5,7,0.714,1,2,0.5,11,0.5,12,0.545,1,0.083,1,0.045,1,0.045
1642967,John Poulakidas,1610612742,DAL,3,1,2,47.0,54,1,0,0,0.0,0,0,0.0,0,0.0,1,1.0,1,1.0,0,0.0,0,0.0
1642910,John Tonje,1610612738,BOS,3,3,0,11.0,15,0,0,0,0.0,0,0,0.0,0,0.0,0,0.0,0,0.0,0,0.0,0,0.0
1641780,Johni Broome,1610612755,PHI,11,5,6,55.0,99,8,0,2,0.0,0,0,0.0,0,0.0,5,0.625,0,0.0,0,0.0,0,0.0
1642277,Johnny Furphy,1610612754,IND,35,10,25,643.0,958,10,1,1,1.0,0,0,0.0,2,0.2,8,0.8,1,0.125,1,0.1,0,0.0
1630548,Johnny Juzang,1610612750,MIN,21,13,8,88.0,121,2,2,2,1.0,0,0,0.0,4,2.0,0,0.0,0,0.0,0,0.0,0,0.0
202685,Jonas Valančiūnas,1610612743,DEN,58,35,23,773.0,1559,130,33,57,0.579,15,18,0.833,82,0.631,54,0.415,14,0.259,5,0.038,9,0.069
1628371,Jonathan Isaac,1610612753,ORL,52,29,23,521.0,613,34,3,7,0.429,2,2,1.0,9,0.265,21,0.618,4,0.19,1,0.029,1,0.029
1630228,Jonathan Kuminga,1610612737,ATL,26,15,11,612.0,1148,33,6,11,0.545,5,6,0.833,17,0.515,14,0.424,5,0.357,3,0.091,3,0.091
1642367,Jonathan Mogbo,1610612761,TOR,29,13,16,169.0,227,14,3,4,0.75,0,0,0.0,6,0.429,8,0.571,2,0.25,1,0.071,0,0.0
203903,Jordan Clarkson,1610612752,NYK,60,37,23,1078.0,1403,19,6,11,0.545,0,0,0.0,12,0.632,5,0.263,2,0.4,1,0.053,0,0.0
1630692,Jordan Goodwin,1610612756,PHX,60,34,26,1339.0,2351,21,2,8,0.25,2,2,1.0,6,0.286,11,0.524,5,0.455,1,0.048,0,0.0
1641722,Jordan Hawkins,1610612740,NOP,43,12,31,517.0,639,8,1,4,0.25,0,0,0.0,2,0.25,2,0.25,1,0.5,2,0.25,0,0.0
1629162,Jordan McLaughlin,1610612759,SAS,36,30,6,221.0,473,3,0,0,0.0,0,0,0.0,0,0.0,2,0.667,1,0.5,1,0.333,0,0.0
1641757,Jordan Miller,1610612746,LAC,49,29,20,1063.0,1614,27,10,14,0.714,2,4,0.5,22,0.815,9,0.333,2,0.222,0,0.0,2,0.074
1629673,Jordan Poole,1610612740,NOP,35,15,20,843.0,1587,3,2,2,1.0,0,0,0.0,4,1.333,1,0.333,0,0.0,0,0.0,0,0.0
1641775,Jordan Walsh,1610612738,BOS,58,38,20,998.0,1051,20,2,4,0.5,2,2,1.0,6,0.3,15,0.75,3,0.2,0,0.0,1,0.05
1630631,Jose Alvarado,1610612752,NYK,59,22,37,1202.0,2484,14,6,7,0.857,0,0,0.0,12,0.857,6,0.429,1,0.167,1,0.071,0,0.0
1630581,Josh Giddey,1610612741,CHI,48,20,28,1533.0,4495,44,7,15,0.467,5,6,0.833,20,0.455,21,0.477,2,0.095,4,0.091,3,0.068
1630182,Josh Green,1610612766,CHA,46,29,17,765.0,686,17,3,3,1.0,0,0,0.0,6,0.353,12,0.706,1,0.083,1,0.059,0,0.0
1628404,Josh Hart,1610612752,NYK,56,37,19,1678.0,3373,56,12,18,0.667,0,0,0.0,24,0.429,35,0.625,4,0.114,2,0.036,0,0.0
1631169,Josh Minott,1610612751,BKN,42,22,20,665.0,716,12,2,2,1.0,1,2,0.5,5,0.417,6,0.5,1,0.167,2,0.167,0,0.0
1629006,Josh Okogie,1610612745,HOU,65,39,26,1199.0,1241,35,1,4,0.25,4,6,0.667,6,0.171,27,0.771,3,0.111,1,0.029,3,0.086
201950,Jrue Holiday,1610612757,POR,41,20,21,1186.0,2786,54,7,14,0.5,4,4,1.0,20,0.37,33,0.611,8,0.242,5,0.093,2,0.037
1630577,Julian Champagnie,1610612759,SAS,70,52,18,1949.0,2625,21,5,7,0.714,4,4,1.0,14,0.667,9,0.429,0,0.0,2,0.095,2,0.095
1641763,Julian Phillips,1610612750,MIN,42,16,26,363.0,317,3,1,2,0.5,0,0,0.0,2,0.667,0,0.0,0,0.0,1,0.333,0,0.0
1642882,Julian Reese,1610612764,WAS,5,0,5,148.0,189,25,4,7,0.571,4,4,1.0,12,0.48,10,0.4,0,0.0,3,0.12,2,0.08
1631124,Julian Strawther,1610612743,DEN,46,27,19,691.0,966,9,1,3,0.333,1,2,0.5,3,0.333,3,0.333,0,0.0,1,0.111,1,0.111
203944,Julius Randle,1610612750,MIN,70,43,27,2309.0,4249,138,33,54,0.611,15,18,0.833,87,0.63,61,0.442,17,0.279,8,0.058,9,0.065
1630551,Justin Champagnie,1610612764,WAS,60,13,47,1167.0,1726,32,8,15,0.533,3,4,0.75,21,0.656,12,0.375,3,0.25,3,0.094,2,0.063
1642348,Justin Edwards,1610612755,PHI,52,30,22,794.0,1142,9,1,5,0.2,1,2,0.5,3,0.333,3,0.333,0,0.0,0,0.0,1,0.111
203994,Jusuf Nurkić,1610612762,UTA,41,14,27,1083.0,2372,123,42,71,0.592,7,16,0.438,92,0.748,36,0.293,11,0.306,6,0.049,8,0.065
1642354,KJ Simpson,1610612743,DEN,17,7,10,246.0,540,4,1,1,1.0,0,0,0.0,2,0.5,2,0.5,0,0.0,0,0.0,0,0.0
1642955,Kadary Richmond,1610612764,WAS,3,2,1,67.0,85,1,1,1,1.0,0,0,0.0,2,2.0,0,0.0,0,0.0,0,0.0,0,0.0
1642880,Kam Jones,1610612754,IND,30,4,26,463.0,904,8,2,2,1.0,0,0,0.0,4,0.5,6,0.75,0,0.0,0,0.0,0,0.0
1626157,Karl-Anthony Towns,1610612752,NYK,65,42,23,2031.0,3368,131,34,54,0.63,20,23,0.87,92,0.702,48,0.366,10,0.208,9,0.069,12,0.092
1631255,Karlo Matković,1610612740,NOP,57,24,33,828.0,944,36,5,8,0.625,3,4,0.75,13,0.361,26,0.722,5,0.192,0,0.0,2,0.056
1642857,Kasparas Jakučionis,1610612748,MIA,43,24,19,764.0,1398,7,0,3,0.0,0,0,0.0,0,0.0,4,0.571,2,0.5,0,0.0,0,0.0
202695,Kawhi Leonard,1610612746,LAC,54,30,24,1742.0,3133,78,30,47,0.638,15,15,1.0,81,1.038,19,0.244,7,0.368,3,0.038,8,0.103
1630811,Keaton Wallace,1610612737,ATL,47,27,20,478.0,1097,2,1,1,1.0,0,0,0.0,2,1.0,1,0.5,0,0.0,0,0.0,0,0.0
1631099,Keegan Murray,1610612758,SAC,23,5,18,793.0,1055,23,6,16,0.375,2,2,1.0,14,0.609,5,0.217,1,0.2,1,0.043,1,0.043
1642276,Kel'el Ware,1610612748,MIA,65,34,31,1480.0,2041,33,8,16,0.5,1,2,0.5,17,0.515,15,0.455,1,0.067,1,0.03,1,0.03
1629640,Keldon Johnson,1610612759,SAS,70,52,18,1621.0,2530,43,13,18,0.722,5,6,0.833,31,0.721,20,0.465,4,0.2,1,0.023,2,0.047
203482,Kelly Olynyk,1610612759,SAS,37,28,9,336.0,613,29,2,4,0.5,2,2,1.0,6,0.207,20,0.69,2,0.1,2,0.069,0,0.0
1626162,Kelly Oubre Jr.,1610612755,PHI,41,22,19,1330.0,1955,12,4,4,1.0,0,0,0.0,8,0.667,6,0.5,1,0.167,1,0.083,0,0.0
1629026,Kenrich Williams,1610612760,OKC,46,33,13,731.0,1021,21,5,6,0.833,1,2,0.5,11,0.524,12,0.571,5,0.417,1,0.048,1,0.048
203484,Kentavious Caldwell-Pope,1610612763,MEM,51,20,31,1088.0,2061,11,2,5,0.4,0,0,0.0,4,0.364,6,0.545,2,0.333,0,0.0,0,0.0
1631165,Keon Ellis,1610612739,CLE,61,23,38,1200.0,1466,27,8,12,0.667,2,2,1.0,19,0.704,11,0.407,2,0.182,3,0.111,1,0.037
1642352,Keshad Johnson,1610612748,MIA,25,13,12,203.0,365,8,1,3,0.333,0,0,0.0,2,0.25,4,0.5,0,0.0,0,0.0,0,0.0
1642933,Keshon Gilbert,1610612737,ATL,3,0,3,48.0,52,1,0,1,0.0,0,0,0.0,0,0.0,0,0.0,0,0.0,0,0.0,0,0.0
201142,Kevin Durant,1610612745,HOU,65,38,27,2373.0,4176,117,47,69,0.681,6,6,1.0,105,0.897,36,0.308,7,0.194,6,0.051,3,0.026
1628989,Kevin Huerter,1610612765,DET,58,32,26,1278.0,2149,26,13,18,0.722,0,0,0.0,26,1.0,7,0.269,2,0.286,0,0.0,0,0.0
201567,Kevin Love,1610612762,UTA,37,10,27,613.0,1129,12,1,4,0.25,1,2,0.5,3,0.25,7,0.583,1,0.143,0,0.0,1,0.083
1641755,Kevin McCullar Jr.,1610612752,NYK,20,11,9,130.0,216,2,0,0,0.0,0,0,0.0,0,0.0,1,0.5,1,1.0,1,0.5,0,0.0
1629645,Kevin Porter Jr.,1610612749,MIL,38,18,20,1261.0,3025,18,3,8,0.375,2,2,1.0,8,0.444,6,0.333,2,0.333,2,0.111,1,0.056
1626172,Kevon Looney,1610612740,NOP,18,2,16,251.0,407,21,2,7,0.286,0,0,0.0,4,0.19,14,0.667,3,0.214,0,0.0,0,0.0
1641718,Keyonte George,1610612762,UTA,54,16,38,1786.0,4252,28,9,11,0.818,11,12,0.917,33,1.179,6,0.214,1,0.167,2,0.071,5,0.179
1642863,Khaman Maluach,1610612756,PHX,35,17,18,260.0,309,12,5,8,0.625,0,0,0.0,10,0.833,2,0.167,0,0.0,2,0.167,0,0.0
203114,Khris Middleton,1610612742,DAL,52,16,36,1252.0,1745,22,4,7,0.571,2,2,1.0,11,0.5,12,0.545,2,0.167,2,0.091,1,0.045
1630165,Killian Hayes,1610612758,SAC,12,6,6,210.0,444,3,1,2,0.5,0,0,0.0,2,0.667,1,0.333,1,1.0,0,0.0,0,0.0
202691,Klay Thompson,1610612742,DAL,60,18,42,1315.0,1528,16,3,8,0.375,0,2,0.0,7,0.438,5,0.313,0,0.0,2,0.125,1,0.063
1641738,Kobe Brown,1610612754,IND,51,15,36,707.0,1026,12,1,3,0.333,2,2,1.0,4,0.333,6,0.5,0,0.0,2,0.167,1,0.083
1641723,Kobe Bufkin,1610612747,LAL,11,7,4,90.0,148,1,1,1,1.0,0,0,0.0,2,2.0,0,0.0,0,0.0,0,0.0,0,0.0
1642920,Kobe Sanders,1610612746,LAC,58,30,28,1192.0,1660,21,3,6,0.5,6,6,1.0,12,0.571,9,0.429,3,0.333,2,0.095,3,0.143
1642886,Koby Brea,1610612756,PHX,5,1,4,23.0,38,0,0,0,0.0,0,0,0.0,0,0.0,0,0.0,0,0.0,0,0.0,0,0.0
1642851,Kon Knueppel,1610612766,CHA,69,36,33,2189.0,3593,55,17,28,0.607,2,2,1.0,38,0.691,21,0.382,5,0.238,3,0.055,1,0.018
1627739,Kris Dunn,1610612746,LAC,70,34,36,1931.0,3665,68,13,26,0.5,0,0,0.0,27,0.397,38,0.559,8,0.211,1,0.015,0,0.0
1631200,Kris Murray,1610612757,POR,45,20,25,1069.0,924,27,4,5,0.8,3,4,0.75,11,0.407,15,0.556,4,0.267,4,0.148,2,0.074
204001,Kristaps Porziņģis,1610612744,GSW,23,10,13,544.0,904,72,16,34,0.471,10,18,0.556,47,0.653,23,0.319,9,0.391,0,0.0,10,0.139
203937,Kyle Anderson,1610612750,MIN,32,10,22,625.0,1060,47,10,15,0.667,2,4,0.5,22,0.468,24,0.511,7,0.292,4,0.085,2,0.043
1642271,Kyle Filipowski,1610612762,UTA,68,21,47,1558.0,2687,116,31,55,0.564,7,14,0.5,71,0.612,42,0.362,12,0.286,7,0.06,8,0.069
1628398,Kyle Kuzma,1610612749,MIL,64,27,37,1691.0,2807,83,23,45,0.511,7,10,0.7,55,0.663,29,0.349,9,0.31,3,0.036,4,0.048
200768,Kyle Lowry,1610612755,PHI,11,6,5,99.0,150,1,0,0,0.0,0,0,0.0,0,0.0,1,1.0,0,0.0,0,0.0,0,0.0
1642273,Kyshawn George,1610612764,WAS,48,10,38,1391.0,2798,27,5,7,0.714,0,0,0.0,10,0.37,16,0.593,4,0.25,4,0.148,0,0.0
1643018,LJ Cryer,1610612744,GSW,9,3,6,116.0,203,2,0,0,0.0,0,0,0.0,0,0.0,2,1.0,1,0.5,0,0.0,0,0.0
1630163,LaMelo Ball,1610612766,CHA,60,33,27,1654.0,4335,20,3,6,0.5,0,0,0.0,6,0.3,12,0.6,4,0.333,1,0.05,0,0.0
1642950,Lachlan Olbrich,1610612741,CHI,26,7,19,164.0,279,14,2,5,0.4,0,0,0.0,4,0.286,9,0.643,1,0.111,0,0.0,0,0.0
1629013,Landry Shamet,1610612752,NYK,45,29,16,1038.0,1252,11,5,6,0.833,2,2,1.0,13,1.182,4,0.364,1,0.25,0,0.0,0,0.0
1626204,Larry Nance Jr.,1610612739,CLE,29,21,8,353.0,450,18,1,5,0.2,0,0,0.0,2,0.111,12,0.667,3,0.25,0,0.0,0,0.0
1628374,Lauri Markkanen,1610612762,UTA,42,17,25,1443.0,2223,99,34,53,0.642,16,18,0.889,89,0.899,32,0.323,5,0.156,1,0.01,7,0.071
1643133,Lawson Lovering,1610612763,MEM,2,1,1,49.0,43,4,1,2,0.5,0,0,0.0,2,0.5,2,0.5,0,0.0,0,0.0,0,0.0
2544,LeBron James,1610612747,LAL,49,31,18,1635.0,3410,128,35,53,0.66,23,26,0.885,96,0.75,46,0.359,13,0.283,9,0.07,12,0.094
1641778,Leaky Black,1610612764,WAS,5,0,5,159.0,185,5,2,4,0.5,0,0,0.0,4,0.8,1,0.2,0,0.0,0,0.0,0,0.0
1631159,Leonard Miller,1610612741,CHI,34,15,19,387.0,583,8,3,4,0.75,1,2,0.5,7,0.875,3,0.375,1,0.333,0,0.0,1,0.125
1642862,Liam McNeeley,1610612766,CHA,28,10,18,342.0,434,5,1,1,1.0,0,0,0.0,2,0.4,3,0.6,1,0.333,1,0.2,0,0.0
1630322,Lindy Waters III,1610612759,SAS,35,26,9,245.0,343,0,0,0,0.0,0,0,0.0,0,0.0,0,0.0,0,0.0,0,0.0,0,0.0
1628366,Lonzo Ball,1610612739,CLE,35,19,16,728.0,1621,15,1,3,0.333,0,0,0.0,2,0.133,11,0.733,0,0.0,1,0.067,0,0.0
1629652,Luguentz Dort,1610612760,OKC,58,45,13,1612.0,1695,29,6,8,0.75,0,0,0.0,15,0.517,20,0.69,4,0.2,1,0.034,0,0.0
1629029,Luka Dončić,1610612747,LAL,58,39,19,2076.0,5139,45,19,24,0.792,5,10,0.5,45,1.0,14,0.311,5,0.357,1,0.022,5,0.111
1630568,Luka Garza,1610612738,BOS,59,39,20,923.0,1306,49,21,25,0.84,8,12,0.667,52,1.061,15,0.306,2,0.133,1,0.02,6,0.122
1628379,Luke Kennard,1610612747,LAL,66,37,29,1373.0,1754,27,8,10,0.8,2,2,1.0,18,0.667,16,0.593,6,0.375,0,0.0,1,0.037
1628436,Luke Kornet,1610612759,SAS,59,44,15,1244.0,1594,113,13,18,0.722,11,14,0.786,37,0.327,82,0.726,11,0.134,4,0.035,6,0.053
1631247,Luke Travers,1610612739,CLE,12,6,6,103.0,158,5,0,0,0.0,4,4,1.0,4,0.8,3,0.6,0,0.0,0,0.0,2,0.4
1630644,Mac McClung,1610612741,CHI,4,0,4,47.0,100,1,1,1,1.0,0,0,0.0,4,4.0,0,0.0,0,0.0,0,0.0,0,0.0
1641869,Malachi Smith,1610612751,BKN,3,0,3,45.0,79,1,0,0,0.0,0,0,0.0,0,0.0,1,1.0,0,0.0,0,0.0,0,0.0
1631103,Malaki Branham,1610612764,WAS,28,7,21,275.0,446,3,1,1,1.0,2,2,1.0,4,1.333,1,0.333,1,1.0,0,0.0,1,0.333
1642502,Malevy Leons,1610612744,GSW,16,5,11,146.0,197,0,0,0,0.0,0,0,0.0,0,0.0,0,0.0,0,0.0,0,0.0,0,0.0
1628370,Malik Monk,1610612758,SAC,53,15,38,1165.0,1984,11,5,8,0.625,0,0,0.0,10,0.909,2,0.182,0,0.0,1,0.091,0,0.0
1630699,MarJon Beauchamp,1610612755,PHI,7,2,5,120.0,162,5,2,3,0.667,0,0,0.0,4,0.8,2,0.4,2,1.0,0,0.0,0,0.0
1631204,Marcus Sasser,1610612765,DET,28,20,8,352.0,627,4,2,3,0.667,0,0,0.0,4,1.0,1,0.25,0,0.0,0,0.0,0,0.0
203935,Marcus Smart,1610612747,LAL,59,38,21,1694.0,2603,20,2,5,0.4,0,0,0.0,4,0.2,13,0.65,3,0.231,2,0.1,0,0.0
1641813,Mark Sears,1610612749,MIL,7,1,6,26.0,54,0,0,0,0.0,0,0,0.0,0,0.0,0,0.0,0,0.0,0,0.0,0,0.0
1631109,Mark Williams,1610612756,PHX,56,33,23,1322.0,1955,128,52,74,0.703,31,42,0.738,141,1.102,24,0.188,3,0.125,3,0.023,21,0.164
1628963,Marvin Bagley III,1610612742,DAL,52,14,38,1035.0,1593,124,24,41,0.585,17,26,0.654,66,0.532,58,0.468,10,0.172,9,0.073,12,0.097
203486,Mason Plumlee,1610612759,SAS,17,8,9,139.0,204,10,1,2,0.5,0,0,0.0,2,0.2,8,0.8,2,0.25,0,0.0,0,0.0
1641824,Matas Buzelis,1610612741,CHI,69,27,42,2004.0,3586,58,23,32,0.719,16,22,0.727,63,1.086,10,0.172,2,0.2,2,0.034,11,0.19
1629680,Matisse Thybulle,1610612757,POR,18,9,9,224.0,317,6,0,0,0.0,0,0,0.0,0,0.0,4,0.667,0,0.0,0,0.0,0,0.0
1631108,Max Christie,1610612742,DAL,65,21,44,1917.0,2629,15,6,9,0.667,0,0,0.0,12,0.8,5,0.333,2,0.4,0,0.0,0,0.0
1642917,Max Shulga,1610612738,BOS,5,4,1,8.0,13,0,0,0,0.0,0,0,0.0,0,0.0,0,0.0,0,0.0,0,0.0,0,0.0
1629622,Max Strus,1610612739,CLE,3,2,1,70.0,114,1,0,0,0.0,2,2,1.0,2,2.0,0,0.0,0,0.0,0,0.0,1,1.0
1628467,Maxi Kleber,1610612747,LAL,35,16,19,383.0,428,24,5,7,0.714,5,10,0.5,15,0.625,9,0.375,2,0.222,0,0.0,5,0.208
1642875,Maxime Raynaud,1610612758,SAC,62,17,45,1574.0,2576,214,57,117,0.487,17,22,0.773,132,0.617,74,0.346,11,0.149,9,0.042,10,0.047
1642877,Micah Peavy,1610612740,NOP,52,16,36,706.0,773,9,1,4,0.25,0,0,0.0,2,0.222,5,0.556,0,0.0,0,0.0,0,0.0
1630695,Micah Potter,1610612754,IND,35,7,28,652.0,1009,42,11,17,0.647,10,12,0.833,32,0.762,15,0.357,5,0.333,4,0.095,6,0.143
1629008,Michael Porter Jr.,1610612751,BKN,52,14,38,1689.0,3063,59,24,35,0.686,14,16,0.875,65,1.102,7,0.119,1,0.143,5,0.085,7,0.119
1628969,Mikal Bridges,1610612752,NYK,70,45,25,2334.0,3972,91,33,47,0.702,10,10,1.0,76,0.835,33,0.363,8,0.242,4,0.044,4,0.044
201144,Mike Conley,1610612750,MIN,47,29,18,838.0,1747,4,0,0,0.0,0,0,0.0,0,0.0,3,0.75,0,0.0,1,0.25,0,0.0
1628970,Miles Bridges,1610612766,CHA,65,34,31,2057.0,3453,50,10,17,0.588,4,4,1.0,27,0.54,20,0.4,2,0.1,8,0.16,3,0.06
1642939,Miles Kelly,1610612742,DAL,14,7,7,134.0,155,2,0,0,0.0,0,0,0.0,0,0.0,1,0.5,0,0.0,1,0.5,0,0.0
1630540,Miles McBride,1610612752,NYK,35,22,13,981.0,1740,11,4,6,0.667,2,2,1.0,10,0.909,3,0.273,1,0.333,1,0.091,1,0.091
1629011,Mitchell Robinson,1610612752,NYK,51,34,17,992.0,939,37,4,7,0.571,2,2,1.0,10,0.27,28,0.757,3,0.107,0,0.0,1,0.027
1628964,Mo Bamba,1610612762,UTA,4,3,1,44.0,63,3,2,2,1.0,0,0,0.0,4,1.333,0,0.0,0,0.0,1,0.333,0,0.0
1642885,Mohamed Diawara,1610612752,NYK,59,36,23,505.0,789,5,1,2,0.5,0,0,0.0,2,0.4,2,0.4,0,0.0,0,0.0,0,0.0
1628420,Monte Morris,1610612754,IND,6,0,6,65.0,152,3,1,2,0.5,0,0,0.0,2,0.667,1,0.333,1,1.0,0,0.0,0,0.0
1629021,Moritz Wagner,1610612753,ORL,29,17,12,383.0,633,30,10,17,0.588,7,8,0.875,28,0.933,7,0.233,1,0.143,2,0.067,4,0.133
1630541,Moses Moody,1610612744,GSW,59,29,30,1506.0,1829,23,7,9,0.778,2,2,1.0,16,0.696,10,0.435,1,0.1,2,0.087,1,0.043
1631243,Mouhamed Gueye,1610612737,ATL,65,36,29,994.0,1206,40,5,13,0.385,6,6,1.0,16,0.4,20,0.5,4,0.2,4,0.1,3,0.075
1630619,Moussa Cisse,1610612742,DAL,34,10,24,425.0,454,31,2,3,0.667,1,4,0.25,5,0.161,21,0.677,0,0.0,2,0.065,3,0.097
1631217,Moussa Diabaté,1610612766,CHA,62,33,29,1603.0,2261,177,32,67,0.478,16,23,0.696,81,0.458,84,0.475,12,0.143,6,0.034,11,0.062
1626167,Myles Turner,1610612749,MIL,64,26,38,1748.0,2073,92,18,30,0.6,17,22,0.773,55,0.598,41,0.446,8,0.195,4,0.043,10,0.109
1642066,Myron Gardner,1610612748,MIA,37,22,15,349.0,587,7,2,3,0.667,0,0,0.0,5,0.714,4,0.571,0,0.0,0,0.0,0,0.0
1642368,N'Faly Dante,1610612737,ATL,4,3,1,15.0,20,4,0,0,0.0,0,0,0.0,0,0.0,3,0.75,0,0.0,1,0.25,0,0.0
1641772,Nae'Qwan Tomlin,1610612739,CLE,54,35,19,848.0,944,33,8,16,0.5,0,0,0.0,16,0.485,13,0.394,3,0.231,1,0.03,0,0.0
1630230,Naji Marshall,1610612742,DAL,67,23,44,1973.0,3162,73,22,35,0.629,6,8,0.75,53,0.726,33,0.452,10,0.303,0,0.0,5,0.068
1631466,Nate Williams,1610612744,GSW,9,2,7,105.0,116,7,1,3,0.333,2,2,1.0,4,0.571,1,0.143,0,0.0,1,0.143,1,0.143
1629675,Naz Reid,1610612750,MIN,68,42,26,1770.0,3390,52,13,22,0.591,4,6,0.667,30,0.577,25,0.481,8,0.32,1,0.019,3,0.058
1629674,Neemias Queta,1610612738,BOS,65,43,22,1637.0,2277,158,47,68,0.691,13,16,0.813,112,0.709,70,0.443,8,0.114,8,0.051,8,0.051
1629651,Nic Claxton,1610612751,BKN,62,16,46,1764.0,3084,284,49,81,0.605,16,25,0.64,116,0.408,175,0.616,39,0.223,8,0.028,13,0.046
1630208,Nick Richards,1610612741,CHI,46,19,27,665.0,922,61,16,31,0.516,14,20,0.7,48,0.787,18,0.295,1,0.056,1,0.016,9,0.148
1641733,Nick Smith Jr.,1610612747,LAL,25,12,13,318.0,593,4,2,3,0.667,0,0,0.0,4,1.0,1,0.25,0,0.0,0,0.0,0,0.0
1629638,Nickeil Alexander-Walker,1610612737,ATL,66,35,31,2195.0,3966,32,11,17,0.647,3,4,0.75,25,0.781,13,0.406,3,0.231,0,0.0,2,0.063
201587,Nicolas Batum,1610612746,LAC,64,33,31,1168.0,1544,14,1,3,0.333,0,0,0.0,2,0.143,10,0.714,2,0.2,1,0.071,0,0.0
1628502,Nigel Hayes-Davis,1610612756,PHX,27,15,12,195.0,230,12,2,8,0.25,0,0,0.0,4,0.333,3,0.25,1,0.333,1,0.083,0,0.0
203999,Nikola Jokić,1610612743,DEN,54,32,22,1875.0,5399,486,106,167,0.635,56,66,0.848,277,0.57,241,0.496,76,0.315,24,0.049,28,0.058
1631107,Nikola Jović,1610612748,MIA,45,23,22,791.0,1537,22,8,9,0.889,2,4,0.5,18,0.818,10,0.455,1,0.1,1,0.045,2,0.091
1642260,Nikola Topić,1610612760,OKC,5,3,2,53.0,126,3,0,1,0.0,0,0,0.0,0,0.0,2,0.667,0,0.0,0,0.0,0,0.0
202696,Nikola Vučević,1610612738,BOS,60,32,28,1740.0,3653,237,62,114,0.544,2,2,1.0,128,0.54,107,0.451,15,0.14,10,0.042,2,0.008
1642363,Nique Clifford,1610612758,SAC,66,17,49,1574.0,2406,25,10,17,0.588,1,2,0.5,21,0.84,7,0.28,2,0.286,0,0.0,1,0.04
1642855,Noa Essengue,1610612741,CHI,2,1,1,6.0,9,0,0,0,0.0,0,0,0.0,0,0.0,0,0.0,0,0.0,0,0.0,0,0.0
1641730,Noah Clowney,1610612751,BKN,62,16,46,1695.0,2375,46,1,6,0.167,6,6,1.0,8,0.174,29,0.63,6,0.207,2,0.043,3,0.065
1642869,Noah Penda,1610612753,ORL,50,26,24,694.0,1165,21,1,1,1.0,0,0,0.0,2,0.095,18,0.857,3,0.167,1,0.048,0,0.0
1642849,Nolan Traore,1610612751,BKN,46,11,35,1015.0,2424,7,1,4,0.25,2,2,1.0,4,0.571,1,0.143,0,0.0,1,0.143,1,0.143
1641807,Norchad Omier,1610612746,LAC,3,3,0,14.0,26,1,1,1,1.0,0,0,0.0,2,2.0,0,0.0,0,0.0,0,0.0,0,0.0
1626181,Norman Powell,1610612748,MIA,52,27,25,1564.0,2385,29,7,17,0.412,4,4,1.0,19,0.655,10,0.345,2,0.2,0,0.0,2,0.069
1628384,OG Anunoby,1610612752,NYK,56,37,19,1851.0,2467,64,21,33,0.636,5,6,0.833,47,0.734,25,0.391,4,0.16,2,0.031,3,0.047
1630167,Obi Toppin,1610612754,IND,12,0,12,198.0,422,7,1,2,0.5,2,2,1.0,4,0.571,4,0.571,1,0.25,0,0.0,1,0.143
1630534,Ochai Agbaji,1610612751,BKN,55,26,29,860.0,1067,25,4,8,0.5,2,2,1.0,10,0.4,12,0.48,2,0.167,3,0.12,1,0.04
1641765,Olivier-Maxence Prosper,1610612763,MEM,44,15,29,773.0,1085,41,12,19,0.632,9,10,0.9,33,0.805,12,0.293,1,0.083,4,0.098,4,0.098
1630209,Omer Yurtseven,1610612744,GSW,3,1,2,20.0,28,1,0,0,0.0,0,0,0.0,0,0.0,1,1.0,0,0.0,0,0.0,0,0.0
1630168,Onyeka Okongwu,1610612737,ATL,63,34,29,1976.0,3350,137,42,72,0.583,6,8,0.75,92,0.672,54,0.394,8,0.148,4,0.029,4,0.029
1631115,Orlando Robinson,1610612753,ORL,4,2,2,25.0,45,0,0,0,0.0,0,0,0.0,0,0.0,0,0.0,0,0.0,0,0.0,0,0.0
1631131,Oscar Tshiebwe,1610612762,UTA,15,2,13,201.0,226,17,4,10,0.4,0,0,0.0,8,0.471,6,0.353,2,0.333,1,0.059,0,0.0
1642345,Oso Ighodaro,1610612756,PHX,70,39,31,1511.0,2266,156,35,67,0.522,11,18,0.611,81,0.519,70,0.449,12,0.171,5,0.032,8,0.051
1631172,Ousmane Dieng,1610612749,MIL,44,29,15,685.0,1007,12,2,4,0.5,2,2,1.0,6,0.5,5,0.417,1,0.2,1,0.083,1,0.083
1629023,P.J. Washington,1610612742,DAL,51,14,37,1572.0,2540,100,33,54,0.611,6,10,0.6,74,0.74,30,0.3,4,0.133,6,0.06,4,0.04
1641790,PJ Hall,1610612766,CHA,19,7,12,213.0,298,17,4,6,0.667,3,4,0.75,11,0.647,7,0.412,1,0.143,1,0.059,2,0.118
1642359,Pacôme Dadiet,1610612752,NYK,24,15,9,90.0,136,3,2,2,1.0,0,0,0.0,4,1.333,1,0.333,0,0.0,0,0.0,0,0.0
1631094,Paolo Banchero,1610612753,ORL,59,31,28,2057.0,4479,114,27,44,0.614,15,21,0.714,71,0.623,50,0.439,11,0.22,7,0.061,10,0.088
1627783,Pascal Siakam,1610612754,IND,55,14,41,1844.0,3870,104,26,55,0.473,13,16,0.813,69,0.663,34,0.327,9,0.265,3,0.029,9,0.087
1626192,Pat Connaughton,1610612766,CHA,34,20,14,257.0,411,10,2,3,0.667,0,0,0.0,4,0.4,6,0.6,3,0.5,1,0.1,0,0.0
1630311,Pat Spencer,1610612744,GSW,53,26,27,926.0,2310,33,8,12,0.667,6,6,1.0,23,0.697,17,0.515,5,0.294,1,0.03,3,0.091
1631116,Patrick Baldwin Jr.,1610612758,SAC,7,2,5,58.0,62,1,0,0,0.0,1,2,0.5,1,1.0,0,0.0,0,0.0,0,0.0,1,1.0
1630172,Patrick Williams,1610612741,CHI,60,21,39,1180.0,1808,21,1,5,0.2,3,4,0.75,5,0.238,10,0.476,2,0.2,2,0.095,2,0.095
202331,Paul George,1610612755,PHI,27,16,11,824.0,1667,21,6,9,0.667,4,4,1.0,17,0.81,9,0.429,1,0.111,0,0.0,0,0.0
1630194,Paul Reed,1610612765,DET,52,37,15,680.0,1088,107,32,56,0.571,5,10,0.5,71,0.664,35,0.327,8,0.229,8,0.075,6,0.056
1630202,Payton Pritchard,1610612738,BOS,67,45,22,2184.0,4666,29,7,12,0.583,0,0,0.0,16,0.552,14,0.483,2,0.143,1,0.034,0,0.0
1642362,Payton Sandfort,1610612760,OKC,1,1,0,5.0,6,0,0,0,0.0,0,0,0.0,0,0.0,0,0.0,0,0.0,0,0.0,0,0.0
1641796,Pelle Larsson,1610612748,MIA,59,34,25,1516.0,2207,22,6,11,0.545,4,4,1.0,17,0.773,6,0.273,0,0.0,1,0.045,2,0.091
1631250,Pete Nance,1610612749,MIL,36,11,25,422.0,613,14,2,4,0.5,0,0,0.0,4,0.286,10,0.714,1,0.1,0,0.0,0,0.0
1631212,Peyton Watson,1610612743,DEN,49,31,18,1502.0,2574,91,30,46,0.652,9,14,0.643,69,0.758,28,0.308,7,0.25,7,0.077,6,0.066
1630173,Precious Achiuwa,1610612758,SAC,62,16,46,1418.0,1778,89,30,50,0.6,4,8,0.5,67,0.753,26,0.292,6,0.231,6,0.067,4,0.045
1629656,Quentin Grimes,1610612755,PHI,63,34,29,1888.0,3105,26,8,12,0.667,0,0,0.0,16,0.615,11,0.423,3,0.273,1,0.038,0,0.0
1631245,Quenton Jackson,1610612754,IND,38,7,31,663.0,1382,9,4,4,1.0,1,2,0.5,9,1.0,4,0.444,0,0.0,0,0.0,1,0.111
1642366,Quinten Post,1610612744,GSW,65,32,33,1140.0,2110,51,8,16,0.5,2,2,1.0,18,0.353,30,0.588,10,0.333,3,0.059,1,0.02
1629628,RJ Barrett,1610612761,TOR,44,27,17,1328.0,2403,48,16,29,0.552,5,6,0.833,38,0.792,10,0.208,1,0.1,2,0.042,4,0.083
1642853,Rasheer Fleming,1610612756,PHX,44,24,20,460.0,396,12,4,5,0.8,1,2,0.5,9,0.75,5,0.417,1,0.2,0,0.0,1,0.083
1642484,RayJ Dennis,1610612737,ATL,16,3,13,180.0,479,4,1,2,0.5,0,0,0.0,2,0.5,2,0.5,0,0.0,0,0.0,0,0.0
1641712,Rayan Rupert,1610612763,MEM,58,28,30,867.0,1111,11,1,5,0.2,0,0,0.0,2,0.182,5,0.455,2,0.4,0,0.0,0,0.0
1642263,Reed Sheppard,1610612745,HOU,68,41,27,1769.0,3615,18,6,12,0.5,0,0,0.0,13,0.722,4,0.222,2,0.5,2,0.111,0,0.0
1642434,Riley Minix,1610612739,CLE,5,4,1,19.0,36,0,0,0,0.0,0,0,0.0,0,0.0,0,0.0,0,0.0,0,0.0,0,0.0
1642265,Rob Dillingham,1610612741,CHI,53,26,27,699.0,1445,9,2,4,0.5,0,0,0.0,4,0.444,5,0.556,2,0.4,0,0.0,0,0.0
1629057,Robert Williams III,1610612757,POR,48,23,25,816.0,1133,40,14,16,0.875,0,0,0.0,28,0.7,23,0.575,4,0.174,1,0.025,0,0.0
1642911,Rocco Zikarsky,1610612750,MIN,4,0,4,16.0,25,1,0,0,0.0,0,0,0.0,0,0.0,1,1.0,0,0.0,0,0.0,0,0.0
1631199,Ron Harper Jr.,1610612738,BOS,22,16,6,246.0,327,4,1,1,1.0,0,0,0.0,2,0.5,3,0.75,1,0.333,0,0.0,0,0.0
1641842,Ronald Holland II,1610612765,DET,65,46,19,1317.0,2075,26,6,12,0.5,5,6,0.833,19,0.731,7,0.269,0,0.0,4,0.154,3,0.115
1626220,Royce O'Neale,1610612756,PHX,69,39,30,2007.0,3774,23,3,4,0.75,0,0,0.0,6,0.261,19,0.826,2,0.105,0,0.0,0,0.0
203497,Rudy Gobert,1610612750,MIN,67,42,25,2107.0,2965,144,39,57,0.684,15,34,0.441,97,0.674,53,0.368,9,0.17,11,0.076,17,0.118
1629060,Rui Hachimura,1610612747,LAL,58,40,18,1669.0,1745,44,19,27,0.704,7,8,0.875,46,1.045,12,0.273,1,0.083,0,0.0,4,0.091
201566,Russell Westbrook,1610612758,SAC,63,16,47,1826.0,4357,18,7,8,0.875,0,0,0.0,17,0.944,8,0.444,2,0.25,1,0.056,0,0.0
1642346,Ryan Dunn,1610612756,PHX,61,35,26,1181.0,1540,36,11,16,0.688,4,6,0.667,26,0.722,16,0.444,3,0.188,1,0.028,3,0.083
1641750,Ryan Kalkbrenner,1610612766,CHA,57,31,26,1252.0,1357,82,21,26,0.808,7,10,0.7,50,0.61,42,0.512,4,0.095,7,0.085,5,0.061
1642948,Ryan Nembhard,1610612742,DAL,49,18,31,908.0,2011,4,0,1,0.0,0,0,0.0,0,0.0,3,0.75,1,0.333,0,0.0,0,0.0
1631157,Ryan Rollins,1610612749,MIL,67,26,41,2158.0,4732,13,4,5,0.8,0,0,0.0,8,0.615,6,0.462,0,0.0,1,0.077,0,0.0
1630180,Saddiq Bey,1610612740,NOP,64,24,40,1987.0,2749,48,12,23,0.522,6,6,1.0,30,0.625,19,0.396,8,0.421,3,0.063,3,0.063
1630573,Sam Hauser,1610612738,BOS,66,45,21,1625.0,2411,22,5,7,0.714,2,2,1.0,14,0.636,13,0.591,3,0.231,1,0.045,1,0.045
1630241,Sam Merrill,1610612739,CLE,44,30,14,1145.0,1778,31,6,10,0.6,3,4,0.75,15,0.484,19,0.613,1,0.053,0,0.0,2,0.065
1630572,Sandro Mamukelashvili,1610612761,TOR,66,37,29,1446.0,2338,109,22,36,0.611,18,26,0.692,67,0.615,55,0.505,7,0.127,5,0.046,12,0.11
1630583,Santi Aldama,1610612763,MEM,43,19,24,1198.0,2326,56,15,25,0.6,1,2,0.5,32,0.571,24,0.429,5,0.208,4,0.071,1,0.018
1630703,Scoot Henderson,1610612757,POR,18,10,8,420.0,1020,5,1,1,1.0,0,0,0.0,2,0.4,4,0.8,1,0.25,0,0.0,0,0.0
1630567,Scottie Barnes,1610612761,TOR,66,38,28,2255.0,4639,198,52,86,0.605,17,18,0.944,123,0.621,91,0.46,27,0.297,6,0.03,6,0.03
1630590,Scotty Pippen Jr.,1610612763,MEM,10,2,8,212.0,497,5,1,2,0.5,2,4,0.5,4,0.8,1,0.2,0,0.0,0,0.0,1,0.2
1642951,Sean Pedulla,1610612746,LAC,2,1,1,11.0,26,0,0,0,0.0,0,0,0.0,0,0.0,0,0.0,0,0.0,0,0.0,0,0.0
203552,Seth Curry,1610612744,GSW,4,0,4,51.0,63,0,0,0,0.0,0,0,0.0,0,0.0,0,0.0,0,0.0,0,0.0,0,0.0
1631101,Shaedon Sharpe,1610612757,POR,48,22,26,1439.0,2672,60,21,36,0.583,7,12,0.583,52,0.867,15,0.25,5,0.333,2,0.033,6,0.1
1628983,Shai Gilgeous-Alexander,1610612760,OKC,58,47,11,1943.0,3908,62,22,35,0.629,5,6,0.833,49,0.79,22,0.355,6,0.273,1,0.016,3,0.048
1630536,Sharife Cooper,1610612764,WAS,28,5,23,436.0,933,3,0,1,0.0,0,0,0.0,0,0.0,2,0.667,0,0.0,0,0.0,0,0.0
1631321,Sidy Cissoko,1610612757,POR,63,31,32,1306.0,1635,29,8,10,0.8,1,4,0.25,19,0.655,16,0.552,2,0.125,0,0.0,2,0.069
1631323,Simone Fontecchio,1610612748,MIA,62,33,29,1055.0,1590,32,10,16,0.625,2,2,1.0,23,0.719,14,0.438,0,0.0,0,0.0,1,0.031
1642883,Sion James,1610612766,CHA,70,36,34,1609.0,2404,40,7,11,0.636,4,4,1.0,18,0.45,25,0.625,8,0.32,1,0.025,2,0.05
1627746,Skal Labissiere,1610612764,WAS,3,2,1,38.0,67,7,3,3,1.0,0,0,0.0,6,0.857,3,0.429,0,0.0,1,0.143,0,0.0
1642461,Spencer Jones,1610612743,DEN,58,35,23,1326.0,1006,32,7,15,0.467,1,2,0.5,15,0.469,15,0.469,3,0.2,0,0.0,1,0.031
1630649,Stanley Umude,1610612759,SAS,2,2,0,7.0,8,0,0,0,0.0,0,0,0.0,0,0.0,0,0.0,0,0.0,0,0.0,0,0.0
201939,Stephen Curry,1610612744,GSW,39,23,16,1222.0,2591,37,12,20,0.6,4,4,1.0,31,0.838,11,0.297,2,0.182,2,0.054,2,0.054
1642264,Stephon Castle,1610612759,SAS,59,44,15,1759.0,3957,62,20,28,0.714,3,6,0.5,46,0.742,29,0.468,7,0.241,0,0.0,3,0.048
203500,Steven Adams,1610612745,HOU,32,21,11,730.0,901,80,11,23,0.478,5,6,0.833,28,0.35,47,0.588,5,0.106,4,0.05,2,0.025
1629004,Svi Mykhailiuk,1610612762,UTA,48,14,34,1123.0,1386,13,2,2,1.0,2,2,1.0,6,0.462,10,0.769,2,0.2,0,0.0,1,0.077
204456,T.J. McConnell,1610612754,IND,51,13,38,880.0,2538,24,12,14,0.857,2,2,1.0,26,1.083,7,0.292,2,0.286,1,0.042,1,0.042
1643007,Taelon Peter,1610612754,IND,31,4,27,348.0,587,5,1,1,1.0,0,0,0.0,2,0.4,3,0.6,0,0.0,0,0.0,0,0.0
201959,Taj Gibson,1610612763,MEM,3,1,2,29.0,30,4,1,1,1.0,0,0,0.0,2,0.5,3,0.75,0,0.0,0,0.0,0,0.0
1631106,Tari Eason,1610612745,HOU,46,27,19,1217.0,1849,27,7,13,0.538,0,0,0.0,14,0.519,12,0.444,3,0.25,1,0.037,0,0.0
1627752,Taurean Prince,1610612749,MIL,14,6,8,275.0,320,1,0,1,0.0,0,0,0.0,0,0.0,0,0.0,0,0.0,0,0.0,0,0.0
1641707,Taylor Hendricks,1610612763,MEM,50,12,38,903.0,1001,36,9,15,0.6,2,6,0.333,25,0.694,10,0.278,2,0.2,3,0.083,3,0.083
1629611,Terance Mann,1610612751,BKN,58,14,44,1413.0,2402,30,7,10,0.7,5,6,0.833,19,0.633,15,0.5,4,0.267,2,0.067,3,0.1
1630545,Terrence Shannon Jr.,1610612750,MIN,31,18,13,363.0,445,1,1,1,1.0,0,0,0.0,2,2.0,0,0.0,0,0.0,0,0.0,0,0.0
203648,Thanasis Antetokounmpo,1610612749,MIL,28,8,20,94.0,134,3,1,1,1.0,0,0,0.0,2,0.667,2,0.667,0,0.0,0,0.0,0,0.0
1628418,Thomas Bryant,1610612739,CLE,52,31,21,590.0,960,41,9,15,0.6,8,8,1.0,27,0.659,15,0.366,1,0.067,3,0.073,4,0.098
1642275,Tidjane Salaün,1610612766,CHA,36,18,18,571.0,824,15,2,5,0.4,4,4,1.0,8,0.533,6,0.4,1,0.167,0,0.0,2,0.133
203501,Tim Hardaway Jr.,1610612743,DEN,69,41,28,1867.0,2210,29,15,18,0.833,7,8,0.875,38,1.31,6,0.207,1,0.167,1,0.034,3,0.103
202699,Tobias Harris,1610612765,DET,52,36,16,1464.0,2228,44,13,22,0.591,3,4,0.75,31,0.705,20,0.455,5,0.25,0,0.0,2,0.045
1642449,Tolu Smith,1610612765,DET,8,6,2,91.0,136,12,2,4,0.5,2,2,1.0,6,0.5,7,0.583,0,0.0,0,0.0,1,0.083
1628396,Tony Bradley,1610612754,IND,38,9,29,416.0,449,31,10,13,0.769,5,6,0.833,26,0.839,13,0.419,3,0.231,1,0.032,3,0.097
1641787,Tosan Evbuomwan,1610612766,CHA,5,4,1,8.0,8,0,0,0,0.0,0,0,0.0,0,0.0,0,0.0,0,0.0,0,0.0,0,0.0
1641739,Toumani Camara,1610612757,POR,70,34,36,2334.0,3953,69,22,31,0.71,6,6,1.0,50,0.725,31,0.449,6,0.194,4,0.058,3,0.043
1629027,Trae Young,1610612764,WAS,15,2,13,384.0,935,1,0,0,0.0,0,0,0.0,0,0.0,1,1.0,0,0.0,0,0.0,0,0.0
1631218,Trayce Jackson-Davis,1610612761,TOR,45,24,21,454.0,763,41,9,16,0.563,6,12,0.5,24,0.585,17,0.415,3,0.176,1,0.024,6,0.146
1642848,Tre Johnson,1610612764,WAS,56,12,44,1348.0,1841,16,4,8,0.5,2,2,1.0,10,0.625,7,0.438,0,0.0,0,0.0,1,0.063
1630200,Tre Jones,1610612741,CHI,53,24,29,1431.0,3206,23,8,10,0.8,4,4,1.0,21,0.913,7,0.304,0,0.0,2,0.087,2,0.087
1630544,Tre Mann,1610612766,CHA,45,24,21,634.0,1329,6,0,1,0.0,0,0,0.0,0,0.0,5,0.833,0,0.0,0,0.0,0,0.0
1630570,Trendon Watford,1610612755,PHI,46,22,24,778.0,1839,48,7,16,0.438,0,0,0.0,15,0.313,29,0.604,6,0.207,2,0.042,0,0.0
1642280,Trentyn Flowers,1610612741,CHI,2,0,2,6.0,8,0,0,0,0.0,0,0,0.0,0,0.0,0,0.0,0,0.0,0,0.0,0,0.0
1631211,Trevor Keels,1610612748,MIA,4,4,0,5.0,12,0,0,0,0.0,0,0,0.0,0,0.0,0,0.0,0,0.0,0,0.0,0,0.0
1641725,Trey Alexander,1610612740,NOP,5,1,4,42.0,51,0,0,0,0.0,0,0,0.0,0,0.0,0,0.0,0,0.0,0,0.0,0,0.0
1641998,Trey Jemison III,1610612752,NYK,11,9,2,61.0,54,4,0,0,0.0,0,0,0.0,0,0.0,3,0.75,0,0.0,0,0.0,0,0.0
1630530,Trey Murphy III,1610612740,NOP,62,21,41,2196.0,3842,41,15,20,0.75,9,10,0.9,39,0.951,12,0.293,2,0.167,2,0.049,5,0.122
1642400,Tristan Enaruna,1610612739,CLE,6,6,0,34.0,50,1,0,0,0.0,0,0,0.0,0,0.0,1,1.0,0,0.0,0,0.0,0,0.0
1641774,Tristan Vukcevic,1610612764,WAS,44,8,36,589.0,1018,76,21,39,0.538,14,16,0.875,58,0.763,23,0.303,2,0.087,3,0.039,7,0.092
1641783,Tristan da Silva,1610612753,ORL,64,36,28,1559.0,1931,48,10,23,0.435,0,0,0.0,21,0.438,22,0.458,7,0.318,2,0.042,0,0.0
1629660,Ty Jerome,1610612763,MEM,13,3,10,290.0,665,3,1,1,1.0,0,0,0.0,2,0.667,2,0.667,0,0.0,0,0.0,0,0.0
1631102,TyTy Washington Jr.,1610612746,LAC,9,5,4,52.0,95,1,0,0,0.0,0,0,0.0,0,0.0,1,1.0,0,0.0,0,0.0,0,0.0
1631174,Tyler Burton,1610612763,MEM,4,1,3,91.0,117,0,0,0,0.0,0,0,0.0,0,0.0,0,0.0,0,0.0,0,0.0,0,0.0
1629639,Tyler Herro,1610612748,MIA,23,11,12,707.0,1360,9,3,6,0.5,0,0,0.0,6,0.667,3,0.333,1,0.333,0,0.0,0,0.0
1642278,Tyler Kolek,1610612752,NYK,56,35,21,683.0,1705,11,1,4,0.25,0,0,0.0,2,0.182,7,0.636,1,0.143,0,0.0,0,0.0
1641890,Tyler Smith,1610612742,DAL,2,0,2,11.0,20,1,0,0,0.0,0,0,0.0,0,0.0,0,0.0,0,0.0,1,1.0,0,0.0
1631213,Tyrese Martin,1610612755,PHI,44,11,33,771.0,1504,15,7,9,0.778,0,0,0.0,15,1.0,5,0.333,0,0.0,1,0.067,0,0.0
1630178,Tyrese Maxey,1610612755,PHI,61,33,28,2334.0,5923,13,5,5,1.0,0,0,0.0,10,0.769,6,0.462,1,0.167,2,0.154,0,0.0
1642878,Tyrese Proctor,1610612739,CLE,42,28,14,436.0,787,4,2,2,1.0,0,0,0.0,4,1.0,1,0.25,1,1.0,1,0.25,0,0.0
1630623,Tyson Etienne,1610612751,BKN,14,2,12,135.0,211,0,0,0,0.0,0,0,0.0,0,0.0,0,0.0,0,0.0,0,0.0,0,0.0
1626145,Tyus Jones,1610612743,DEN,61,31,30,925.0,2008,4,0,2,0.0,0,0,0.0,0,0.0,2,0.5,0,0.0,0,0.0,0,0.0
1642845,VJ Edgecombe,1610612755,PHI,62,35,27,2159.0,4314,43,12,20,0.6,8,8,1.0,32,0.744,17,0.395,5,0.294,2,0.047,3,0.07
1641705,Victor Wembanyama,1610612759,SAS,55,42,13,1615.0,3155,242,52,102,0.51,45,54,0.833,151,0.624,87,0.36,22,0.253,10,0.041,24,0.099
1631246,Vince Williams Jr.,1610612762,UTA,40,16,24,819.0,1976,18,4,9,0.444,0,0,0.0,8,0.444,8,0.444,3,0.375,1,0.056,0,0.0
1642884,Vladislav Goldin,1610612748,MIA,5,3,2,14.0,14,0,0,0,0.0,0,0,0.0,0,0.0,0,0.0,0,0.0,0,0.0,0,0.0
1630249,Vít Krejčí,1610612757,POR,64,31,33,1387.0,1957,18,4,6,0.667,3,4,0.75,11,0.611,10,0.556,1,0.1,0,0.0,2,0.111
1631117,Walker Kessler,1610612762,UTA,5,2,3,154.0,265,13,1,2,0.5,4,6,0.667,6,0.462,7,0.538,3,0.429,1,0.077,3,0.231
1642383,Walter Clayton Jr.,1610612763,MEM,58,16,42,1135.0,2504,14,7,8,0.875,0,0,0.0,15,1.071,6,0.429,0,0.0,0,0.0,0,0.0
1628976,Wendell Carter Jr.,1610612753,ORL,65,36,29,1925.0,2573,194,29,63,0.46,18,22,0.818,77,0.397,108,0.557,25,0.231,6,0.031,10,0.052
1631111,Wendell Moore Jr.,1610612765,DET,5,4,1,54.0,59,2,2,2,1.0,0,0,0.0,4,2.0,0,0.0,0,0.0,0,0.0,0,0.0
1642954,Will Richard,1610612744,GSW,59,31,28,1190.0,1473,27,8,11,0.727,3,4,0.75,19,0.704,12,0.444,5,0.417,1,0.037,2,0.074
1642860,Will Riley,1610612764,WAS,61,15,46,1227.0,1862,29,13,19,0.684,7,10,0.7,34,1.172,4,0.138,1,0.25,1,0.034,5,0.172
1630214,Xavier Tillman,1610612766,CHA,24,17,7,148.0,202,5,0,0,0.0,0,2,0.0,0,0.0,4,0.8,1,0.25,0,0.0,1,0.2
1642905,Yang Hansen,1610612757,POR,39,20,19,277.0,360,20,4,10,0.4,4,4,1.0,13,0.65,6,0.3,1,0.167,2,0.1,2,0.1
1642949,Yanic Konan Niederhäuser,1610612746,LAC,41,22,19,424.0,473,40,9,11,0.818,9,10,0.9,27,0.675,20,0.5,4,0.2,3,0.075,5,0.125
1642530,Yuki Kawamura,1610612741,CHI,11,4,7,121.0,262,1,0,0,0.0,0,0,0.0,0,0.0,1,1.0,1,1.0,0,0.0,0,0.0
1642274,Yves Missi,1610612740,NOP,58,19,39,1110.0,1369,93,15,36,0.417,3,8,0.375,36,0.387,44,0.473,10,0.227,5,0.054,4,0.043
1642258,Zaccharie Risacher,1610612737,ATL,55,31,24,1301.0,1515,30,13,21,0.619,4,4,1.0,32,1.067,7,0.233,1,0.143,0,0.0,2,0.067
1628380,Zach Collins,1610612741,CHI,10,6,4,184.0,300,25,6,9,0.667,7,10,0.7,20,0.8,11,0.44,2,0.182,0,0.0,4,0.16
1641744,Zach Edey,1610612763,MEM,11,7,4,284.0,401,28,2,6,0.333,3,4,0.75,7,0.25,18,0.643,1,0.056,1,0.036,2,0.071
203897,Zach LaVine,1610612758,SAC,39,9,30,1224.0,1999,11,6,9,0.667,0,0,0.0,12,1.091,2,0.182,0,0.0,0,0.0,0,0.0
1630192,Zeke Nnaji,1610612743,DEN,47,33,14,575.0,679,53,8,15,0.533,11,12,0.917,28,0.528,27,0.509,3,0.111,4,0.075,6,0.113
1630533,Ziaire Williams,1610612751,BKN,49,13,36,1116.0,1259,14,4,6,0.667,2,2,1.0,10,0.714,6,0.429,2,0.333,0,0.0,1,0.071
1629627,Zion Williamson,1610612740,NOP,54,22,32,1602.0,2696,101,32,48,0.667,9,16,0.563,76,0.752,37,0.366,8,0.216,4,0.04,8,0.079
1642389,Zyon Pullin,1610612750,MIN,1,1,0,5.0,14,0,0,0,0.0,0,0,0.0,0,0.0,0,0.0,0,0.0,0,0.0,0,0.0
