PLAYERID,FIRSTNAME,LASTNAME,TEAMID,TEAMABBREVIATION,TEAMNAME,TEAMCITY,FRAMES,GRAVITYSCORE,AVGGRAVITYSCORE,ONBALLPERIMETERFRAMES,ONBALLPERIMETERGRAVITYSCORE,AVGONBALLPERIMETERGRAVITYSCORE,OFFBALLPERIMETERFRAMES,OFFBALLPERIMETERGRAVITYSCORE,AVGOFFBALLPERIMETERGRAVITYSCORE,ONBALLINTERIORFRAMES,ONBALLINTERIORGRAVITYSCORE,AVGONBALLINTERIORGRAVITYSCORE,OFFBALLINTERIORFRAMES,OFFBALLINTERIORGRAVITYSCORE,AVGOFFBALLINTERIORGRAVITYSCORE,GAMESPLAYED,MINUTES,PTS,REB,AST
201142,Kevin,Durant,1610612745,HOU,Rockets,Houston,356971,16.483276923,16.6016443,87063,13.4544,13.921364,195069,19.1922461538,18.7598958,21167,11.7513384615,11.4882211,53672,12.1769384615,13.2192878,65,36.5,25.7,5.5,4.4
1630162,Anthony,Edwards,1610612750,MIN,Timberwolves,Minnesota,273526,14.6458771929,15.0944029,90178,16.0604210526,16.7142618,137122,15.0344385964,15.3031086,20850,10.5813333333,11.4509031,25376,9.3944210526,10.7882838,57,35.6,29.7,5.2,3.7
1628983,Shai,Gilgeous-Alexander,1610612760,OKC,Thunder,Oklahoma City,266078,14.8216666666,15.0405161,90936,13.3920526315,13.503641,103589,20.0484210526,20.265868,32135,8.527614035,7.6922129,39418,10.6743508771,11.916309,57,33.5,31.7,4.4,6.6
1629029,Luka,Dončić,1610612747,LAL,Lakers,Los Angeles,265223,14.4764827586,14.8370128,112345,17.1993103448,17.6428415,104593,17.0612241379,17.2151278,28018,1.9140862068,2.1407041,20267,1.0873793103,3.4404592,58,35.8,33.4,7.9,8.4
202695,Kawhi,Leonard,1610612746,LAC,Clippers,LA,268931,14.0836111111,13.5390142,70039,17.4179259259,17.6815434,134164,14.6307777777,13.7275157,24753,13.6298333333,13.3089963,39975,12.6122222222,12.4912942,54,32.3,28.2,6.4,3.6
1629008,Michael,Porter Jr.,1610612751,BKN,Nets,Brooklyn,252893,13.2471153846,13.0986047,30362,10.2640576923,10.5119317,154247,16.8235576923,16.7555718,11085,1.2595192307,0.0459861,57199,4.57875,4.3658856,52,32.5,24.2,7.1,3.0
201935,James,Harden,1610612739,CLE,Cavaliers,Cleveland,320871,12.4920666666,12.9609156,134379,13.5454166666,14.8170421,146814,15.6488333333,15.2905225,21678,-4.4411,-5.744795,18000,-2.8871166666,-2.5301396,60,35.0,24.2,4.9,8.0
202691,Klay,Thompson,1610612742,DAL,Mavericks,Dallas,181954,11.9511864406,11.8915621,17222,6.8172033898,7.259785,132957,14.8806101694,14.6866993,3634,-7.4400677966,-7.35561,28141,-3.7558305084,-2.4364212,59,21.9,11.9,2.2,1.4
1630595,Cade,Cunningham,1610612765,DET,Pistons,Detroit,281031,11.249,11.2280469,109309,12.1990169491,12.2131754,116216,14.7390169491,14.59874,27107,2.1984915254,0.8867076,28399,2.7910338983,1.9461181,59,34.3,24.5,5.6,9.7
1629130,Duncan,Robinson,1610612765,DET,Pistons,Detroit,255211,10.7569692307,11.1245462,20883,10.1179230769,10.8357828,181791,12.3303846153,12.5356151,4583,-14.2953230769,-14.5788701,47954,-8.935,-7.036797,65,27.4,11.7,2.6,2.0
1628378,Donovan,Mitchell,1610612739,CLE,Cavaliers,Cleveland,263622,10.8710166666,11.0765865,82931,7.8556666666,8.2665748,139052,16.1348833333,16.1102819,20341,-2.8128166666,-3.8175481,21298,-1.87435,-1.4526349,60,33.5,28.0,4.4,5.9
1630530,Trey,Murphy III,1610612740,NOP,Pelicans,New Orleans,332764,11.0572580645,10.9833781,51612,9.0407258064,8.8604865,222168,13.5679838709,13.364776,11770,-2.2548709677,-3.1628338,47214,4.8387e-05,0.2692177,62,35.4,22.0,5.7,3.9
1626164,Devin,Booker,1610612756,PHX,Suns,Phoenix,268541,10.5546481481,10.8509055,85260,11.2195,12.2529276,114667,14.9251666666,15.1345435,28547,1.3139814814,0.5693652,40067,0.4357592592,0.4642208,54,33.5,25.8,3.9,5.9
1630178,Tyrese,Maxey,1610612755,PHI,76ers,Philadelphia,326490,10.3825409836,10.7859664,113666,8.2019344262,8.1627542,171486,13.4049344262,14.0844557,18271,-1.3048032786,-1.3925771,23067,3.0124262295,4.4987898,61,38.3,29.0,4.1,6.7
1630166,Deni,Avdija,1610612757,POR,Trail Blazers,Portland,275476,8.9516111111,9.7694989,86857,9.6297037037,10.7715539,132276,12.2587777777,12.5054314,27052,0.2962407407,1.1180642,29291,1.0652777777,1.6610554,54,33.4,24.2,7.0,6.7
1626181,Norman,Powell,1610612748,MIA,Heat,Miami,202908,9.0463461538,9.2515146,30811,4.7742692307,5.2266086,132308,11.8229615384,11.7605669,11266,-1.5124615384,-4.1828064,28523,0.2500384615,-0.6969548,52,30.1,22.3,3.6,2.6
1630217,Desmond,Bane,1610612753,ORL,Magic,Orlando,333600,9.4958358208,9.1212542,67901,7.5123582089,6.9685907,208102,12.210283582,12.0424995,16237,-3.9087014925,-8.0594742,41360,0.330761194,-0.1340732,67,34.3,20.8,4.1,4.2
1641705,Victor,Wembanyama,1610612759,SAS,Spurs,San Antonio,201834,8.890537037,8.9620861,25707,9.1405555555,10.2737506,76222,11.1281111111,10.7636133,19683,4.9865925925,4.8652954,80222,4.7265,6.0546209,54,29.4,24.4,11.1,2.9
1627750,Jamal,Murray,1610612743,DEN,Nuggets,Denver,336776,8.922484375,8.8947855,123257,7.001453125,7.8849381,155613,12.97475,12.5452551,25270,-0.34453125,-0.0597302,32636,1.51840625,1.2683888,64,34.9,25.2,4.4,7.1
1628973,Jalen,Brunson,1610612752,NYK,Knicks,New York,346596,9.2330655737,8.6050934,133909,9.620409836,9.3506402,154939,13.6974426229,12.5908463,29598,-7.6333770491,-8.3297226,28150,-5.1897704918,-5.7390246,61,34.9,26.4,3.4,6.6
1627759,Jaylen,Brown,1610612738,BOS,Celtics,Boston,327833,8.3428870967,8.3361115,88117,9.5199032258,9.7081056,169081,10.3539032258,10.2707416,33761,1.3238870967,1.0792792,36874,2.2573548387,2.2974081,62,34.1,28.5,7.0,5.1
1627742,Brandon,Ingram,1610612761,TOR,Raptors,Toronto,357093,9.145640625,8.0047151,65273,8.5093125,8.1236642,202859,10.61715625,10.1088433,36168,3.491,-0.3657234,52793,5.0035,3.2930215,64,34.2,22.0,5.7,3.8
1631323,Simone,Fontecchio,1610612748,MIA,Heat,Miami,138726,7.2884262295,7.559134,12443,6.0298360655,5.6210794,85054,8.5351967213,8.9012612,4269,-5.9259836065,-9.2275809,36960,-5.4477540983,-8.4169463,61,17.0,8.3,3.1,1.5
201942,DeMar,DeRozan,1610612758,SAC,Kings,Sacramento,324794,7.6742285714,7.3401833,54966,7.4909571428,8.3226205,186322,8.7840285714,8.1113655,32579,6.3558,6.1650101,50927,5.8760714285,5.7133152,70,31.6,18.5,3.0,4.0
203468,CJ,McCollum,1610612737,ATL,Hawks,Atlanta,262162,6.692063492,7.041696,74099,5.8261904761,6.3378918,135794,10.6331428571,10.739015,16051,-11.4517619047,-11.6428992,36218,-7.6676507936,-6.7552991,63,29.8,18.6,3.4,3.7
1628370,Malik,Monk,1610612758,SAC,Kings,Sacramento,165483,7.0914629629,7.0285032,32761,5.3031111111,5.1689089,112303,8.6907407407,8.3708426,6466,-1.5596296296,-1.323604,13953,1.0639814814,2.4594505,54,21.9,12.4,1.9,2.7
203501,Tim,Hardaway Jr.,1610612743,DEN,Nuggets,Denver,271447,5.9843235294,6.7253932,19035,3.175117647,3.9425468,215831,7.9517205882,7.9932848,3422,-5.5998970588,-8.3999202,33159,-4.65375,-3.3732965,68,27.1,13.8,2.6,1.4
1631260,AJ,Green,1610612749,MIL,Bucks,Milwaukee,290080,6.8495692307,6.4082098,26339,3.2476461538,1.6248282,214279,8.1809076923,7.6586761,3917,-10.2138461538,-16.9878371,45545,-6.2532,-4.8255191,65,28.7,9.5,2.5,1.8
1642851,Kon,Knueppel,1610612766,CHA,Hornets,Charlotte,343601,6.2072608695,6.2428631,41889,5.3587391304,6.9903991,228269,9.0501449275,9.0271464,13476,-12.1689565217,-11.2879261,59967,-9.2408405797,-8.7968819,69,31.7,19.3,5.3,3.4
1642263,Reed,Sheppard,1610612745,HOU,Rockets,Houston,271241,6.0133283582,6.06091,69020,4.6116567164,4.7416278,179209,7.7273283582,7.5327428,7630,-11.4137014925,-12.832141,15382,-8.2915074626,-9.3334643,67,26.1,13.4,2.8,3.2
1627783,Pascal,Siakam,1610612754,IND,Pacers,Indiana,283947,6.0654259259,6.0511607,41749,6.4226111111,6.7091081,145951,7.0984074074,6.8765719,29599,6.1688703703,5.9552353,66648,4.2551111111,4.705764,54,33.5,23.9,6.7,3.9
1642285,Cam,Spencer,1610612763,MEM,Grizzlies,Memphis,223223,5.573046875,5.8215756,65197,4.914640625,5.2632577,126098,8.678765625,8.7885324,10026,-9.517203125,-10.4355904,21902,-7.1398125,-6.9221918,64,23.9,11.4,2.6,5.5
1629014,Anfernee,Simons,1610612741,CHI,Bulls,Chicago,219191,5.7539818181,5.7248927,55140,5.287290909,5.76894,136839,7.4197818181,7.1737806,5889,-14.0734363636,-13.0092289,21323,-9.4849272727,-10.1129989,55,24.9,14.3,2.5,2.4
1628379,Luke,Kennard,1610612747,LAL,Lakers,Los Angeles,190159,5.529,5.673738,17742,3.2023787878,4.7538825,131377,7.6740757575,7.4682148,6317,-11.3859848484,-10.9772437,34723,-7.0052121212,-6.0017084,66,20.8,8.0,2.2,2.0
1628368,De'Aaron,Fox,1610612759,SAS,Spurs,San Antonio,247748,5.0914333333,5.5363752,70166,2.6078666666,3.3980385,134761,9.0986666666,9.1183414,18444,-9.3153,-8.904129,24377,-7.7079166666,-6.3154517,60,31.4,18.9,3.8,6.3
1629656,Quentin,Grimes,1610612755,PHI,76ers,Philadelphia,269952,5.8076031746,5.4428919,42430,3.5596825396,4.6772571,189365,7.4974126984,6.8876816,10288,-9.9735873015,-9.4270746,27869,-5.8814126984,-6.3275128,63,30.1,13.7,3.7,3.5
1641718,Keyonte,George,1610612762,UTA,Jazz,Utah,258902,5.8749245283,5.3958025,90748,1.9487547169,1.4223366,137343,10.4008113207,9.9140082,13166,-9.1546792452,-10.7336964,17645,-3.539226415,-2.7567448,53,33.3,23.7,3.7,6.2
1630170,Devin,Vassell,1610612759,SAS,Spurs,San Antonio,230940,5.2381818181,5.2122845,26180,0.5734545454,1.9707166,173845,6.791890909,6.7591118,6535,-3.3671090909,-3.6030904,24380,-4.5500181818,-3.5341441,55,30.8,14.4,3.8,2.5
1641706,Brandon,Miller,1610612766,CHA,Hornets,Charlotte,248150,5.3259622641,5.1505665,49633,3.5547169811,3.8446089,144416,8.7681320754,8.4019162,12900,-12.5538679245,-10.7361297,41201,-11.4794339622,-9.764582,53,30.1,20.4,5.0,3.5
1628989,Kevin,Huerter,1610612765,DET,Pistons,Detroit,179604,5.1920877192,5.1331573,21516,2.3609122807,2.6348402,121771,7.6653157894,7.7937441,6230,-13.2658771929,-16.2420359,30087,-9.4480175438,-9.677447,57,21.9,9.7,3.5,2.4
1630163,LaMelo,Ball,1610612766,CHA,Hornets,Charlotte,255341,4.8652166666,5.0647622,107542,5.5636666666,5.868312,114569,8.4693,8.458267,14900,-16.18615,-14.880052,18330,-14.62005,-14.1369451,60,27.5,19.5,4.9,7.1
1641729,Brice,Sensabaugh,1610612762,UTA,Jazz,Utah,207031,6.3615538461,4.8596179,24964,4.1371538461,4.3581405,154431,7.4966923076,6.0053336,8633,-6.0436923076,-8.4158081,19003,-4.2557230769,-5.5750362,65,22.7,14.0,3.0,1.7
1629638,Nickeil,Alexander-Walker,1610612737,ATL,Hawks,Atlanta,296279,4.2563787878,4.7897689,55941,3.9796515151,5.7601695,164875,7.582530303,7.9435729,15096,-15.2499090909,-18.8086207,60367,-11.1539242424,-10.8375348,66,33.3,20.3,3.5,3.7
1630533,Ziaire,Williams,1610612751,BKN,Nets,Brooklyn,162151,4.855877551,4.6828372,11208,0.8290408163,1.6531444,118456,6.4036530612,5.9240753,2617,-11.7301020408,-11.8000286,29870,-6.0977346938,-6.7399429,49,22.8,9.6,2.4,1.0
1628401,Derrick,White,1610612738,BOS,Celtics,Boston,352953,4.5796363636,4.6745096,101003,5.0112878787,5.212433,203837,6.6398636363,6.6149503,13552,-20.2718181818,-21.0002559,34561,-15.2253030303,-15.2253804,66,34.2,17.4,4.5,5.6
1630541,Moses,Moody,1610612744,GSW,Warriors,Golden State,217205,4.453338983,4.6604176,21584,-2.7209152542,-1.0776693,165997,6.606898305,6.812156,5137,-15.7941864406,-15.6937835,24487,-11.1319322033,-9.4225897,59,25.5,11.9,3.3,1.6
1642907,Cedric,Coward,1610612763,MEM,Grizzlies,Memphis,201108,4.4366415094,4.6162492,31653,3.1903018867,3.6623439,133800,6.5688301886,6.5233977,9929,-4.1028679245,-5.8684639,25726,-3.0773018867,-3.2727685,53,26.1,13.3,6.2,2.8
203924,Jerami,Grant,1610612757,POR,Trail Blazers,Portland,230034,4.6097222222,4.493428,34047,3.3001851851,4.4307533,151166,6.095,5.9833983,15000,-1.9981666666,-2.4225237,29821,-2.451537037,-2.7404679,54,29.9,18.5,3.5,2.2
1630249,Vít,Krejčí,1610612757,POR,Trail Blazers,Portland,195860,3.9123125,4.4767301,19654,1.465296875,3.8797931,141777,5.73453125,5.1764166,4084,-17.85271875,-16.398068,30345,-13.51109375,-10.7614008,64,21.6,8.6,2.3,1.6
1642848,Tre,Johnson,1610612764,WAS,Wizards,Washington,183646,4.2701272727,4.4749922,24746,1.857090909,2.6558621,127263,6.1587454545,6.2681139,8494,-8.3821636363,-9.0584491,23143,-5.9684545454,-5.745761,55,24.0,12.3,2.8,2.0
1641824,Matas,Buzelis,1610612741,CHI,Bulls,Chicago,279905,4.595117647,4.4707253,38173,2.4042058823,2.387648,190534,6.6548088235,6.5928258,13240,-9.6744264705,-11.2299817,37958,-6.6555294117,-7.2627607,68,29.3,16.3,5.7,2.1
1631094,Paolo,Banchero,1610612753,ORL,Magic,Orlando,284986,4.2705614035,4.4326111,67711,3.4083157894,3.7802734,140119,5.7483508771,6.061932,28319,0.4517192982,-0.4450168,48837,1.2276491228,1.3757337,57,34.8,22.3,8.5,5.1
1630577,Julian,Champagnie,1610612759,SAS,Spurs,San Antonio,263579,4.5879710144,4.1978231,15196,3.1647391304,4.4509867,204793,6.4207391304,5.7557176,4205,-7.9698985507,-5.2102268,39385,-8.8229130434,-8.0085347,69,27.9,11.4,5.7,1.5
2544,LeBron,James,1610612747,LAL,Lakers,Los Angeles,204144,4.0590816326,4.1134204,43548,2.2373877551,3.294562,117692,5.7240204081,5.7094183,16893,-4.2083673469,-3.9237144,26011,-4.1425306122,-4.1507323,49,33.3,21.3,5.8,6.9
1630198,Isaiah,Joe,1610612760,OKC,Thunder,Oklahoma City,185620,3.6924166666,4.01901,17518,1.4723,2.8292797,133625,4.9185833333,5.3860513,4749,-5.8099666666,-9.3909806,29728,-3.9068166666,-5.2700714,60,22.0,11.1,2.7,1.4
203952,Andrew,Wiggins,1610612748,MIA,Heat,Miami,232209,3.9479122807,3.9284859,27241,1.708614035,2.1977939,146683,6.135368421,5.860617,13816,-7.9182280701,-7.8864551,44469,-5.9901403508,-4.9959022,57,31.0,15.9,5.1,2.8
1642846,Ace,Bailey,1610612762,UTA,Jazz,Utah,232793,3.6220333333,3.8596986,19091,-1.5305166666,-2.0451997,171054,5.3275,5.6311125,8414,-9.0438833333,-8.9175406,34234,-5.8208666666,-5.8876346,60,26.7,12.8,4.0,1.7
1631108,Max,Christie,1610612742,DAL,Mavericks,Dallas,269702,3.59346875,3.695395,30276,1.616203125,1.7171775,200267,5.68871875,5.6878463,8069,-9.437546875,-10.187308,31090,-8.116703125,-7.4780758,64,29.4,12.7,3.3,2.0
1642843,Cooper,Flagg,1610612742,DAL,Mavericks,Dallas,311923,3.6041052631,3.6153554,68511,2.3129473684,3.1852864,183265,6.4087894736,5.7645719,23858,-5.7851929824,-2.8811289,36289,-4.1727017543,-2.2456462,57,33.6,20.2,6.6,4.5
1627747,Caris,LeVert,1610612765,DET,Pistons,Detroit,140391,4.0076382978,3.6012973,31784,2.4843404255,2.5113937,82524,6.1696382978,5.9150806,7007,-9.3902340425,-11.7393176,19076,-6.9122340425,-6.5505744,47,19.5,7.5,1.9,2.7
1630202,Payton,Pritchard,1610612738,BOS,Celtics,Boston,349194,3.4300149253,3.5611634,96933,3.6467014925,4.508745,198062,5.4819552238,5.4212272,20697,-10.6623432835,-11.3723279,33502,-7.6259552238,-6.7017914,67,32.7,16.7,4.0,5.4
1642419,Jamison,Battle,1610612761,TOR,Raptors,Toronto,58906,4.5477291666,3.3778262,2669,0.7013541666,1.2940906,44587,6.2705833333,5.3511007,973,-7.3857916666,-17.2113103,10677,-5.3685,-4.2125617,48,8.6,2.8,1.5,0.3
1630552,Jalen,Johnson,1610612737,ATL,Hawks,Atlanta,309738,4.3508870967,3.2999459,72659,4.504048387,5.061973,161947,7.6538387096,6.1588806,27990,-3.7482096774,-8.9040542,47142,-2.1112580645,-5.1581946,62,35.3,22.9,10.5,8.1
1630573,Sam,Hauser,1610612738,BOS,Celtics,Boston,252401,3.2669848484,3.280271,16328,1.8103787878,0.939044,191420,4.9111969696,5.0935289,2097,-16.2349242424,-17.6322579,42556,-13.9068484848,-14.4893345,66,24.6,9.2,3.9,1.5
1630696,Dru,Smith,1610612748,MIA,Heat,Miami,147874,3.3895846153,3.2316804,27679,-0.2275846153,-0.3083969,84328,6.3233384615,6.1752976,7917,-11.6033076923,-13.3787318,27950,-8.7864461538,-9.7777141,65,16.9,5.9,2.6,2.6
1642450,Daniss,Jenkins,1610612765,DET,Pistons,Detroit,152716,2.6037586206,3.1485429,48913,2.9827586206,3.6505159,79331,4.5592413793,5.0271558,9140,-11.2874827586,-11.8752184,15332,-7.2107413793,-7.2575959,58,17.8,7.8,1.9,3.2
1642845,VJ,Edgecombe,1610612755,PHI,76ers,Philadelphia,298548,3.2269523809,2.974049,60730,0.5478730158,1.122366,192662,4.4769523809,3.9211341,10856,-4.3305396825,-3.69371,34300,-2.9262539682,-3.3731417,63,34.9,15.6,5.6,4.0
203484,Kentavious,Caldwell-Pope,1610612763,MEM,Grizzlies,Memphis,161633,2.7206274509,2.9541553,28935,-0.318372549,0.9993015,114927,4.2917058823,4.500307,4122,-15.2426470588,-15.3486123,13649,-9.4915490196,-9.8877903,51,21.3,8.4,2.5,2.7
1628978,Donte,DiVincenzo,1610612750,MIN,Timberwolves,Minnesota,274459,3.0430869565,2.9068543,32153,0.7647536231,1.1252508,208678,4.2494057971,4.0704423,6369,-9.9846521739,-10.8912441,27259,-7.6198985507,-8.3909403,69,30.7,12.1,4.4,4.1
1631095,Jabari,Smith Jr.,1610612745,HOU,Rockets,Houston,338861,2.960015625,2.8874925,23625,1.88990625,2.2862861,252996,3.639484375,3.489753,9936,-3.766453125,-3.8344405,52304,-4.0575,-3.7151889,64,35.0,15.5,6.8,1.8
203114,Khris,Middleton,1610612742,DAL,Mavericks,Dallas,167702,3.0580576923,2.8843214,24232,2.9166153846,2.6091834,98468,6.1677115384,5.7919429,12762,-6.5580192307,-6.7274052,32240,-4.631826923,-4.3093426,52,24.0,10.9,3.9,3.0
1629614,Andrew,Nembhard,1610612754,IND,Pacers,Indiana,247729,2.4743333333,2.8472514,87627,3.5985882352,4.3535174,119621,4.9090784313,4.6512357,22508,-11.2485490196,-11.0814187,17973,-10.135117647,-9.0804797,51,31.2,16.9,2.8,7.3
1642856,Egor,Dëmin,1610612751,BKN,Nets,Brooklyn,193783,2.6637307692,2.8176297,41272,3.0777884615,3.7035345,124030,4.488,4.6718985,5554,-22.4762115384,-23.9317891,22927,-16.267076923,-16.8537087,52,25.1,10.3,3.2,3.3
1642860,Will,Riley,1610612764,WAS,Wizards,Washington,167849,2.1912203389,2.7608303,24690,-1.1519830508,2.29162,111147,4.5184067796,4.6460741,7461,-8.7476440677,-8.8394069,24551,-9.3694067796,-8.824203,59,20.0,8.7,2.6,1.7
1630180,Saddiq,Bey,1610612740,NOP,Pelicans,New Orleans,287976,2.7596507936,2.6354718,26973,-0.3994285714,-0.0884325,203451,4.4913015873,4.294791,18307,-6.1588095238,-5.8294057,39245,-4.222079365,-4.2140782,63,30.9,17.3,5.7,2.5
1641854,Craig,Porter Jr.,1610612739,CLE,Cavaliers,Cleveland,139968,2.3272807017,2.6064676,23758,1.4309649122,3.2335545,88370,4.6165964912,5.0973879,6983,-16.4076315789,-18.8682252,20857,-12.7645438596,-13.0633207,57,17.6,4.5,3.4,3.2
1642954,Will,Richard,1610612744,GSW,Warriors,Golden State,175009,2.9630344827,2.5755382,11504,-2.4339482758,-3.2328762,130332,4.7772241379,4.4891763,2835,-17.5099482758,-20.7817569,30338,-12.8255172413,-13.6800014,58,20.1,6.8,2.6,1.4
1642267,Bub,Carrington,1610612764,WAS,Wizards,Washington,265628,2.555,2.566888,70665,0.610367647,1.1436021,168338,4.9776764705,4.804437,8016,-17.2772647058,-17.5152532,18609,-13.9485294117,-11.9834181,68,27.4,9.9,3.6,4.5
1642847,Jeremiah,Fears,1610612740,NOP,Pelicans,New Orleans,263258,2.4125714285,2.5151193,72308,0.8075857142,1.4097508,146412,5.4039571428,5.4487605,16864,-10.8141142857,-11.5645962,27674,-7.0090857142,-6.4879132,70,24.8,13.0,3.5,3.2
1628969,Mikal,Bridges,1610612752,NYK,Knicks,New York,365920,3.8282537313,2.505579,46709,2.6711641791,2.3300161,245053,5.8761492537,4.5927464,16008,-12.5043582089,-14.7896101,58150,-9.019402985,-9.1065694,67,33.3,14.9,4.2,3.9
1629012,Collin,Sexton,1610612741,CHI,Bulls,Chicago,195337,2.7696964285,2.4240125,56411,3.4423392857,3.5135197,107520,4.7234821428,4.3627118,12165,-12.3424821428,-13.2580468,19241,-7.0814107142,-6.8275225,56,22.8,14.5,2.0,3.4
203903,Jordan,Clarkson,1610612752,NYK,Knicks,New York,175619,3.3298214285,2.4168846,19170,3.082875,2.4238782,121735,4.6661428571,3.7281009,7788,-9.6857678571,-9.2668334,26926,-8.2984464285,-8.0620506,56,18.0,8.8,1.8,1.3
1641764,Brandin,Podziemski,1610612744,GSW,Warriors,Golden State,284740,2.1865507246,2.4018841,60818,-0.4710289855,0.1950344,171360,5.7766376811,5.882742,13990,-18.0867391304,-18.4899137,38572,-11.6103333333,-10.7359813,69,28.2,12.9,5.2,3.8
1630193,Immanuel,Quickley,1610612761,TOR,Raptors,Toronto,326551,3.4804285714,2.3579058,90702,2.3982222222,2.2523911,184559,6.3506984126,4.8450392,17095,-11.486,-13.7058322,34195,-8.8462698412,-10.2817756,63,32.6,17.1,4.1,6.0
1641711,Gradey,Dick,1610612761,TOR,Raptors,Toronto,141177,3.7777377049,2.3253978,9136,3.7556065573,-1.006832,109227,5.0003114754,4.0105934,3838,-4.891409836,-2.2499583,18976,-4.3860327868,-8.1121665,61,15.1,6.4,2.0,0.7
1642265,Rob,Dillingham,1610612741,CHI,Bulls,Chicago,90670,2.0715384615,2.3138835,22775,2.4486346153,3.9029534,52519,4.1464615384,4.0941262,6911,-9.5530192307,-10.2935675,8465,-5.8083076923,-6.6340246,52,13.2,5.2,1.8,2.2
1642272,Jared,McCain,1610612760,OKC,Thunder,Oklahoma City,137746,2.8975454545,2.2995652,23647,2.3206545454,2.2919196,96395,3.7953090909,3.0398504,5637,-10.4847272727,-11.2479134,12067,-7.5905090909,-7.2308327,55,17.5,8.4,2.1,1.4
1641710,Anthony,Black,1610612753,ORL,Magic,Orlando,264228,2.2742413793,2.2860046,50117,-0.155,-0.2947911,173464,4.3737413793,4.4825347,10945,-11.375275862,-12.0829084,29702,-8.5982586206,-8.6802134,58,30.9,15.3,3.8,3.9
1628415,Dillon,Brooks,1610612756,PHX,Suns,Phoenix,223277,2.60144,2.2164351,33926,0.92066,1.4467399,145182,5.3296,4.6742046,15444,-13.7617,-13.7505089,28725,-11.5427,-12.1242386,50,30.6,20.9,3.7,1.8
1631221,Collin,Gillespie,1610612756,PHX,Suns,Phoenix,297767,2.1819130434,2.1796831,70600,-1.2736231884,-1.2627577,182634,5.3164782608,5.2574002,13280,-18.3848550724,-19.4800313,31253,-11.5517536231,-11.542773,69,28.9,13.2,4.2,4.8
1642377,Jaylen,Wells,1610612763,MEM,Grizzlies,Memphis,245752,2.6133076923,2.129212,25817,1.6415230769,2.4852176,179162,3.8057692307,3.2374289,10295,-9.1058153846,-9.8377337,30478,-5.8819384615,-5.7154729,65,26.6,12.8,3.3,1.7
1626157,Karl-Anthony,Towns,1610612752,NYK,Knicks,New York,321385,4.0089193548,1.9637173,37823,7.3144838709,5.7439153,131165,8.9267741935,8.0504632,22738,-2.8510645161,-5.403311,129659,-1.5203709677,-4.0152918,62,31.3,20.2,11.9,2.9
1629627,Zion,Williamson,1610612740,NOP,Pelicans,New Orleans,223839,1.918226415,1.8871322,34860,0.5750377358,0.8625419,84108,2.776735849,3.1734157,23557,3.791981132,0.3425566,81314,4.1218113207,4.0070821,53,30.0,21.6,5.9,3.3
1631165,Keon,Ellis,1610612739,CLE,Cavaliers,Cleveland,164169,1.7907666666,1.8032744,12315,-1.6042,-0.7742244,123546,2.8529166666,2.9634499,3249,-8.01755,-13.9609012,25059,-4.7517666666,-6.3598622,60,19.6,6.2,1.8,0.9
1631096,Chet,Holmgren,1610612760,OKC,Thunder,Oklahoma City,243537,1.8789491525,1.7600691,19685,1.7014576271,2.5763635,135787,5.1057966101,4.8685361,16646,-7.9718135593,-9.1255967,71419,-7.010338983,-5.9812384,59,29.3,17.4,8.9,1.7
1641796,Pelle,Larsson,1610612748,MIA,Heat,Miami,184274,1.8461206896,1.7351452,21123,-2.4681034482,-2.8574347,97394,3.8432586206,3.8625384,8245,-13.2088793103,-13.567321,57512,-8.8363275862,-10.4969254,58,25.8,10.9,3.4,3.4
1629018,Gary,Trent Jr.,1610612749,MIL,Bucks,Milwaukee,196329,3.8380357142,1.6932923,16800,-0.7430714285,-0.1869206,162880,4.4990892857,2.3448854,2424,-2.99925,-4.9735899,14225,-1.5881428571,-4.123328,56,21.2,7.5,1.0,1.3
1641716,Jarace,Walker,1610612754,IND,Pacers,Indiana,260087,1.8825147058,1.6869191,29492,3.0755441176,4.1915084,186666,3.2833235294,2.9923021,9378,-8.0590735294,-7.5959842,34551,-6.7867647058,-7.0987994,68,25.5,11.4,5.1,2.4
1641739,Toumani,Camara,1610612757,POR,Trail Blazers,Portland,337681,1.6322571428,1.4698441,32635,-1.9592571428,-1.6585834,236750,3.6302,3.416458,11563,-12.3493571428,-12.1239144,56733,-10.2406857142,-9.5768577,70,33.3,12.8,5.3,2.6
1642383,Walter,Clayton Jr.,1610612763,MEM,Grizzlies,Memphis,157113,1.0554561403,1.4464707,41750,-1.0293508771,-0.4570677,94791,4.1941578947,4.5406786,8310,-19.0183157894,-19.1812855,12262,-14.1957719298,-12.6806282,57,19.5,7.2,2.0,3.9
203999,Nikola,Jokić,1610612743,DEN,Nuggets,Denver,270343,1.2073584905,1.4410279,57081,3.4329245283,3.5126891,101578,4.2000754716,4.5116709,37202,-7.0260188679,-7.8506021,74482,-3.9033396226,-2.2282707,53,34.7,28.2,12.6,10.6
1631157,Ryan,Rollins,1610612749,MIL,Bucks,Milwaukee,329046,2.2053731343,1.4090894,90265,3.905880597,3.6355545,187553,4.3391343283,3.4006619,20431,-13.8653283582,-15.4184968,30797,-12.0722985074,-14.3499838,67,32.2,16.8,4.6,5.6
1642266,Ja'Kobe,Walter,1610612761,TOR,Raptors,Toronto,158414,1.1321428571,1.3975754,9892,-3.5858392857,-2.6228953,113417,1.5061071428,1.8568167,2910,-0.2795892857,-1.0637422,32195,-0.5544107142,-1.6950669,56,18.9,6.7,2.4,1.1
1630245,Ayo,Dosunmu,1610612750,MIN,Timberwolves,Minnesota,217337,1.3230666666,1.2923407,40335,0.1513166666,0.7427316,146320,2.796,2.5913794,10394,-9.1087833333,-8.8216445,20288,-8.1548,-7.405944,60,26.5,14.4,3.1,3.5
1641767,Ben,Sheppard,1610612754,IND,Pacers,Indiana,183401,1.4762982456,1.2870423,18743,-1.7995087719,0.707361,132898,2.8105964912,2.3422358,3372,-9.622491228,-9.5945957,28388,-7.8484210526,-6.0047572,57,21.5,7.1,3.1,1.8
1630538,Bones,Hyland,1610612750,MIN,Timberwolves,Minnesota,119695,1.1085423728,1.2671015,34752,1.879779661,1.1200726,70629,2.2292372881,2.6663038,3984,-12.1512203389,-14.5693825,10330,-12.8613898305,-13.82445,59,15.5,7.8,1.7,2.6
1630631,Jose,Alvarado,1610612752,NYK,Knicks,New York,186947,1.1514406779,1.2633534,51050,-0.1975762711,0.4255425,111539,3.4006271186,3.4115222,6199,-16.252779661,-19.2031587,18159,-11.2615932203,-12.4653179,59,20.4,7.4,2.5,3.4
1629675,Naz,Reid,1610612750,MIN,Timberwolves,Minnesota,235866,1.2346716417,1.2494324,20781,5.357761194,5.1702109,158344,1.6765820895,1.555759,10354,-3.0281343283,-1.9622373,46387,-4.2842089552,-2.6058427,67,26.1,13.8,6.2,2.4
1630534,Ochai,Agbaji,1610612751,BKN,Nets,Brooklyn,123497,2.2546226415,1.2097367,6160,-3.5848490566,-4.2470813,84076,3.8316792452,3.0607331,2738,-6.190735849,-6.8663093,30523,-5.8804716981,-9.7005983,53,15.5,4.7,2.2,0.7
1641712,Rayan,Rupert,1610612763,MEM,Grizzlies,Memphis,123049,1.5723275862,1.1833265,5881,-0.851275862,-3.0543553,89112,3.1272068965,2.9664897,3669,-7.0684310344,-9.1711114,24387,-7.7103103448,-10.4113072,58,14.9,4.2,2.4,0.8
1630311,Pat,Spencer,1610612744,GSW,Warriors,Golden State,135335,2.0344509803,1.1751883,38244,0.6814705882,-0.1996852,67542,8.4654313725,7.0659016,8580,-18.8307254901,-20.8879025,20969,-15.1066470588,-16.3334127,51,17.8,6.8,2.3,3.4
1630172,Patrick,Williams,1610612741,CHI,Bulls,Chicago,167601,1.0758305084,1.1367255,15154,0.5354745762,1.1927503,120697,2.3274406779,2.3040467,6962,-7.5074915254,-6.4503336,24788,-7.6562711864,-7.7701903,59,19.6,6.8,2.8,1.3
1642348,Justin,Edwards,1610612755,PHI,76ers,Philadelphia,114337,1.8565098039,1.1187409,10936,0.3745882352,0.4041367,84365,2.531,1.8789029,2447,-8.3760980392,-8.5082938,16589,-8.2984313725,-6.0486755,51,16.0,6.4,1.7,1.4
203084,Harrison,Barnes,1610612759,SAS,Spurs,San Antonio,235463,1.13934375,0.9081703,21928,-2.14090625,-1.4310441,158097,3.153609375,2.7770933,7813,-11.35146875,-9.0231637,47625,-9.04453125,-8.5121015,64,26.5,10.1,2.9,2.1
1629611,Terance,Mann,1610612751,BKN,Nets,Brooklyn,213333,1.2699827586,0.901597,40558,-1.8933793103,-2.0928387,129895,4.4293103448,4.0867044,10056,-19.7788793103,-18.3917671,32824,-15.8213103448,-13.7197742,58,24.4,7.3,3.2,3.1
1629640,Keldon,Johnson,1610612759,SAS,Spurs,San Antonio,231614,0.9700144927,0.8344017,18980,-0.8398115942,-1.1396375,157939,2.4294637681,2.3083767,12136,-4.7162173913,-4.3476952,42559,-4.3229275362,-3.395403,69,23.2,12.7,5.4,1.3
1629731,Dean,Wade,1610612739,CLE,Cavaliers,Cleveland,165899,0.7020925925,0.8288788,9265,2.1542962962,3.2313555,118969,1.5941111111,2.1931265,3494,-13.1090185185,-12.8522441,34171,-10.5586481481,-8.6936878,54,22.4,5.9,4.3,1.5
203471,Dennis,Schröder,1610612739,CLE,Cavaliers,Cleveland,212533,0.5693559322,0.8164337,68532,-1.4944067796,-0.5343819,114083,3.7147457627,3.9894692,13077,-16.7648135593,-16.6822113,16841,-12.827898305,-10.5398807,59,25.0,11.4,2.8,5.0
1630200,Tre,Jones,1610612741,CHI,Bulls,Chicago,198185,1.0501730769,0.8128386,46316,1.2308461538,1.5035749,115859,3.5123076923,3.2398894,15348,-12.6946153846,-14.590758,20662,-10.228326923,-10.9343813,52,27.0,12.9,2.9,5.3
1628970,Miles,Bridges,1610612766,CHA,Hornets,Charlotte,332372,0.5598307692,0.7978091,44406,-1.8908923076,-0.2506331,215336,3.3035538461,3.358671,15496,-11.0223384615,-8.475704,57134,-10.5251076923,-9.864245,65,31.6,17.4,5.9,3.3
1630551,Justin,Champagnie,1610612764,WAS,Wizards,Washington,170720,1.3342931034,0.7344709,9033,1.2665344827,1.8707054,113989,3.1010689655,2.5551965,4458,-6.9895172413,-7.6635051,43240,-7.4050172413,-7.3383974,58,19.8,8.5,5.7,1.1
1642844,Dylan,Harper,1610612759,SAS,Spurs,San Antonio,173218,0.4218035714,0.6648232,45993,-0.1251785714,0.6486527,95715,3.4464464285,3.4122796,12199,-13.4518035714,-14.0340478,19311,-11.5327678571,-11.6318544,56,22.2,11.1,3.4,3.9
1641783,Tristan,da Silva,1610612753,ORL,Magic,Orlando,212529,0.5606129032,0.6646263,16378,0.6557096774,1.0605981,151302,1.6009032258,1.7664491,5191,-9.9943709677,-9.0466626,39658,-7.9378548387,-7.7922951,62,24.4,9.4,3.8,1.5
1642874,Danny,Wolf,1610612751,BKN,Nets,Brooklyn,160046,0.5973636363,0.6523358,20727,1.8603818181,1.1921696,102401,2.290290909,2.7231143,7331,-13.7445636363,-15.5769135,29587,-13.1251090909,-13.2834631,55,21.0,8.9,4.9,2.3
1631321,Sidy,Cissoko,1610612757,POR,Trail Blazers,Portland,198775,0.9629365079,0.6513968,14461,-1.873079365,-1.1715035,143356,2.1443333333,1.8527406,5594,-13.8133492063,-14.1290992,35364,-11.1736825396,-12.5191948,63,20.7,5.7,2.3,1.5
202699,Tobias,Harris,1610612765,DET,Pistons,Detroit,198681,0.55974,0.519128,20412,1.12158,0.7863414,124031,2.4312,2.409837,13354,-9.72106,-8.789815,40884,-8.75144,-6.7410995,50,28.0,13.0,5.2,2.3
1642363,Nique,Clifford,1610612758,SAC,Kings,Sacramento,211865,0.1904090909,0.4981599,25533,-2.6057727272,-2.1835538,154353,1.6376818181,2.0198757,7715,-8.1593181818,-8.7763193,24264,-7.9174696969,-7.7631226,66,23.8,7.8,3.6,2.1
1630598,Aaron,Wiggins,1610612760,OKC,Thunder,Oklahoma City,171541,0.2587222222,0.3349752,25754,-1.3958703703,0.2113103,108607,2.7231111111,2.6798294,7447,-12.8089629629,-13.3894859,29733,-11.055,-9.7726436,54,23.1,10.0,3.4,1.8
1642278,Tyler,Kolek,1610612752,NYK,Knicks,New York,107799,3.0816470588,0.3340761,31029,3.5189019607,2.5291733,58563,4.8341372549,2.9012343,6046,-14.0750588235,-18.6044831,12161,-8.7285686274,-15.4732332,51,12.5,4.3,1.7,2.8
1630578,Alperen,Sengun,1610612745,HOU,Rockets,Houston,300040,-0.226559322,0.2901533,53221,-0.2089322033,0.822385,104621,1.6753050847,2.4980315,42182,-6.0570847457,-5.2508897,100016,-5.5252203389,-4.7229713,59,33.5,20.3,8.9,6.1
1631222,Jake,LaRavia,1610612747,LAL,Lakers,Los Angeles,236089,0.2070857142,0.2066059,20023,-3.4761571428,-2.7949666,169014,1.5296142857,1.5297053,7567,-10.6705857142,-11.2908193,39485,-9.3424,-10.3325533,70,24.7,8.6,3.9,1.8
1630643,Jay,Huff,1610612754,IND,Pacers,Indiana,213729,-0.0490289855,0.1457085,14814,5.8408550724,5.3730018,119687,1.0513768115,1.5760994,5197,-6.3586231884,-5.6002657,74031,-5.4746811594,-4.7222245,69,20.8,9.5,3.8,1.3
1631248,Baylor,Scheierman,1610612738,BOS,Celtics,Boston,170804,0.04915625,0.1016339,10977,-2.398203125,-3.410885,136721,0.982984375,1.240414,3176,-11.860640625,-18.6182704,19930,-10.372,-9.8188955,64,17.5,4.9,3.5,1.3
1641717,Cason,Wallace,1610612760,OKC,Thunder,Oklahoma City,249676,-0.003090909,0.0983018,29255,-0.1828030303,-0.4104364,158985,2.9164848484,2.814962,10325,-16.7790454545,-17.4922286,51111,-14.4066212121,-13.8309715,66,27.3,8.7,3.1,2.8
1642962,Drake,Powell,1610612751,BKN,Nets,Brooklyn,147674,-0.054076923,0.096369,20012,-2.9277115384,-1.4294577,105075,1.5940961538,1.8458437,4479,-17.0480192307,-17.267131,18108,-10.9170384615,-12.0894942,52,19.4,6.1,1.6,1.4
1628389,Bam,Adebayo,1610612748,MIA,Heat,Miami,248797,-0.0827833333,0.0729381,24077,-1.58915,-1.5749472,102630,3.1309333333,3.425633,23112,-9.80575,-12.1193155,98978,-7.7806666666,-7.0085754,60,31.8,19.1,9.8,2.9
1641730,Noah,Clowney,1610612751,BKN,Nets,Brooklyn,253623,0.2472419354,0.0149114,22284,0.0090967741,1.1954856,186116,1.458548387,1.1843265,8408,-10.3684354838,-13.5652363,36815,-10.1038225806,-10.0707842,62,27.4,12.5,4.1,1.7
203944,Julius,Randle,1610612750,MIN,Timberwolves,Minnesota,303138,-0.099231884,-0.0191581,53061,1.7306521739,2.1908364,163106,0.8703188405,1.0888029,32951,-5.0177246376,-5.4965949,54020,-4.255115942,-4.4512474,69,32.9,21.1,6.9,5.1
1626220,Royce,O'Neale,1610612756,PHX,Suns,Phoenix,294401,0.2159130434,-0.0199929,30379,-3.3675217391,-3.3249829,235716,1.7907681159,1.5678426,4864,-30.6088985507,-32.9200725,23442,-25.2637971014,-25.2865248,69,29.1,9.9,4.8,2.8
1630611,Gui,Santos,1610612744,GSW,Warriors,Golden State,150620,-0.0916896551,-0.0281721,16965,-2.4903793103,-2.8861904,88773,3.2453275862,3.9964017,7751,-11.9525344827,-15.6104061,37131,-12.8427413793,-15.0840585,58,19.0,8.2,3.8,2.1
202696,Nikola,Vučević,1610612738,BOS,Celtics,Boston,254985,-0.2486779661,-0.0996105,27877,3.4256101694,4.3047105,123178,1.1807966101,1.3803021,16963,-7.1301016949,-7.3590996,86967,-4.997898305,-4.8042349,59,29.0,15.6,8.6,3.4
1642258,Zaccharie,Risacher,1610612737,ATL,Hawks,Atlanta,196751,3.2992,-0.1074831,13021,-0.2588545454,-1.1551652,141318,4.6843818181,1.3467241,5751,-10.6245272727,-14.2661803,36661,-7.016,-10.2703706,55,23.6,9.9,3.9,1.3
1642281,Jaylon,Tyson,1610612739,CLE,Cavaliers,Cleveland,228442,-0.2813492063,-0.1622408,19665,-1.6517301587,-0.446937,154414,2.3286507936,2.4013747,8375,-16.9699206349,-19.5537008,45988,-15.5993650793,-13.391215,63,27.1,13.1,5.1,2.2
1630188,Jalen,Smith,1610612741,CHI,Bulls,Chicago,147221,-0.33884,-0.1678495,10709,4.74226,5.7497005,81263,1.03782,1.197913,4862,-7.11354,-9.8580602,50387,-8.03508,-8.3482408,50,20.9,10.2,6.9,1.2
1630692,Jordan,Goodwin,1610612756,PHX,Suns,Phoenix,198559,0.0468166666,-0.2332756,24004,-1.8358333333,-2.1316217,134254,1.5537166666,1.4634585,5904,-16.4505666666,-16.4862752,34397,-10.8765666666,-13.0598919,60,22.4,8.6,4.8,2.2
1628384,OG,Anunoby,1610612752,NYK,Knicks,New York,285202,1.1157777777,-0.2817687,22124,-0.4609259259,-1.7198418,193783,3.3531666666,1.94983,12966,-10.3786481481,-14.0985515,56329,-10.2796296296,-10.9238321,54,33.1,16.9,5.3,2.3
1629060,Rui,Hachimura,1610612747,LAL,Lakers,Los Angeles,220669,0.2592413793,-0.2992681,10463,-2.9116034482,-2.4375918,181645,1.3117068965,0.8033966,6363,-11.7608448275,-10.0694868,22198,-10.4483275862,-9.8423548,58,28.8,11.3,3.2,0.9
1642271,Kyle,Filipowski,1610612762,UTA,Jazz,Utah,221141,-0.6223731343,-0.3300327,20887,1.8847910447,1.4317,143424,0.8947313432,1.2263484,10821,-11.8193880597,-13.2892659,46009,-9.6386716417,-9.6843341,67,22.8,10.6,7.0,2.4
1629023,P.J.,Washington,1610612742,DAL,Mavericks,Dallas,218899,-0.24498,-0.4369634,14283,-3.0676,-2.4630142,143838,2.98688,2.6471056,10116,-8.94444,-8.2140182,50662,-8.46156,-7.599403,50,30.7,14.4,7.1,1.8
1641738,Kobe,Brown,1610612754,IND,Pacers,Indiana,97626,-0.3393061224,-0.4837202,9491,-1.2094897959,-1.862353,67006,2.0597755102,1.145149,3699,-5.1584081632,-12.0562765,17430,-2.1336734693,-1.8961368,49,13.7,4.7,2.6,1.0
1642347,Jamal,Shead,1610612761,TOR,Raptors,Toronto,211280,-0.8274393939,-0.6200528,60332,0.0449090909,0.3800259,115356,1.5568787878,1.6896437,10169,-20.4463333333,-22.2699354,25423,-17.1909090909,-17.0328534,66,22.0,6.7,2.0,5.1
1630567,Scottie,Barnes,1610612761,TOR,Raptors,Toronto,334783,0.469328125,-0.6390838,46684,0.197140625,-0.6082027,166722,2.17884375,1.0665417,27130,-4.629984375,-7.0818178,94247,-4.555875,-4.2968192,64,34.3,18.7,7.8,5.3
1630183,Jaden,McDaniels,1610612750,MIN,Timberwolves,Minnesota,274864,-0.2987462686,-0.6574386,23446,-2.1093432835,-2.2308798,197272,1.6791791044,1.4160188,12501,-12.9518955223,-13.9443405,41645,-10.8478656716,-9.9008131,67,31.7,14.6,4.2,2.8
1642864,Hugo,González,1610612738,BOS,Celtics,Boston,150041,-0.7878125,-0.6733882,5990,-3.88440625,-4.496435,116291,0.190515625,0.3445905,2238,-6.434984375,-9.3949651,25522,-5.822640625,-7.4597588,64,15.3,4.0,3.5,0.6
1630171,Isaac,Okoro,1610612741,CHI,Bulls,Chicago,205049,-0.7456296296,-0.720277,12990,-5.3686851851,-5.0578558,142455,0.8053518518,0.786345,6149,-12.416074074,-12.6639656,43455,-11.6671481481,-11.4675028,54,27.1,9.2,2.7,1.6
1630558,Davion,Mitchell,1610612748,MIA,Heat,Miami,217299,-0.6434310344,-0.729348,53040,-3.7472068965,-3.6833818,128753,3.6008965517,3.4628636,13269,-25.5667413793,-26.5458392,22237,-17.4660344827,-17.6033695,58,28.3,9.0,2.6,6.6
1642276,Kel'el,Ware,1610612748,MIA,Heat,Miami,195601,-0.3328615384,-0.8716238,6779,-2.6734153846,-2.4694983,54708,0.9669846153,0.4661691,5808,-3.7638615384,-3.8099624,128306,-2.8004461538,-1.6716847,65,22.8,11.3,9.4,0.6
1626171,Bobby,Portis,1610612749,MIL,Bucks,Milwaukee,238424,-0.4349090909,-0.89143,21292,3.1368636363,1.9987721,137408,0.3221212121,0.1971335,16014,-4.3397272727,-4.7202487,63710,-4.5055454545,-4.2703258,66,24.2,13.7,6.4,1.6
1631170,Jaime,Jaquez Jr.,1610612748,MIA,Heat,Miami,237735,-1.0422857142,-0.9468523,48017,-3.0631904761,-2.6838241,116233,1.8805555555,1.8120934,25425,-11.9378571428,-11.6336448,48060,-9.7539523809,-8.6661361,63,28.6,15.1,5.1,4.7
1630314,Brandon,Williams,1610612742,DAL,Mavericks,Dallas,192604,-1.5524576271,-1.0815769,59558,-4.0659322033,-3.1298725,98398,3.9967627118,4.0509101,16496,-21.5621864406,-22.1655752,18152,-17.0895254237,-14.1807891,59,22.1,12.8,3.0,3.8
1642883,Sion,James,1610612766,CHA,Hornets,Charlotte,261101,-1.0333188405,-1.0948998,34740,-0.7145362318,0.0673571,179325,0.8134347826,0.4657873,6134,-22.2548550724,-23.4839049,40902,-17.3188985507,-17.4939831,69,23.0,5.3,3.5,2.0
1642262,Cody,Williams,1610612762,UTA,Jazz,Utah,161239,-1.7663090909,-1.1489233,10307,-4.4198,-6.4978412,113104,-0.0964181818,0.8523118,4361,-11.1967454545,-14.4163207,33467,-11.3206,-12.9020518,55,22.2,7.3,2.9,1.5
201587,Nicolas,Batum,1610612746,LAC,Clippers,LA,198038,-0.6959375,-1.1581434,8832,-5.267609375,-4.0875834,161333,0.87525,0.1004788,584,-20.544046875,-38.3010599,27289,-17.881671875,-18.8352435,64,18.2,4.0,2.5,0.9
1626145,Tyus,Jones,1610612743,DEN,Nuggets,Denver,137833,-0.2780338983,-1.2053913,35482,-1.5085084745,-2.0805532,88700,2.0565084745,1.7200733,2563,-25.6403898305,-39.1537608,11088,-20.1001016949,-27.7833293,59,15.3,3.1,1.1,2.5
1630596,Evan,Mobley,1610612739,CLE,Cavaliers,Cleveland,233747,-1.7816851851,-1.2105271,29475,1.2183518518,2.7609089,105342,2.0240925925,2.0377116,22063,-10.6369259259,-10.6388389,76867,-9.4152037037,-7.9377669,54,32.6,18.3,8.9,3.6
1629652,Luguentz,Dort,1610612760,OKC,Thunder,Oklahoma City,221615,-1.3773333333,-1.3155985,15888,-4.167122807,-3.0366883,165172,-0.1087017543,0.0384793,4767,-16.663491228,-16.1627405,35788,-14.6757368421,-14.7217312,57,27.8,8.5,3.8,1.2
1631119,Jaylin,Williams,1610612760,OKC,Thunder,Oklahoma City,155489,-1.4947454545,-1.3581677,19343,1.284,2.036619,102823,0.0893454545,0.2887678,3456,-8.3648,-8.5616406,29867,-7.6680545454,-7.195362,55,20.4,7.5,5.5,2.5
1629006,Josh,Okogie,1610612745,HOU,Rockets,Houston,183690,-1.6684,-1.3688297,8117,-3.0826461538,-1.1707968,133809,-1.4965538461,-1.1597658,3375,-5.2538,-4.6908379,38389,-2.8491846153,-2.1837505,65,18.5,4.9,2.7,0.9
1641757,Jordan,Miller,1610612746,LAC,Clippers,LA,148735,-1.1308163265,-1.3690429,20777,-1.2915510204,-1.3841434,98038,1.6182653061,1.1579002,8439,-11.6604693877,-11.7988286,21481,-13.1148367346,-11.5943729,49,21.7,9.8,3.1,2.1
203935,Marcus,Smart,1610612747,LAL,Lakers,Los Angeles,215519,-1.4375762711,-1.4287015,31119,-0.4674406779,1.1719574,156693,-0.6430338983,-0.8051205,6415,-19.8583050847,-18.0711183,21292,-17.6993728813,-16.2050543,59,28.7,9.6,2.8,2.8
1642869,Noah,Penda,1610612753,ORL,Magic,Orlando,98391,-1.7350204081,-1.4680927,7494,-1.4199183673,-2.4084202,68399,-0.7506734693,0.0608033,3959,-8.8539591836,-9.0255541,18539,-9.2174285714,-10.0976288,49,14.0,4.4,3.6,1.2
1628971,Bruce,Brown,1610612743,DEN,Nuggets,Denver,258904,-1.9357826086,-1.5318286,34496,-1.4275072463,-0.7271519,144762,0.8037681159,0.6758784,7508,-13.8978260869,-15.4240791,72138,-11.7868840579,-13.6459069,69,24.7,7.6,3.9,2.1
1630168,Onyeka,Okongwu,1610612737,ATL,Hawks,Atlanta,262986,-3.2634126984,-1.6867862,23874,1.3081269841,2.7500158,142322,-1.7487142857,-0.4537088,10833,-9.4918888888,-7.6667529,85957,-9.061031746,-6.8379295,63,31.4,15.8,7.8,3.2
1641707,Taylor,Hendricks,1610612763,MEM,Grizzlies,Memphis,120766,-1.5297959183,-1.7529646,5112,-3.8645510204,-4.6745328,86495,-0.2971428571,-0.4341449,3512,-4.6470816326,-5.0214664,25647,-6.0613265306,-7.1004266,49,18.0,7.0,3.6,0.9
1642868,Carter,Bryant,1610612759,SAS,Spurs,San Antonio,83481,-2.5034310344,-1.7714239,5392,-3.6711034482,-3.8759699,62782,-1.5040517241,-0.8952055,1953,-7.0145689655,-9.6591003,13354,-6.7306551724,-6.4529901,58,10.7,3.9,2.4,0.5
1642346,Ryan,Dunn,1610612756,PHX,Suns,Phoenix,171266,-0.9780327868,-1.801541,10445,-6.3583278688,-6.3868,122907,0.8258360655,0.0153085,4468,-17.6567377049,-18.8357244,33446,-13.4301639344,-12.2913664,61,19.4,5.7,4.1,1.4
1626167,Myles,Turner,1610612749,MIL,Bucks,Milwaukee,271813,-0.94040625,-1.8256907,19542,4.415453125,3.5336231,170623,0.6235,-0.4034114,6422,-7.18340625,-7.1686217,75226,-6.892875,-7.3636599,64,27.3,12.0,5.4,1.5
1628398,Kyle,Kuzma,1610612749,MIL,Bucks,Milwaukee,248032,-1.318703125,-1.8720049,25765,0.4555,-0.2175191,156679,0.722046875,0.187035,12020,-13.207421875,-14.8774483,53568,-12.224546875,-12.4897096,64,26.5,13.0,4.6,2.6
1628997,Caleb,Martin,1610612742,DAL,Mavericks,Dallas,129746,-1.4536607142,-1.91745,11374,-4.7562857142,-6.9011628,85380,0.8025535714,0.5808303,4837,-16.7877678571,-16.5376712,28155,-14.9053214285,-11.084284,56,15.0,4.0,2.5,1.4
1642920,Kobe,Sanders,1610612746,LAC,Clippers,LA,186577,-1.8091551724,-1.9690047,24088,0.3235862068,2.667223,136514,-0.5021034482,-1.1112646,6183,-17.9603793103,-15.4761565,19792,-18.294,-16.7255611,58,20.6,6.9,2.4,1.7
1629750,Javonte,Green,1610612765,DET,Pistons,Detroit,172790,-0.970283582,-1.97829,8611,-3.6468656716,-4.7134009,120559,0.2642089552,-0.4184557,3367,-4.3867164179,-8.9380855,40253,-6.8963134328,-5.382986,67,17.8,6.8,2.7,0.7
1627824,Guerschon,Yabusele,1610612741,CHI,Bulls,Chicago,115685,-2.7099649122,-1.9802478,8124,1.4672982456,3.1000668,69166,-1.7181578947,-0.7146752,3284,-1.7208596491,-4.3651546,35111,-6.4797719298,-3.7999287,57,13.8,4.9,3.3,0.9
1642852,Derik,Queen,1610612740,NOP,Pelicans,New Orleans,254822,-1.9409275362,-1.9984642,46137,2.6657681159,2.7684704,115969,-0.504057971,-0.3114379,19683,-11.5680144927,-11.9493136,73033,-9.1760869565,-8.9926052,69,24.9,11.5,6.8,3.8
204456,T.J.,McConnell,1610612754,IND,Pacers,Indiana,131981,-1.83234,-2.0683723,53006,-3.9056,-4.0154908,48236,4.12272,3.9916673,14267,-13.36136,-15.064283,16472,-9.80206,-11.3096938,50,17.3,9.3,2.3,5.1
201572,Brook,Lopez,1610612746,LAC,Clippers,LA,192518,-2.3289682539,-2.1627305,12651,3.3577936507,3.980866,119115,-1.1489841269,-0.7450173,5048,-5.0832857142,-11.4901658,55704,-7.7568730158,-9.7970509,63,20.7,7.6,3.1,1.2
1642948,Ryan,Nembhard,1610612742,DAL,Mavericks,Dallas,162871,-3.1323061224,-2.2902227,56580,-3.6604897959,-3.1290405,83942,1.2834081632,1.1252755,10330,-24.1154081632,-22.2770963,12019,-21.1936122448,-17.9973059,49,18.5,6.3,1.9,4.9
1641775,Jordan,Walsh,1610612738,BOS,Celtics,Boston,156474,-1.7554482758,-2.4258419,7095,-6.8939827586,-6.8075303,116428,-0.4160862068,-1.0932613,2604,-7.3005,-6.4641102,30347,-9.9617413793,-8.6273912,58,17.3,5.3,4.1,0.7
1628418,Thomas,Bryant,1610612739,CLE,Cavaliers,Cleveland,80775,-2.86562,-2.4410893,6489,3.69358,4.0422698,39407,-1.00046,-0.1076183,2216,-8.80426,-7.9082897,32663,-7.3359,-7.4019757,50,11.7,5.9,3.1,0.6
1630230,Naji,Marshall,1610612742,DAL,Mavericks,Dallas,302931,-1.9632121212,-2.5628528,40745,-4.6830151515,-4.838898,199834,0.9656818181,0.1283796,15703,-16.6907878787,-20.8575682,46649,-11.8080151515,-10.1010695,66,29.5,15.3,4.8,3.3
1642366,Quinten,Post,1610612744,GSW,Warriors,Golden State,173442,-2.4839076923,-2.6480457,14511,2.7725538461,3.4863819,106948,0.1044615384,0.0488035,6251,-13.0489538461,-15.2292394,45732,-13.5865538461,-14.0981913,65,17.6,7.8,4.1,1.4
1628381,John,Collins,1610612746,LAC,Clippers,LA,241866,-2.5635344827,-2.8432507,9098,-2.2959827586,-1.1082276,170035,-1.1388793103,-1.7693326,8754,-3.7717068965,-1.7965493,53979,-6.606775862,-5.2868863,58,27.5,13.8,5.3,1.0
1631243,Mouhamed,Gueye,1610612737,ATL,Hawks,Atlanta,138606,-3.796140625,-2.9402033,5568,-3.681296875,-2.3218022,75496,-2.93265625,-2.4845895,4644,-7.489921875,-6.6683787,52898,-10.207328125,-9.0526168,64,15.4,4.6,3.6,0.9
1642877,Micah,Peavy,1610612740,NOP,Pelicans,New Orleans,111375,-2.8715686274,-3.0322648,5750,-7.0082745098,-7.8464544,85531,-1.9829411764,-1.9500063,3956,-12.4759019607,-12.1213435,16138,-9.0521372549,-8.8182719,51,13.8,4.0,1.8,0.9
201566,Russell,Westbrook,1610612758,SAC,Kings,Sacramento,261784,-2.484921875,-3.0459412,76605,-3.01290625,-3.197516,137817,-0.096734375,-0.8817698,22293,-12.450046875,-13.522787,25069,-9.907703125,-8.903241,64,29.0,15.2,5.4,6.7
1631133,Jabari,Walker,1610612755,PHI,76ers,Philadelphia,105127,-2.6784821428,-3.0952368,4476,-1.1307321428,0.5284439,58405,-1.6172142857,-1.9071604,2587,4.7787321428,1.3494317,39659,0.8361607142,-0.2594493,56,12.4,4.4,3.1,0.5
1642885,Mohamed,Diawara,1610612752,NYK,Knicks,New York,66504,-2.3979814814,-3.100527,6869,-4.7822592592,-7.5350129,45961,-1.9141851851,-1.5038089,1833,-15.1020555555,-26.4050611,11841,-16.0254814814,-22.5616703,54,9.2,3.6,1.4,0.7
1627739,Kris,Dunn,1610612746,LAC,Clippers,LA,295293,-2.9239285714,-3.1352877,47129,0.8181714285,1.3384323,190606,-1.5852857142,-2.0959756,10531,-17.0864571428,-18.7579423,47027,-17.3033714285,-17.0896991,70,27.6,7.7,3.4,3.6
1629111,Jock,Landale,1610612737,ATL,Hawks,Atlanta,196241,-3.1964590163,-3.1610618,9713,0.8435081967,1.0022271,90039,-1.2766065573,-1.2426674,8782,-10.0254590163,-7.63513,87707,-10.7611803278,-9.6584112,61,22.1,10.7,5.7,1.6
1631105,Jalen,Duren,1610612765,DET,Pistons,Detroit,220642,-3.5857894736,-3.2148484,13064,-0.4139473684,1.0402688,71528,-2.275122807,-1.9353707,16408,-3.1635087719,-2.94249,119642,-4.6795614035,-5.1888125,57,27.7,18.8,10.6,1.6
1630173,Precious,Achiuwa,1610612758,SAC,Kings,Sacramento,196740,-3.1441904761,-3.2174552,9323,-4.7715555555,-5.3833359,113486,-2.4372698412,-2.1210708,8022,-6.2688730158,-7.1097557,65909,-4.7875396825,-5.6202896,63,23.1,9.3,6.3,1.3
1631255,Karlo,Matković,1610612740,NOP,Pelicans,New Orleans,112689,-3.1174285714,-3.232321,4091,-8.2945357142,-6.2776399,69682,-2.6891428571,-2.4472265,2824,-9.1523392857,-12.2456126,36092,-9.333125,-5.9144606,56,14.3,5.6,3.7,0.8
1642264,Stephon,Castle,1610612759,SAS,Spurs,San Antonio,228817,-3.7126034482,-3.4111563,68353,-3.4719482758,-2.8725009,108716,0.257775862,0.4718229,23142,-17.5703620689,-18.0441389,28606,-15.381137931,-13.210134,58,29.7,16.4,5.1,7.1
1630572,Sandro,Mamukelashvili,1610612761,TOR,Raptors,Toronto,211434,-2.344484375,-3.5566522,17077,-0.560625,-1.2388678,124804,-0.680109375,-1.0763429,7126,-8.622453125,-9.1544973,62427,-7.70478125,-9.7972193,64,21.9,10.9,4.9,1.9
1631212,Peyton,Watson,1610612743,DEN,Nuggets,Denver,222931,-3.7682653061,-3.6067938,26353,-2.9842857142,-2.6860444,140607,-1.4365510204,-2.0432954,9086,-6.8563469387,-11.1911675,46885,-8.5848571428,-8.254628,49,30.6,14.9,4.9,2.0
1641740,Jaylen,Clark,1610612750,MIN,Timberwolves,Minnesota,102395,-3.1036101694,-3.8221295,4093,-0.9814745762,0.6717217,71047,-2.4678135593,-3.000592,1927,-4.899118644,-8.7974997,25328,-8.2000508474,-7.5747341,59,12.5,3.9,1.7,0.5
1630191,Isaiah,Stewart,1610612765,DET,Pistons,Detroit,188986,-3.579981132,-3.832031,9970,-3.7678113207,-0.6562974,78454,-3.3121509433,-4.11108,8151,-4.3636226415,-4.3743624,92411,-6.1981320754,-4.8067087,53,23.2,10.1,5.2,1.2
1641772,Nae'Qwan,Tomlin,1610612739,CLE,Cavaliers,Cleveland,114155,-4.716,-4.0311989,4812,-9.3692777777,-6.6877217,66851,-3.772574074,-3.0124824,3178,-12.2591851851,-10.8503477,39314,-12.6075185185,-9.9792248,54,15.8,5.8,2.8,0.8
1642461,Spencer,Jones,1610612743,DEN,Nuggets,Denver,199782,-3.6952321428,-4.0689148,4613,-4.7679642857,-5.320251,116267,-1.8675178571,-1.9777875,2469,0.2018392857,-6.816782,76433,-4.962625,-5.5191363,56,23.2,5.9,3.3,0.8
1630194,Paul,Reed,1610612765,DET,Pistons,Detroit,95740,-4.5995686274,-4.0861043,6319,1.1220980392,2.1860968,36382,-2.6254509803,-2.046534,5559,-9.5218235294,-9.6994837,47480,-10.5145490196,-10.6443795,51,13.2,7.1,4.5,1.1
1641842,Ronald,Holland II,1610612765,DET,Pistons,Detroit,190377,-3.8433333333,-4.1236122,13766,-5.1998095238,-4.9696065,145117,-3.3203492063,-3.4624581,5823,-8.7914444444,-6.916261,25671,-7.1981904761,-7.4847391,63,20.1,8.5,4.3,1.3
1630549,Day'Ron,Sharpe,1610612751,BKN,Nets,Brooklyn,170977,-4.4998709677,-4.4565403,19179,0.5358870967,2.2576369,53421,-3.6558064516,-3.1474496,9246,-7.641032258,-9.888005,89131,-8.4651774193,-8.6696414,62,18.7,8.7,6.7,2.3
1628371,Jonathan,Isaac,1610612753,ORL,Magic,Orlando,76165,-4.2909591836,-4.4941363,2256,-2.4522857142,-4.38155,34931,-3.8862857142,-4.0907291,2207,-10.483755102,-11.0561925,36771,-8.6958979591,-7.1137456,49,10.4,2.7,2.7,0.4
203991,Clint,Capela,1610612745,HOU,Rockets,Houston,114844,-4.2977213114,-4.517324,3587,-3.5719180327,-4.9839425,32100,-3.980114754,-4.2409801,3609,-7.8715245901,-5.0386927,75548,-8.4678196721,-7.5402656,61,12.6,3.9,4.6,0.7
1629048,Goga,Bitadze,1610612753,ORL,Magic,Orlando,106183,-4.3833877551,-4.5188256,6792,-0.1272857142,0.4273116,39065,-3.8020816326,-3.0630411,4215,-3.6975306122,-7.8119886,56111,-6.2641836734,-8.9464187,49,14.6,5.6,4.6,1.1
1628976,Wendell,Carter Jr.,1610612753,ORL,Magic,Orlando,272909,-4.9364920634,-4.6978565,17095,-1.8161904761,-0.8702117,127119,-5.0134603174,-4.6893165,9641,-6.0278730158,-5.2736534,119054,-7.3764603174,-7.1225094,63,29.9,11.9,7.5,2.1
1630568,Luka,Garza,1610612738,BOS,Celtics,Boston,148837,-4.6851525423,-4.7331031,8224,1.4760847457,0.621301,70199,-2.454338983,-2.0693753,3424,-8.2404576271,-8.3926203,66990,-7.5957966101,-7.1309624,59,15.6,7.4,3.9,0.9
1641708,Amen,Thompson,1610612745,HOU,Rockets,Houston,371483,-5.1899545454,-4.9206558,75589,-7.5225757575,-6.2643533,130979,-2.4966666666,-2.5035349,27222,-15.6705,-14.1542874,137693,-14.2946515151,-12.9587958,66,37.2,17.9,7.8,5.3
1631230,Dominick,Barlow,1610612755,PHI,76ers,Philadelphia,194775,-4.7790338983,-5.0627767,7789,-7.086898305,-6.0553602,91494,-2.7753220338,-3.1242,6454,-8.2877966101,-6.8675887,89038,-9.6006101694,-8.1476923,59,24.5,8.3,4.8,1.2
1630543,Isaiah,Jackson,1610612746,LAC,Clippers,LA,129813,-6.67296,-5.0719111,5520,-5.94904,-4.2403824,39039,-2.8275,-1.2974111,6603,-6.58978,-8.8985306,78651,-10.06216,-8.4090446,50,16.4,6.6,5.3,0.9
1628963,Marvin,Bagley III,1610612742,DAL,Mavericks,Dallas,150528,-5.4821538461,-5.4078749,10725,-3.0819615384,-2.1720386,53702,-2.9345576923,-2.7444117,7630,-13.7246730769,-17.0324453,78471,-11.6450961538,-11.4720219,52,20.0,9.9,6.3,1.4
1642268,Isaiah,Collier,1610612762,UTA,Jazz,Utah,217112,-5.352637931,-5.4330469,86703,-6.4670517241,-6.2559208,101309,-1.5838275862,-1.7288044,16811,-22.1428793103,-21.071547,12289,-18.716137931,-19.0543013,58,25.6,11.5,2.5,7.2
1642270,Donovan,Clingan,1610612757,POR,Trail Blazers,Portland,253500,-5.4503692307,-5.4762015,17189,-4.9198307692,-4.1009656,114947,-5.7237692307,-6.0277643,10082,-5.8389692307,-6.9253782,111282,-6.4595230769,-5.7562994,65,27.3,12.2,11.6,2.2
1629011,Mitchell,Robinson,1610612752,NYK,Knicks,New York,133643,-5.619625,-5.5292772,4516,-4.3333958333,-0.843856,39293,-3.0699791666,-3.5994178,2492,-8.73425,0.1008683,87342,-11.128375,-10.9468315,48,19.6,5.5,8.6,1.0
1629028,Deandre,Ayton,1610612747,LAL,Lakers,Los Angeles,219591,-5.6144426229,-5.5582861,4653,-4.5029508196,-2.7215364,82741,-3.251409836,-3.0078281,9203,-3.1290983606,-3.5392087,122994,-5.6348688524,-5.8540456,61,27.6,12.4,8.2,0.9
1642875,Maxime,Raynaud,1610612758,SAC,Kings,Sacramento,217852,-4.8068412698,-5.6254535,10706,-0.9026349206,-1.0595274,84157,-4.8556825396,-5.571894,8485,-6.5749365079,-7.7370216,114504,-5.4588888888,-8.0971966,63,25.6,11.7,7.3,1.3
1630700,Dyson,Daniels,1610612737,ATL,Hawks,Atlanta,301178,-6.7844,-5.6807494,47615,-9.116276923,-6.1491367,139149,-2.8393076923,-1.9707217,22613,-20.3944307692,-19.9455058,91801,-17.6764153846,-16.9361512,65,33.4,11.6,6.7,6.0
1629637,Jaxson,Hayes,1610612747,LAL,Lakers,Los Angeles,136589,-6.1067413793,-5.9898615,3764,-5.0995517241,-5.9219399,48039,-4.0740344827,-4.4688013,3691,-4.5708965517,-6.8953603,81095,-9.5553793103,-9.2550816,58,17.6,6.7,3.9,0.9
1641709,Ausar,Thompson,1610612765,DET,Pistons,Detroit,210923,-6.4967413793,-6.0635961,26233,-10.3317586206,-7.8204182,108569,-4.848637931,-4.515259,14275,-12.0923103448,-10.4148287,61846,-12.2099482758,-11.5523642,58,25.6,9.9,5.7,2.9
1628404,Josh,Hart,1610612752,NYK,Knicks,New York,268707,-4.7398679245,-6.2132871,34162,-6.988735849,-9.0951833,175756,-1.7191320754,-2.7128826,10193,-21.5187924528,-27.091576,48596,-17.3281698113,-19.3463871,53,30.0,11.8,7.6,5.1
1629651,Nic,Claxton,1610612751,BKN,Nets,Brooklyn,265749,-6.558532258,-6.6870956,37364,-4.7822419354,-5.1002242,86898,-3.9632903225,-3.6951309,15448,-15.2011612903,-14.9787525,126039,-14.3545645161,-13.7410911,62,28.4,11.9,7.1,3.8
203110,Draymond,Green,1610612744,GSW,Warriors,Golden State,205986,-7.1636428571,-6.7693318,32600,-10.2665178571,-10.2342167,119976,-3.1008928571,-2.3578379,8292,-28.110625,-28.9329302,45118,-22.6835357142,-20.2578093,56,27.2,8.6,5.6,5.3
1628436,Luke,Kornet,1610612759,SAS,Spurs,San Antonio,170602,-6.4224482758,-6.7906762,9510,-7.7039655172,-5.7024401,50319,-5.5733275862,-5.7517697,6263,-5.6620689655,-7.2662342,104510,-7.3446034482,-8.6371236,58,21.1,6.6,6.2,1.8
1627780,Gary,Payton II,1610612744,GSW,Warriors,Golden State,122844,-6.3976290322,-6.8396276,11580,-13.3994354838,-12.5586713,63084,-2.4604838709,-3.0964143,5117,-19.6176774193,-24.8286738,43063,-18.9284677419,-18.3019511,62,14.6,6.8,3.5,1.7
1641737,Adem,Bona,1610612755,PHI,76ers,Philadelphia,139432,-6.5623898305,-6.8838745,2900,-6.6177457627,-10.4457165,38138,-5.6455423728,-6.3278721,3668,-2.8130338983,-0.5845117,94726,-7.167118644,-6.2699668,59,17.4,4.6,4.4,0.4
1630579,Jericho,Sims,1610612749,MIL,Bucks,Milwaukee,145733,-6.3094038461,-6.9314927,6005,0.2141346153,-3.5238792,47985,-4.0022115384,-4.8858349,3558,-5.1286730769,-5.7273752,88185,-7.8818076923,-8.8199406,52,18.3,4.2,5.0,1.1
1642274,Yves,Missi,1610612740,NOP,Pelicans,New Orleans,160012,-6.5386491228,-7.0248336,6934,-3.7040701754,-5.659646,72465,-5.7776842105,-6.341764,6852,-9.5069824561,-8.2646901,73761,-11.512122807,-12.0607294,57,19.2,5.6,5.8,1.2
1629020,Jarred,Vanderbilt,1610612747,LAL,Lakers,Los Angeles,139247,-7.7819818181,-7.286977,7449,-12.1161090909,-9.1481902,79547,-6.835,-5.9483635,2843,-9.3298363636,-9.4459324,49408,-10.4141454545,-11.3028812,55,17.8,4.5,4.6,1.2
202685,Jonas,Valančiūnas,1610612743,DEN,Nuggets,Denver,123885,-7.2997719298,-7.2870518,10581,-2.6745964912,-1.6028452,46238,-4.0046491228,-3.7798986,12626,-16.1904736842,-17.9245191,54440,-12.4247368421,-11.731561,57,13.5,8.4,4.9,1.2
1642345,Oso,Ighodaro,1610612756,PHX,Suns,Phoenix,219566,-7.1151285714,-7.379435,25153,-5.8344,-7.7256011,67117,-4.5923285714,-5.5449097,8721,-21.5511285714,-21.8633286,118575,-17.8877714285,-17.894866,70,21.6,6.2,4.9,2.2
1628386,Jarrett,Allen,1610612739,CLE,Cavaliers,Cleveland,180934,-7.83328,-7.526449,10404,0.41594,0.0562659,51912,-3.64234,-3.5516987,9637,-5.98182,-6.5878723,108981,-8.79798,-8.188945,50,27.7,15.4,8.5,1.9
1631217,Moussa,Diabaté,1610612766,CHA,Hornets,Charlotte,257624,-7.8298709677,-7.9215954,14971,-8.8482258064,-11.339825,65450,-4.9817741935,-5.9994407,12193,-8.5525,-9.1792027,165010,-12.2862580645,-12.3617597,62,25.8,8.0,8.7,1.9
1641750,Ryan,Kalkbrenner,1610612766,CHA,Hornets,Charlotte,195386,-8.9094561403,-7.9472147,10056,-5.7128245614,-3.835583,47824,-4.3972807017,-3.5484654,4344,-10.6118771929,-5.0131319,133162,-13.2575087719,-10.4047809,57,22.0,7.9,5.8,0.8
203083,Andre,Drummond,1610612755,PHI,76ers,Philadelphia,149107,-7.7471372549,-8.3573546,5251,-10.9785098039,-14.4182669,50137,-7.1305294117,-7.4163307,4694,-10.5180392156,-9.4329576,89025,-14.3699411764,-13.8484631,51,20.3,6.8,8.8,1.2
1629655,Daniel,Gafford,1610612742,DAL,Mavericks,Dallas,160822,-8.7560625,-8.5929237,6657,-9.6680625,-12.9138179,45831,-7.6347916666,-7.8973184,6087,-5.3789583333,-3.2478472,102247,-8.0956041666,-5.3279981,48,21.7,9.3,6.9,1.0
1629674,Neemias,Queta,1610612738,BOS,Celtics,Boston,252836,-8.9563692307,-8.7431875,14235,-2.4498615384,-2.8675936,102476,-5.7034461538,-5.3190499,8699,-14.3634923076,-15.8020485,127426,-14.7425076923,-14.2263845,65,25.2,9.9,8.3,1.5
203497,Rudy,Gobert,1610612750,MIN,Timberwolves,Minnesota,278874,-9.0881060606,-8.9325232,10851,-4.2898030303,-4.4700036,103162,-8.2707575757,-7.8492522,8270,-13.7638636363,-11.5260496,156591,-13.9865757575,-13.3212003,66,31.5,11.0,11.4,1.8
1631109,Mark,Williams,1610612756,PHX,Suns,Phoenix,191238,-9.3422678571,-9.1980821,10186,-3.68175,-3.0172135,62328,-5.7853035714,-5.6182469,7321,-17.0330535714,-17.7539556,111403,-16.5632321428,-15.5701977,56,23.6,11.6,8.1,1.0
203939,Dwight,Powell,1610612742,DAL,Mavericks,Dallas,96290,-9.8850980392,-9.585032,4808,-12.2456862745,-11.9321917,31278,-6.2115294117,-6.6166672,3163,-7.5375490196,-13.0354574,57041,-12.4128431372,-9.3455417,51,13.6,3.2,3.7,0.9
