PLAYERID,FIRSTNAME,LASTNAME,TEAMID,TEAMABBREVIATION,TEAMNAME,TEAMCITY,OFFENSE,DEFENSE,FULL,SHOOTING,TURNOVERS,REBOUNDS,CREATION,ONBALLDEF,GAMESPLAYED,MINUTES,PTS,REB,AST
203999,Nikola,Jokić,1610612743,DEN,Nuggets,Denver,0.1684759259,0.2779185185,0.4463925925,0.1019148148,-0.2094407407,0.1259055555,0.2839925925,0.0760111111,54,34.7,28.2,12.6,10.5
1628983,Shai,Gilgeous-Alexander,1610612760,OKC,Thunder,Oklahoma City,0.1828396551,0.2189224137,0.4017620689,0.1081603448,-0.0988172413,0.0444706896,0.2149172413,0.0722551724,58,33.5,31.5,4.5,6.6
1629029,Luka,Dončić,1610612747,LAL,Lakers,Los Angeles,0.1061005172,0.2350815517,0.3411665517,0.1108296551,-0.1929798275,0.0712372413,0.2251148275,0.0741848275,58,35.8,33.4,7.9,8.4
1627750,Jamal,Murray,1610612743,DEN,Nuggets,Denver,0.0744492307,0.2109646153,0.2854046153,0.0595384615,-0.1446015384,0.0454723076,0.1908461538,0.0656938461,65,35.0,25.1,4.4,7.1
1630178,Tyrese,Maxey,1610612755,PHI,76ers,Philadelphia,0.0447803278,0.2385508196,0.2833213114,0.0417032786,-0.1474262295,0.040204918,0.2028754098,0.0880721311,61,38.3,29.0,4.1,6.7
1630595,Cade,Cunningham,1610612765,DET,Pistons,Detroit,0.0447934426,0.2225786885,0.2673754098,0.0017180327,-0.2066475409,0.0550442622,0.2768983606,0.0706196721,61,34.4,24.5,5.6,9.9
1641705,Victor,Wembanyama,1610612759,SAS,Spurs,San Antonio,-0.0306883636,0.2979041818,0.2672194545,0.0331687272,-0.139680909,0.0975843636,0.0893418181,0.1302234545,55,29.4,24.3,11.1,2.9
1630552,Jalen,Johnson,1610612737,ATL,Hawks,Atlanta,0.0225419354,0.2435096774,0.2660532258,0.0252516129,-0.1859080645,0.0952951612,0.2098451612,0.0593403225,62,35.3,22.9,10.5,8.1
201142,Kevin,Durant,1610612745,HOU,Rockets,Houston,0.0146215384,0.2354923076,0.2501092307,0.0768538461,-0.1850876923,0.057316923,0.1559723076,0.0732215384,65,36.5,25.7,5.5,4.4
201935,James,Harden,1610612739,CLE,Cavaliers,Cleveland,0.0604355,0.1831928333,0.2436233333,0.0747061666,-0.1839981666,0.0449508333,0.2026461666,0.0527608333,60,35.0,24.2,4.9,8.0
203497,Rudy,Gobert,1610612750,MIN,Timberwolves,Minnesota,-0.0281179104,0.2682820895,0.240161194,0.0163089552,-0.0779701492,0.1102059701,0.0355164179,0.1021776119,67,31.4,10.9,11.4,1.7
202696,Nikola,Vučević,1610612738,BOS,Celtics,Boston,0.0103816666,0.2242433333,0.2346233333,0.0102383333,-0.0691533333,0.0817383333,0.0897216666,0.0774416666,60,29.0,15.6,8.6,3.4
1630217,Desmond,Bane,1610612753,ORL,Magic,Orlando,0.045213913,0.1883923188,0.2336062318,0.0686963768,-0.1177686956,0.0437782608,0.1298185507,0.0552653623,69,34.2,20.6,4.2,4.2
1642270,Donovan,Clingan,1610612757,POR,Trail Blazers,Portland,-0.00388,0.2369707692,0.2330815384,-0.0015630769,-0.0705553846,0.113056923,0.06236,0.0945261538,65,27.3,12.2,11.6,2.2
1631096,Chet,Holmgren,1610612760,OKC,Thunder,Oklahoma City,-0.0163566666,0.247765,0.2314116666,0.0289983333,-0.0686183333,0.08642,0.0402916666,0.0878966666,60,29.3,17.2,9.0,1.7
1630193,Immanuel,Quickley,1610612761,TOR,Raptors,Toronto,0.0391784615,0.1915938461,0.2307615384,0.0090723076,-0.0819476923,0.0422046153,0.1479261538,0.0629907692,65,32.6,17.0,4.1,6.0
1630596,Evan,Mobley,1610612739,CLE,Cavaliers,Cleveland,-0.0403056363,0.2636438181,0.2233418181,-0.0034183636,-0.1097872727,0.0825923636,0.0942232727,0.110528909,55,32.5,18.3,8.9,3.6
1642843,Cooper,Flagg,1610612742,DAL,Mavericks,Dallas,-0.0163120689,0.2372327586,0.2209224137,-0.0121827586,-0.14305,0.072775862,0.1746689655,0.0760931034,58,33.6,20.1,6.6,4.5
1630567,Scottie,Barnes,1610612761,TOR,Raptors,Toronto,-0.0297287878,0.2485969696,0.2188696969,-0.0027045454,-0.1528,0.0750757575,0.1505227272,0.0978939393,66,34.2,18.7,7.8,5.3
1628401,Derrick,White,1610612738,BOS,Celtics,Boston,-0.0057333333,0.215510606,0.2097712121,-0.0154151515,-0.0936863636,0.0394363636,0.1386121212,0.0885893939,66,34.2,17.4,4.5,5.6
1630200,Tre,Jones,1610612741,CHI,Bulls,Chicago,0.0469226415,0.1583830188,0.2052924528,0.01637,-0.089455849,0.0280456603,0.1569028301,0.0540450943,53,27.0,12.9,2.9,5.4
1630700,Dyson,Daniels,1610612737,ATL,Hawks,Atlanta,-0.004456923,0.2092861538,0.20484,-0.0300953846,-0.09076,0.0625723076,0.1329184615,0.0692984615,65,33.4,11.6,6.7,6.0
1630578,Alperen,Sengun,1610612745,HOU,Rockets,Houston,-0.0256847457,0.2269118644,0.2012406779,-0.0217322033,-0.2039322033,0.0911542372,0.2002067796,0.0711661016,59,33.5,20.3,8.9,6.1
1628368,De'Aaron,Fox,1610612759,SAS,Spurs,San Antonio,0.0190308196,0.1812490163,0.200279836,0.0048629508,-0.1250455737,0.0363027868,0.1725491803,0.0578434426,61,31.4,19.0,3.8,6.2
202695,Kawhi,Leonard,1610612746,LAC,Clippers,LA,0.0226055555,0.1763148148,0.1989277777,0.0575222222,-0.1121907407,0.0524555555,0.1070611111,0.0484037037,54,32.3,28.2,6.4,3.6
1628386,Jarrett,Allen,1610612739,CLE,Cavaliers,Cleveland,-0.0067980392,0.2035862745,0.1967960784,0.0296411764,-0.075472549,0.0807117647,0.0412745098,0.0668137254,51,27.6,15.3,8.5,1.9
1631105,Jalen,Duren,1610612765,DET,Pistons,Detroit,-0.0179364406,0.2135798305,0.1956416949,0.02394,-0.1065564406,0.1007322033,0.0577769491,0.0617740677,59,27.8,19.1,10.6,1.7
1628378,Donovan,Mitchell,1610612739,CLE,Cavaliers,Cleveland,0.0238131147,0.1654557377,0.189257377,0.0313950819,-0.1540950819,0.0403803278,0.1814901639,0.0373475409,61,33.5,28.0,4.5,5.9
201942,DeMar,DeRozan,1610612758,SAC,Kings,Sacramento,0.0573062857,0.1315257142,0.1888248571,0.056158,-0.0713732857,0.0276217142,0.1063514285,0.0319331428,70,31.6,18.5,3.0,4.0
1628973,Jalen,Brunson,1610612752,NYK,Knicks,New York,0.042040625,0.1465984375,0.1886265625,0.0252484375,-0.1231828125,0.0339546875,0.1780125,0.025540625,64,34.9,26.3,3.4,6.6
1628969,Mikal,Bridges,1610612752,NYK,Knicks,New York,-0.0055328571,0.1930457142,0.1875157142,-0.0054071428,-0.0559671428,0.0386071428,0.0883085714,0.0720371428,70,33.4,14.8,4.1,3.9
1630162,Anthony,Edwards,1610612750,MIN,Timberwolves,Minnesota,-0.0241706896,0.2110362068,0.1868741379,0.0677603448,-0.1580551724,0.0494706896,0.1086068965,0.0650362068,58,35.5,29.5,5.1,3.7
1628436,Luke,Kornet,1610612759,SAS,Spurs,San Antonio,0.0204947457,0.164229661,0.1847277966,-0.0001435593,-0.0213050847,0.0603922033,0.0418762711,0.0698322033,59,21.1,6.6,6.2,1.8
1641708,Amen,Thompson,1610612745,HOU,Rockets,Houston,-0.0364045454,0.2205863636,0.184180303,-0.039990909,-0.1434772727,0.0851742424,0.1550636363,0.0532,66,37.2,17.9,7.8,5.3
1630530,Trey,Murphy III,1610612740,NOP,Pelicans,New Orleans,-0.0163775806,0.1993651612,0.1829908064,0.0193732258,-0.1045664516,0.0564588709,0.1123304838,0.0491987096,62,35.4,22.0,5.7,3.9
1631157,Ryan,Rollins,1610612749,MIL,Bucks,Milwaukee,0.0029131343,0.1787595522,0.181671194,0.0333025373,-0.1387353731,0.0440297014,0.1385676119,0.0537498507,67,32.2,16.8,4.6,5.6
1628976,Wendell,Carter Jr.,1610612753,ORL,Magic,Orlando,-0.0268476923,0.2053553846,0.1785107692,0.0144815384,-0.0763676923,0.0781030769,0.0540323076,0.0592861538,65,29.7,11.7,7.5,2.1
203952,Andrew,Wiggins,1610612748,MIA,Heat,Miami,-0.028314035,0.2053824561,0.1770771929,-0.0053824561,-0.0858754385,0.0476070175,0.0926614035,0.0781824561,57,31.0,15.9,5.1,2.8
1630202,Payton,Pritchard,1610612738,BOS,Celtics,Boston,0.0182641791,0.1577179104,0.1759731343,-0.006241791,-0.0639746268,0.0366507462,0.1222104477,0.0396776119,67,32.7,16.7,4.0,5.4
2544,LeBron,James,1610612747,LAL,Lakers,Los Angeles,-0.0203630612,0.19424,0.1738728571,-0.0025228571,-0.1617467346,0.0553748979,0.1754171428,0.0592348979,49,33.3,21.3,5.8,6.9
1630170,Devin,Vassell,1610612759,SAS,Spurs,San Antonio,0.0091092857,0.1646876785,0.1737969642,0.0196492857,-0.0479926785,0.0353855357,0.0642878571,0.0470914285,56,30.8,14.3,3.8,2.5
1631217,Moussa,Diabaté,1610612766,CHA,Hornets,Charlotte,-0.011362258,0.1842175806,0.1728504838,0.0069169354,-0.0600827419,0.0756753225,0.0397258064,0.0735396774,62,25.8,8.0,8.7,1.9
1641709,Ausar,Thompson,1610612765,DET,Pistons,Detroit,-0.0220606666,0.1933548333,0.1712975,-0.029866,-0.0768958333,0.0612956666,0.0831608333,0.072585,60,25.7,10.0,5.9,2.9
1629028,Deandre,Ayton,1610612747,LAL,Lakers,Los Angeles,-0.0236786885,0.1943503278,0.1706732786,0.017932459,-0.0631436065,0.0769906557,0.0273162295,0.0718968852,61,27.6,12.4,8.2,0.9
1630180,Saddiq,Bey,1610612740,NOP,Pelicans,New Orleans,0.0024775,0.1659976562,0.1684704687,0.0161870312,-0.05304375,0.0567367187,0.068371875,0.0338128125,64,31.0,17.4,5.7,2.6
1642285,Cam,Spencer,1610612763,MEM,Grizzlies,Memphis,0.0648923076,0.1035646153,0.1684615384,0.0460738461,-0.0862415384,0.0254292307,0.1325092307,0.0240107692,65,23.8,11.4,2.6,5.4
1642851,Kon,Knueppel,1610612766,CHA,Hornets,Charlotte,0.0010756521,0.1669305797,0.1679946376,0.0461689855,-0.098267971,0.0437921739,0.0876413043,0.0490453623,69,31.7,19.3,5.3,3.4
1642276,Kel'el,Ware,1610612748,MIA,Heat,Miami,-0.0248312307,0.1916515384,0.166824923,-0.0079941538,-0.0412246153,0.0842275384,0.0242163076,0.0697566153,65,22.8,11.3,9.4,0.6
1631221,Collin,Gillespie,1610612756,PHX,Suns,Phoenix,0.0195920289,0.1467550724,0.1663528985,0.0065427536,-0.0793469565,0.0384720289,0.1289830434,0.042107826,69,28.9,13.2,4.2,4.8
1630166,Deni,Avdija,1610612757,POR,Trail Blazers,Portland,-0.0224462962,0.1882814814,0.1658314814,0.0103018518,-0.2189444444,0.0709481481,0.2227962962,0.0355407407,54,33.4,24.2,7.0,6.7
1631095,Jabari,Smith Jr.,1610612745,HOU,Rockets,Houston,-0.0574859375,0.2214046875,0.163925,-0.0171984375,-0.072715625,0.0690859375,0.05439375,0.0653140625,64,35.0,15.5,6.8,1.8
1629130,Duncan,Robinson,1610612765,DET,Pistons,Detroit,0.0234041791,0.1402944776,0.1636971641,0.0223307462,-0.034003582,0.0257495522,0.0560444776,0.0385704477,67,27.6,11.9,2.7,2.0
1642264,Stephon,Castle,1610612759,SAS,Spurs,San Antonio,-0.002579661,0.1641050847,0.1615254237,-0.0134406779,-0.1531661016,0.0446338983,0.1872779661,0.0463440677,59,29.8,16.5,5.0,7.1
1629627,Zion,Williamson,1610612740,NOP,Pelicans,New Orleans,-0.0180374074,0.17763,0.1595925925,0.0639924074,-0.1631764814,0.0593881481,0.1047466666,0.0476572222,54,29.6,21.3,5.8,3.3
1628404,Josh,Hart,1610612752,NYK,Knicks,New York,-0.0141839285,0.1729142857,0.1587285714,0.0054267857,-0.0989267857,0.0669035714,0.1036714285,0.0419910714,56,30.0,12.1,7.6,5.1
1641718,Keyonte,George,1610612762,UTA,Jazz,Utah,0.0035037037,0.1547333333,0.1582314814,0.0495574074,-0.1677944444,0.0318037037,0.1640074074,0.0399296296,54,33.1,23.6,3.7,6.1
1631094,Paolo,Banchero,1610612753,ORL,Magic,Orlando,-0.0857803389,0.2435113559,0.1577445762,-0.0397306779,-0.174139322,0.0839749152,0.1649055932,0.0664866101,59,34.8,22.3,8.5,5.0
1642845,VJ,Edgecombe,1610612755,PHI,76ers,Philadelphia,-0.0552374603,0.2114868253,0.156249365,-0.0219512698,-0.109453492,0.0578149206,0.1103863492,0.0691585714,63,34.9,15.6,5.6,4.0
1631170,Jaime,Jaquez Jr.,1610612748,MIA,Heat,Miami,-0.0113875,0.1663625,0.154971875,0.00030625,-0.1116359375,0.044690625,0.122640625,0.0475328125,64,28.6,15.0,5.1,4.8
203468,CJ,McCollum,1610612737,ATL,Hawks,Atlanta,-0.00280625,0.1571890625,0.154375,0.0094078125,-0.082303125,0.0283484375,0.1014640625,0.0527171875,64,29.8,18.6,3.4,3.7
1628389,Bam,Adebayo,1610612748,MIA,Heat,Miami,-0.0689372131,0.2231396721,0.154207377,-0.0322240983,-0.0934983606,0.0909044262,0.0768004918,0.0646708196,61,31.9,20.2,9.7,2.9
1628384,OG,Anunoby,1610612752,NYK,Knicks,New York,-0.0543017857,0.2063589285,0.1520607142,0.0092607142,-0.0999178571,0.0499375,0.0597375,0.0777035714,56,33.1,16.9,5.3,2.2
1626167,Myles,Turner,1610612749,MIL,Bucks,Milwaukee,-0.0405170312,0.1924560937,0.15194375,0.0120435937,-0.0688846875,0.0523323437,0.0389298437,0.0753845312,64,27.3,12.0,5.4,1.5
1629011,Mitchell,Robinson,1610612752,NYK,Knicks,New York,-0.0028588235,0.1544470588,0.1515921568,0.0008058823,-0.039817647,0.0798019607,0.0214372549,0.0567509803,51,19.5,5.3,8.9,1.0
1630558,Davion,Mitchell,1610612748,MIA,Heat,Miami,0.0090166101,0.1424772881,0.1514820338,-0.0072591525,-0.0860740677,0.0249842372,0.1345513559,0.0373628813,59,28.3,9.1,2.7,6.6
1641710,Anthony,Black,1610612753,ORL,Magic,Orlando,-0.0353866666,0.1867383333,0.151345,-0.0143583333,-0.1100766666,0.041335,0.1223766666,0.060485,60,30.7,15.3,3.9,3.8
1628978,Donte,DiVincenzo,1610612750,MIN,Timberwolves,Minnesota,-0.0120642857,0.1613628571,0.1493042857,-0.0114585714,-0.0800857142,0.04285,0.1083742857,0.0366171428,70,30.8,12.3,4.4,4.1
1629674,Neemias,Queta,1610612738,BOS,Celtics,Boston,-0.0348676923,0.1841230769,0.1492553846,0.0044584615,-0.0647830769,0.0758338461,0.0322323076,0.0613861538,65,25.2,9.9,8.3,1.5
1629655,Daniel,Gafford,1610612742,DAL,Mavericks,Dallas,-0.0300571428,0.1774857142,0.1474367346,0.0243224489,-0.0773959183,0.071577551,0.0336612244,0.0630122448,49,21.6,9.3,6.9,1.0
1630230,Naji,Marshall,1610612742,DAL,Mavericks,Dallas,-0.0207656716,0.167461194,0.1466940298,0.0131970149,-0.0917268656,0.0475432835,0.0899880597,0.0417671641,67,29.4,15.1,4.8,3.2
1629638,Nickeil,Alexander-Walker,1610612737,ATL,Hawks,Atlanta,-0.0280651515,0.1747181818,0.1466560606,0.0169439393,-0.101060606,0.0304772727,0.0896090909,0.0571666666,66,33.3,20.3,3.5,3.7
1631109,Mark,Williams,1610612756,PHX,Suns,Phoenix,-0.0288428571,0.1750589285,0.1462178571,0.0117125,-0.0630803571,0.0774107142,0.0286678571,0.0589535714,56,23.6,11.6,8.1,1.0
1627783,Pascal,Siakam,1610612754,IND,Pacers,Indiana,-0.0534654545,0.1993072727,0.1458527272,-0.008350909,-0.1276545454,0.0627963636,0.1186618181,0.0601181818,55,33.5,24.0,6.7,3.9
1627742,Brandon,Ingram,1610612761,TOR,Raptors,Toronto,-0.057280303,0.2028651515,0.1455742424,0.0115121212,-0.1405515151,0.0562515151,0.1070166666,0.0611939393,66,34.1,21.9,5.6,3.8
1630577,Julian,Champagnie,1610612759,SAS,Spurs,San Antonio,-0.0362898571,0.179648,0.1433595714,-0.0075502857,-0.0481867142,0.0548085714,0.0443645714,0.0490124285,70,27.8,11.2,5.7,1.5
1629651,Nic,Claxton,1610612751,BKN,Nets,Brooklyn,-0.0242467741,0.1674967741,0.1432532258,-0.0162064516,-0.0695032258,0.0606935483,0.0860580645,0.0653403225,62,28.4,11.9,7.1,3.8
1641824,Matas,Buzelis,1610612741,CHI,Bulls,Chicago,-0.0654191304,0.2072120289,0.141779855,0.0087862318,-0.1031923188,0.0532636231,0.0603646376,0.0785847826,69,29.0,16.1,5.6,2.0
1641717,Cason,Wallace,1610612760,OKC,Thunder,Oklahoma City,-0.0290402985,0.169141791,0.1400985074,-0.0174059701,-0.0565686567,0.0321358208,0.0712119402,0.0651955223,67,27.3,8.6,3.1,2.7
1630163,LaMelo,Ball,1610612766,CHA,Hornets,Charlotte,0.0072503333,0.1295878333,0.1368498333,0.0019708333,-0.1342748333,0.0422428333,0.165768,0.0264345,60,27.5,19.5,4.9,7.1
203501,Tim,Hardaway Jr.,1610612743,DEN,Nuggets,Denver,-0.0017376811,0.1374710144,0.1357362318,0.0221173913,-0.0287724637,0.0242362318,0.0350956521,0.0322231884,69,27.1,13.8,2.6,1.4
1629675,Naz,Reid,1610612750,MIN,Timberwolves,Minnesota,-0.0369720588,0.172275,0.1353117647,0.0193073529,-0.0904779411,0.0560117647,0.0554279411,0.0573647058,68,26.0,13.7,6.2,2.4
1641764,Brandin,Podziemski,1610612744,GSW,Warriors,Golden State,-0.0182521739,0.1531840579,0.1349362318,-0.0114188405,-0.090957971,0.0475956521,0.1197840579,0.037557971,69,28.2,12.9,5.2,3.8
1628970,Miles,Bridges,1610612766,CHA,Hornets,Charlotte,-0.0456796923,0.180574923,0.1348890769,-0.0066852307,-0.0854896923,0.0542538461,0.0821138461,0.0524352307,65,31.6,17.4,5.9,3.3
1629640,Keldon,Johnson,1610612759,SAS,Spurs,San Antonio,0.0121487142,0.122701,0.1348497142,0.019225,-0.0402428571,0.0494601428,0.0451937142,0.0237628571,70,23.1,12.7,5.4,1.3
1626164,Devin,Booker,1610612756,PHX,Suns,Phoenix,-0.0231572222,0.1574988888,0.1343379629,0.012984074,-0.1700361111,0.0403888888,0.1747755555,0.0321744444,54,33.5,25.8,3.9,5.9
1630168,Onyeka,Okongwu,1610612737,ATL,Hawks,Atlanta,-0.0621333333,0.1958888888,0.1337587301,-0.0035730158,-0.114947619,0.0683841269,0.0774412698,0.0533682539,63,31.4,15.8,7.8,3.2
1626171,Bobby,Portis,1610612749,MIL,Bucks,Milwaukee,0.0035057575,0.1299737878,0.1334689393,0.034395909,-0.0526924242,0.0521851515,0.0372137878,0.0281589393,66,24.2,13.7,6.4,1.6
1641750,Ryan,Kalkbrenner,1610612766,CHA,Hornets,Charlotte,-0.0229559649,0.1548419298,0.1318894736,0.0198496491,-0.0484336842,0.0459743859,0.0178771929,0.0756052631,57,22.0,7.9,5.8,0.8
1630245,Ayo,Dosunmu,1610612750,MIN,Timberwolves,Minnesota,-0.0058229508,0.1376770491,0.1318459016,0.013057377,-0.0712114754,0.0284721311,0.080709836,0.039314754,61,26.5,14.4,3.0,3.4
1631212,Peyton,Watson,1610612743,DEN,Nuggets,Denver,-0.0841224489,0.2152510204,0.1311387755,-0.0096081632,-0.1124591836,0.0484571428,0.0572265306,0.0838714285,49,30.6,14.9,4.9,2.0
1626157,Karl-Anthony,Towns,1610612752,NYK,Knicks,New York,-0.0722046153,0.2030784615,0.1308692307,0.0116907692,-0.1476061538,0.10286,0.077476923,0.0445553846,65,31.2,20.0,11.8,2.9
1642281,Jaylon,Tyson,1610612739,CLE,Cavaliers,Cleveland,-0.0111773437,0.1410428125,0.1298670312,0.0167773437,-0.073500625,0.0416548437,0.0632590625,0.0419145312,64,27.0,13.1,5.1,2.2
1629614,Andrew,Nembhard,1610612754,IND,Pacers,Indiana,0.0040538461,0.12495,0.1290038461,-0.0091442307,-0.1287615384,0.027876923,0.1836557692,0.024826923,52,31.2,17.0,2.8,7.3
1627759,Jaylen,Brown,1610612738,BOS,Celtics,Boston,-0.0799258064,0.2083645161,0.1284370967,0.0281016129,-0.21905,0.0701919354,0.1442290322,0.0492064516,62,34.1,28.5,7.0,5.1
202699,Tobias,Harris,1610612765,DET,Pistons,Detroit,-0.028475,0.1565825,0.1281190384,-0.0186403846,-0.048004423,0.0466275,0.0608792307,0.0338423076,52,28.2,13.1,5.2,2.3
1629731,Dean,Wade,1610612739,CLE,Cavaliers,Cleveland,-0.0093738181,0.1369467272,0.1275674545,-0.0130896363,-0.0123636363,0.0374521818,0.0367603636,0.0437998181,55,22.5,5.9,4.3,1.5
1630183,Jaden,McDaniels,1610612750,MIN,Timberwolves,Minnesota,-0.0631294117,0.1884485294,0.1253117647,0.0075147058,-0.1099691176,0.0429691176,0.0672088235,0.0657691176,68,31.7,14.6,4.2,2.8
1631108,Max,Christie,1610612742,DAL,Mavericks,Dallas,-0.0370830769,0.1607,0.1236138461,0.0118984615,-0.0734076923,0.0335261538,0.0614461538,0.0458107692,65,29.5,12.7,3.3,2.1
1631119,Jaylin,Williams,1610612760,OKC,Thunder,Oklahoma City,-0.0247672727,0.14548,0.1207145454,0.0034927272,-0.0604636363,0.04792,0.0548636363,0.0453672727,55,20.4,7.5,5.5,2.5
1630173,Precious,Achiuwa,1610612758,SAC,Kings,Sacramento,-0.022323492,0.1422280952,0.1198982539,-0.0087707936,-0.0437426984,0.0535374603,0.0351633333,0.0548104761,63,23.1,9.3,6.3,1.3
203084,Harrison,Barnes,1610612759,SAS,Spurs,San Antonio,-0.0104070769,0.1298970769,0.119486923,0.0056747692,-0.0463292307,0.0289644615,0.0533652307,0.034968923,65,26.5,10.2,2.9,2.0
1630541,Moses,Moody,1610612744,GSW,Warriors,Golden State,-0.0311101694,0.148998305,0.1178915254,0.0010457627,-0.0491237288,0.0323576271,0.0476220338,0.0532542372,59,25.5,11.9,3.3,1.6
1629060,Rui,Hachimura,1610612747,LAL,Lakers,Los Angeles,-0.0167024137,0.134050862,0.1173484482,0.017637931,-0.0342101724,0.0288843103,0.0245755172,0.0345027586,58,28.8,11.3,3.2,0.9
1642907,Cedric,Coward,1610612763,MEM,Grizzlies,Memphis,-0.0614203703,0.177887037,0.1164648148,-0.0078148148,-0.1062648148,0.0630277777,0.0743203703,0.0497907407,54,26.1,13.4,6.2,2.8
1641796,Pelle,Larsson,1610612748,MIA,Heat,Miami,-0.0127884745,0.1287803389,0.1159867796,-0.0038481355,-0.0661838983,0.0302018644,0.0793815254,0.0344233898,59,25.7,10.8,3.4,3.4
203944,Julius,Randle,1610612750,MIN,Timberwolves,Minnesota,-0.0658985714,0.1816128571,0.11571,-0.0063071428,-0.1591171428,0.0640514285,0.1235285714,0.0408028571,70,33.0,21.2,6.8,5.1
1630191,Isaiah,Stewart,1610612765,DET,Pistons,Detroit,-0.0481818181,0.1629363636,0.1147472727,-0.0023527272,-0.0627963636,0.0414436363,0.0290654545,0.07394,55,23.1,10.0,5.1,1.2
1641854,Craig,Porter Jr.,1610612739,CLE,Cavaliers,Cleveland,0.0149862068,0.0992,0.114187931,-0.0062620689,-0.0466310344,0.0259172413,0.0761724137,0.0404775862,58,17.6,4.4,3.3,3.2
1626181,Norman,Powell,1610612748,MIA,Heat,Miami,-0.0399009615,0.1528998076,0.1130026923,0.0259790384,-0.1180576923,0.0344476923,0.0870501923,0.03346,52,30.1,22.3,3.6,2.6
204456,T.J.,McConnell,1610612754,IND,Pacers,Indiana,0.0226,0.0903352941,0.1129333333,-0.0075431372,-0.0652941176,0.0190215686,0.1151254901,0.0302647058,51,17.3,9.3,2.3,5.1
1630573,Sam,Hauser,1610612738,BOS,Celtics,Boston,-0.0243393939,0.1370363636,0.1126893939,-0.0014227272,-0.0251742424,0.0342030303,0.0291151515,0.0399318181,66,24.6,9.2,3.9,1.5
1626220,Royce,O'Neale,1610612756,PHX,Suns,Phoenix,-0.0539956521,0.1662434782,0.1122594202,-0.0107188405,-0.0747449275,0.0464260869,0.0728101449,0.0464884057,69,29.1,9.9,4.8,2.8
1642852,Derik,Queen,1610612740,NOP,Pelicans,New Orleans,-0.0677114285,0.1788328571,0.1111185714,-0.0071712857,-0.1350681428,0.0640767142,0.091979,0.0616765714,70,24.8,11.5,6.9,3.8
1642263,Reed,Sheppard,1610612745,HOU,Rockets,Houston,-0.03335,0.1438882352,0.1105352941,-0.0179382352,-0.0845367647,0.0252235294,0.0951897058,0.0468514705,68,26.0,13.4,2.8,3.2
1629048,Goga,Bitadze,1610612753,ORL,Magic,Orlando,-0.0014892156,0.1119060784,0.1104207843,-0.0003098039,-0.0269686274,0.0442452941,0.0265215686,0.0448709803,51,14.9,5.6,4.7,1.2
1631230,Dominick,Barlow,1610612755,PHI,76ers,Philadelphia,-0.0444779661,0.1543310169,0.1098547457,-0.0145616949,-0.0484779661,0.04559,0.0309223728,0.0604594915,59,24.5,8.3,4.8,1.2
1630572,Sandro,Mamukelashvili,1610612761,TOR,Raptors,Toronto,-0.0242439393,0.1339984848,0.1097530303,-0.0043272727,-0.0533424242,0.0445348484,0.0510545454,0.0436181818,66,21.9,10.8,4.9,1.9
203935,Marcus,Smart,1610612747,LAL,Lakers,Los Angeles,-0.0353325423,0.1443962711,0.109058644,-0.0182577966,-0.0724605084,0.0280547457,0.0818040677,0.0419972881,59,28.7,9.6,2.8,2.8
1628379,Luke,Kennard,1610612747,LAL,Lakers,Los Angeles,0.0150492424,0.093820606,0.1088698484,0.0283516666,-0.0372939393,0.0180754545,0.0402262121,0.0268621212,66,20.8,8.0,2.2,2.0
1642844,Dylan,Harper,1610612759,SAS,Spurs,San Antonio,-0.0042780701,0.1110803508,0.1067987719,-0.0038247368,-0.0697419298,0.0274568421,0.0847982456,0.0322377192,57,22.2,11.1,3.4,3.8
1629023,P.J.,Washington,1610612742,DAL,Mavericks,Dallas,-0.1383686274,0.2447764705,0.106390196,-0.0567666666,-0.1106568627,0.0715647058,0.0614803921,0.0938960784,51,30.8,14.2,7.0,1.9
1641783,Tristan,da Silva,1610612753,ORL,Magic,Orlando,-0.0390234375,0.1453551562,0.1063395312,-0.0108259375,-0.049696875,0.0352125,0.046261875,0.0478998437,64,24.4,9.5,3.8,1.5
1642274,Yves,Missi,1610612740,NOP,Pelicans,New Orleans,-0.040825862,0.1462610344,0.1054368965,-0.0148796551,-0.0551720689,0.0537624137,0.031787931,0.0637298275,58,19.1,5.6,5.7,1.2
1627739,Kris,Dunn,1610612746,LAC,Clippers,LA,-0.0418557142,0.1459121428,0.1040621428,-0.0157194285,-0.0822794285,0.0311684285,0.0846912857,0.0444841428,70,27.6,7.7,3.4,3.6
1641739,Toumani,Camara,1610612757,POR,Trail Blazers,Portland,-0.0861271428,0.1896857142,0.1035628571,-0.0292028571,-0.1029842857,0.0544685714,0.0793942857,0.0563342857,70,33.3,12.8,5.3,2.6
203110,Draymond,Green,1610612744,GSW,Warriors,Golden State,-0.0871946428,0.1904642857,0.1032857142,-0.0323107142,-0.1420089285,0.0572803571,0.1233821428,0.0605428571,56,27.2,8.6,5.6,5.3
1629111,Jock,Landale,1610612737,ATL,Hawks,Atlanta,-0.0028,0.1056016129,0.1027951612,0.0047532258,-0.048998387,0.0535532258,0.0418306451,0.0263806451,62,22.1,10.7,5.8,1.6
1642347,Jamal,Shead,1610612761,TOR,Raptors,Toronto,-0.0011985294,0.1025632352,0.1013705882,-0.0264191176,-0.0720279411,0.0158485294,0.1249794117,0.0306220588,68,21.9,6.6,1.9,5.1
1628381,John,Collins,1610612746,LAC,Clippers,LA,-0.0473968965,0.1486527586,0.1012541379,0.0188927586,-0.070732931,0.0454013793,0.0266034482,0.0434424137,58,27.5,13.8,5.3,1.0
1630643,Jay,Huff,1610612754,IND,Pacers,Indiana,-0.0606385714,0.1614142857,0.1007685714,-0.0068857142,-0.0561771428,0.0362642857,0.0265,0.0811357142,70,20.7,9.4,3.8,1.3
203083,Andre,Drummond,1610612755,PHI,76ers,Philadelphia,-0.0449561538,0.1452355769,0.1002832692,-0.0258548076,-0.0494530769,0.0802151923,0.0312242307,0.0404063461,52,20.0,6.7,8.7,1.1
1630249,Vít,Krejčí,1610612757,POR,Trail Blazers,Portland,-0.009928125,0.109884375,0.0999640625,0.0052671875,-0.0339609375,0.01935625,0.04199375,0.037875,64,21.6,8.6,2.3,1.6
1630188,Jalen,Smith,1610612741,CHI,Bulls,Chicago,-0.0470274509,0.1461156862,0.0990823529,-0.0075980392,-0.0692058823,0.0685098039,0.0401666666,0.0339294117,51,20.8,10.3,6.8,1.2
1641757,Jordan,Miller,1610612746,LAC,Clippers,LA,0.0062732653,0.0925793877,0.0988465306,0.0163144897,-0.0457897959,0.0226889795,0.0443171428,0.0254328571,49,21.7,9.8,3.1,2.1
1628971,Bruce,Brown,1610612743,DEN,Nuggets,Denver,-0.0350057142,0.1331014285,0.0981014285,-0.0167257142,-0.0538057142,0.0375857142,0.0547771428,0.0360485714,70,24.6,7.5,3.8,2.1
1630171,Isaac,Okoro,1610612741,CHI,Bulls,Chicago,-0.0406727272,0.1386236363,0.0979436363,-0.02584,-0.0438690909,0.0283236363,0.053870909,0.0455745454,55,27.0,9.0,2.7,1.6
1629637,Jaxson,Hayes,1610612747,LAL,Lakers,Los Angeles,-0.0086798275,0.1040684482,0.0953903448,0.0083865517,-0.0245810344,0.0316224137,0.0177437931,0.0394217241,58,17.6,6.7,3.9,0.9
1630696,Dru,Smith,1610612748,MIA,Heat,Miami,-0.0045292424,0.0988860606,0.0943598484,-0.0120542424,-0.0403590909,0.0206974242,0.0616419696,0.0388321212,66,17.0,5.8,2.6,2.7
1629656,Quentin,Grimes,1610612755,PHI,76ers,Philadelphia,-0.0765626562,0.1700885937,0.0935290625,-0.006996875,-0.1079725,0.0362295312,0.0772546875,0.05041125,64,30.1,13.7,3.7,3.4
1642345,Oso,Ighodaro,1610612756,PHX,Suns,Phoenix,-0.0395152857,0.132713,0.0931934285,-0.003006,-0.0676714285,0.0462074285,0.0473944285,0.0470777142,70,21.6,6.2,4.9,2.2
1642268,Isaiah,Collier,1610612762,UTA,Jazz,Utah,-0.022618644,0.1151508474,0.0925423728,-0.0142830508,-0.1519423728,0.0272135593,0.1790932203,0.0248542372,59,25.7,11.7,2.5,7.2
1631260,AJ,Green,1610612749,MIL,Bucks,Milwaukee,-0.0291007692,0.1202470769,0.091154,0.0062372307,-0.0492446153,0.0249332307,0.0462215384,0.017506923,65,28.7,9.5,2.5,1.8
203471,Dennis,Schröder,1610612739,CLE,Cavaliers,Cleveland,-0.0231227118,0.1138450847,0.0907172881,0.0015703389,-0.1081913559,0.0232276271,0.1154676271,0.030328305,59,25.0,11.4,2.8,5.0
1628398,Kyle,Kuzma,1610612749,MIL,Bucks,Milwaukee,-0.04594,0.1345690625,0.08862125,0.003785625,-0.0956864062,0.0408682812,0.06946625,0.0300814062,64,26.5,13.0,4.6,2.6
1642875,Maxime,Raynaud,1610612758,SAC,Kings,Sacramento,-0.0467928571,0.1346530158,0.0878553968,-0.0037626984,-0.0610888888,0.0592946031,0.027423492,0.0355866666,63,25.6,11.7,7.3,1.3
1642461,Spencer,Jones,1610612743,DEN,Nuggets,Denver,-0.0280965517,0.1158844827,0.087787931,-0.006087931,-0.0305103448,0.0306086206,0.0229155172,0.0331706896,58,22.9,5.8,3.3,0.8
201572,Brook,Lopez,1610612746,LAC,Clippers,LA,-0.0471182539,0.1338031746,0.0866992063,-0.0091763492,-0.047317619,0.0240939682,0.0297503174,0.0615765079,63,20.7,7.6,3.1,1.2
1630631,Jose,Alvarado,1610612752,NYK,Knicks,New York,-0.0142067796,0.1007847457,0.0865966101,-0.0084016949,-0.0544406779,0.0220762711,0.0774610169,0.0246627118,59,20.4,7.4,2.5,3.4
203114,Khris,Middleton,1610612742,DAL,Mavericks,Dallas,-0.0216173076,0.1079192307,0.0863153846,0.0117307692,-0.0910788461,0.0344288461,0.0785211538,0.0223461538,52,24.0,10.9,3.9,3.0
1630194,Paul,Reed,1610612765,DET,Pistons,Detroit,-0.014381923,0.1003723076,0.0860038461,0.0113565384,-0.0472275,0.0339401923,0.01929,0.0472409615,52,13.0,6.9,4.4,1.1
1630598,Aaron,Wiggins,1610612760,OKC,Thunder,Oklahoma City,-0.0429218181,0.1287145454,0.085790909,-0.0132218181,-0.0557654545,0.0300636363,0.04842,0.0429963636,55,22.9,9.9,3.3,1.8
1628989,Kevin,Huerter,1610612765,DET,Pistons,Detroit,-0.0433967241,0.1283486206,0.0849484482,-0.0250762068,-0.0526275862,0.0328334482,0.0577231034,0.0415718965,58,22.1,9.8,3.6,2.4
1630314,Brandon,Williams,1610612742,DAL,Mavericks,Dallas,-0.0371183333,0.1217566666,0.0846333333,-0.0092183333,-0.1049316666,0.02573,0.1014883333,0.0376883333,60,22.0,12.8,2.9,3.8
1630692,Jordan,Goodwin,1610612756,PHX,Suns,Phoenix,-0.0197215,0.1034261666,0.083708,-0.0184781666,-0.0404216666,0.0413016666,0.053852,0.0212156666,60,22.4,8.6,4.8,2.2
1630198,Isaiah,Joe,1610612760,OKC,Thunder,Oklahoma City,-0.0070459016,0.0896704918,0.0826229508,0.0047032786,-0.0262639344,0.0211278688,0.035114754,0.0181196721,61,21.9,11.0,2.7,1.4
1642271,Kyle,Filipowski,1610612762,UTA,Jazz,Utah,-0.0490842647,0.1314967647,0.0824110294,-0.0032611764,-0.0869966176,0.0647905882,0.0534730882,0.0265714705,68,22.9,10.6,6.9,2.4
1641775,Jordan,Walsh,1610612738,BOS,Celtics,Boston,-0.0143224137,0.0946844827,0.0803603448,0.0069344827,-0.0300465517,0.0307896551,0.0174568965,0.0307724137,58,17.3,5.3,4.1,0.7
203991,Clint,Capela,1610612745,HOU,Rockets,Houston,-0.0198709677,0.0989435483,0.0790645161,-0.0138790322,-0.0308806451,0.0401709677,0.0186225806,0.0433016129,62,12.5,3.8,4.6,0.6
1631222,Jake,LaRavia,1610612747,LAL,Lakers,Los Angeles,-0.0421384285,0.121068,0.0789367142,-0.0082402857,-0.0572022857,0.0322517142,0.0357831428,0.0400315714,70,24.7,8.6,3.9,1.8
1628963,Marvin,Bagley III,1610612742,DAL,Mavericks,Dallas,-0.0344961538,0.1106615384,0.0761596153,0.0043134615,-0.0664057692,0.0477480769,0.0300480769,0.0365096153,52,20.0,9.9,6.3,1.4
1631255,Karlo,Matković,1610612740,NOP,Pelicans,New Orleans,-0.0145582456,0.090241228,0.0756847368,0.0069707017,-0.027975614,0.030985614,0.0162371929,0.0296214035,57,14.5,5.6,3.7,0.8
1642948,Ryan,Nembhard,1610612742,DAL,Mavericks,Dallas,-0.0023693877,0.0779734693,0.0756020408,-0.0062653061,-0.0696346938,0.014955102,0.0926877551,0.0165448979,49,18.5,6.3,1.9,4.9
1630311,Pat,Spencer,1610612744,GSW,Warriors,Golden State,0.0086,0.0668773584,0.0754773584,-0.0041622641,-0.0539830188,0.0178113207,0.0833830188,0.0133150943,53,17.4,6.8,2.2,3.4
1642346,Ryan,Dunn,1610612756,PHX,Suns,Phoenix,-0.0265281967,0.1015178688,0.0749945901,-0.0189160655,-0.0303114754,0.0376744262,0.0348585245,0.0302804918,61,19.4,5.7,4.1,1.4
1641737,Adem,Bona,1610612755,PHI,76ers,Philadelphia,-0.0385255,0.1134703333,0.0749565,0.0005015,-0.0485978333,0.0408703333,0.0143561666,0.0441365,60,17.4,4.7,4.5,0.4
1629014,Anfernee,Simons,1610612741,CHI,Bulls,Chicago,-0.0209763636,0.0959181818,0.0749472727,0.0159581818,-0.0665145454,0.0226254545,0.0608018181,0.0159581818,55,24.9,14.3,2.5,2.4
1629652,Luguentz,Dort,1610612760,OKC,Thunder,Oklahoma City,-0.0852310344,0.1600724137,0.0748448275,-0.0397431034,-0.0508448275,0.0410551724,0.0397310344,0.0388275862,58,27.8,8.5,3.8,1.3
1629611,Terance,Mann,1610612751,BKN,Nets,Brooklyn,-0.0292775862,0.1032793103,0.0740034482,-0.0084724137,-0.0635741379,0.024975862,0.0716413793,0.0313724137,58,24.4,7.3,3.2,3.1
1629008,Michael,Porter Jr.,1610612751,BKN,Nets,Brooklyn,-0.077401923,0.1508307692,0.0734288461,0.0218057692,-0.1403326923,0.0611980769,0.0792134615,0.0311653846,52,32.5,24.2,7.1,3.0
1642377,Jaylen,Wells,1610612763,MEM,Grizzlies,Memphis,-0.0670742424,0.138890909,0.0718060606,-0.0243757575,-0.0612227272,0.0327863636,0.0472363636,0.0394121212,66,26.6,12.8,3.3,1.6
1630551,Justin,Champagnie,1610612764,WAS,Wizards,Washington,-0.0232966666,0.0945616666,0.0712783333,-0.0067,-0.0305283333,0.0418883333,0.0202866666,0.0281416666,60,19.4,8.4,5.6,1.1
1641706,Brandon,Miller,1610612766,CHA,Hornets,Charlotte,-0.1098796226,0.1809967924,0.0711171698,-0.01086,-0.1525549056,0.0454601886,0.0820537735,0.065920566,53,30.1,20.4,5.0,3.5
1642856,Egor,Dëmin,1610612751,BKN,Nets,Brooklyn,-0.0293538461,0.0999596153,0.0705980769,0.0052038461,-0.0721596153,0.0272903846,0.0747134615,0.0238173076,52,25.1,10.3,3.2,3.3
1642450,Daniss,Jenkins,1610612765,DET,Pistons,Detroit,-0.0135279661,0.0836452542,0.070118983,-0.01878,-0.0610525423,0.0162061016,0.0816510169,0.0238698305,59,17.6,7.7,1.9,3.2
203924,Jerami,Grant,1610612757,POR,Trail Blazers,Portland,-0.0681129629,0.1375037037,0.0693944444,0.019937037,-0.1310111111,0.0322185185,0.0770166666,0.0367574074,54,29.9,18.5,3.5,2.2
1630538,Bones,Hyland,1610612750,MIN,Timberwolves,Minnesota,0.0023639344,0.0656590163,0.0680295081,0.0128,-0.0498409836,0.0127131147,0.0541409836,0.0205639344,61,15.2,7.6,1.6,2.6
1642883,Sion,James,1610612766,CHA,Hornets,Charlotte,-0.0513075714,0.1189861428,0.0676771428,-0.0165615714,-0.0505065714,0.0324127142,0.0414018571,0.0338608571,70,23.0,5.4,3.5,2.0
1628370,Malik,Monk,1610612758,SAC,Kings,Sacramento,-0.0186542592,0.0862942592,0.0676362962,-0.0010681481,-0.0578446296,0.0145296296,0.0651953703,0.0236201851,54,21.9,12.4,1.9,2.7
1627747,Caris,LeVert,1610612765,DET,Pistons,Detroit,-0.0484228571,0.1136524489,0.0652377551,-0.0249912244,-0.0724140816,0.0166142857,0.0717187755,0.0424055102,49,19.4,7.4,1.9,2.7
1642266,Ja'Kobe,Walter,1610612761,TOR,Raptors,Toronto,-0.0301137931,0.0948068965,0.0646948275,-0.0090137931,-0.02665,0.0204,0.0264431034,0.0289551724,58,18.8,6.6,2.4,1.1
1642864,Hugo,González,1610612738,BOS,Celtics,Boston,-0.0234609375,0.0880765625,0.0646140625,-0.005546875,-0.0213375,0.02749375,0.01145625,0.02845625,64,15.3,4.0,3.5,0.6
1631165,Keon,Ellis,1610612739,CLE,Cavaliers,Cleveland,-0.033584918,0.0975934426,0.0640085245,-0.0070362295,-0.0264511475,0.0134281967,0.0200668852,0.0413755737,61,19.6,6.2,1.8,0.9
1642366,Quinten,Post,1610612744,GSW,Warriors,Golden State,-0.0490876923,0.113,0.0639107692,-0.0209584615,-0.04998,0.0359123076,0.0389184615,0.0372584615,65,17.6,7.8,4.1,1.4
1631243,Mouhamed,Gueye,1610612737,ATL,Hawks,Atlanta,-0.0199292307,0.0836153846,0.0636938461,-0.0135923076,-0.0214753846,0.0248538461,0.0218507692,0.0286230769,65,15.3,4.5,3.6,0.9
1631248,Baylor,Scheierman,1610612738,BOS,Celtics,Boston,-0.0170828125,0.0804796875,0.0634046875,-0.002496875,-0.0237078125,0.0238203125,0.0271359375,0.0175875,64,17.5,4.9,3.5,1.3
1629750,Javonte,Green,1610612765,DET,Pistons,Detroit,-0.0288575362,0.0917101449,0.0628526086,-0.0202642028,-0.0285507246,0.0235710144,0.0290405797,0.0272594202,69,17.7,6.8,2.7,0.7
1629006,Josh,Okogie,1610612745,HOU,Rockets,Houston,-0.0230230769,0.0857323076,0.0627153846,-0.015116923,-0.0289415384,0.026316923,0.0252876923,0.0199092307,65,18.5,4.9,2.7,0.9
1642258,Zaccharie,Risacher,1610612737,ATL,Hawks,Atlanta,-0.0480745454,0.1092327272,0.0611454545,-0.0139218181,-0.0453781818,0.0268854545,0.0287763636,0.0308127272,55,23.6,9.9,3.9,1.3
1641729,Brice,Sensabaugh,1610612762,UTA,Jazz,Utah,-0.0402575757,0.1008727272,0.0606090909,0.0057848484,-0.0677469696,0.0283393939,0.0446378787,0.0219393939,66,22.7,13.9,3.0,1.7
1641716,Jarace,Walker,1610612754,IND,Pacers,Indiana,-0.066289855,0.1254971014,0.0592086956,-0.0132811594,-0.0930304347,0.0478884057,0.0707869565,0.0255449275,69,25.6,11.3,5.2,2.4
1629012,Collin,Sexton,1610612741,CHI,Bulls,Chicago,-0.0472235714,0.1061351785,0.0589008928,0.0243041071,-0.1183966071,0.0162773214,0.0728183928,0.0344573214,56,22.8,14.5,2.0,3.4
1630172,Patrick,Williams,1610612741,CHI,Bulls,Chicago,-0.0400081666,0.0982528333,0.0582396666,-0.0146958333,-0.0470923333,0.0235421666,0.0437368333,0.029456,60,19.7,6.9,2.9,1.4
1642383,Walter,Clayton Jr.,1610612763,MEM,Grizzlies,Memphis,-0.0258844827,0.0836275862,0.0577465517,-0.0186362068,-0.0691155172,0.0165086206,0.0823189655,0.0245344827,58,19.6,7.2,2.0,3.9
1626145,Tyus,Jones,1610612743,DEN,Nuggets,Denver,-0.0060442622,0.0636360655,0.0575983606,-0.0166032786,-0.0199409836,0.0094278688,0.0519278688,0.0182016393,61,15.2,3.0,1.1,2.5
1642363,Nique,Clifford,1610612758,SAC,Kings,Sacramento,-0.0480666666,0.1028878787,0.0548318181,-0.0273212121,-0.0606681818,0.0286651515,0.0537787878,0.0320590909,66,23.8,7.8,3.6,2.1
1630543,Isaiah,Jackson,1610612746,LAC,Clippers,LA,-0.0549162745,0.1096284313,0.0547082352,-0.0050158823,-0.072072549,0.0483733333,0.0249258823,0.0385813725,51,16.5,6.6,5.3,0.9
1630568,Luka,Garza,1610612738,BOS,Celtics,Boston,-0.0150084745,0.0691220338,0.054118644,0.0104779661,-0.0378932203,0.0287932203,0.0161271186,0.0169813559,59,15.6,7.4,3.9,0.9
1641730,Noah,Clowney,1610612751,BKN,Nets,Brooklyn,-0.0783467741,0.1324548387,0.054116129,-0.0120080645,-0.0767516129,0.0362903225,0.0448677419,0.0416516129,62,27.4,12.5,4.1,1.7
1642267,Bub,Carrington,1610612764,WAS,Wizards,Washington,-0.0393681159,0.0925173913,0.0531550724,-0.0039607246,-0.1012084057,0.0301140579,0.0983233333,0.0091166666,69,27.6,10.0,3.6,4.5
203484,Kentavious,Caldwell-Pope,1610612763,MEM,Grizzlies,Memphis,-0.0431607843,0.0962098039,0.0530490196,-0.0102705882,-0.0684529411,0.0247686274,0.0637274509,0.0207372549,51,21.3,8.4,2.5,2.7
202685,Jonas,Valančiūnas,1610612743,DEN,Nuggets,Denver,-0.0299793103,0.0822586206,0.0522775862,0.0165913793,-0.067487931,0.0391206896,0.0218137931,0.0225224137,58,13.3,8.3,4.9,1.2
203939,Dwight,Powell,1610612742,DAL,Mavericks,Dallas,-0.0089134615,0.0603153846,0.051425,0.0042653846,-0.0237711538,0.030875,0.0145884615,0.0086980769,52,13.8,3.2,3.8,0.9
202691,Klay,Thompson,1610612742,DAL,Mavericks,Dallas,-0.0610266666,0.1111916666,0.0501783333,-0.0042866666,-0.0586516666,0.0225516666,0.0358433333,0.0263983333,60,21.9,11.9,2.2,1.4
1642262,Cody,Williams,1610612762,UTA,Jazz,Utah,-0.0519741071,0.1008694642,0.04889,-0.0238348214,-0.0473678571,0.0249183928,0.0389455357,0.0282689285,56,22.2,7.3,2.8,1.5
1642874,Danny,Wolf,1610612751,BKN,Nets,Brooklyn,-0.0399490909,0.08852,0.04856,-0.0132090909,-0.0542690909,0.0348163636,0.0441454545,0.02222,55,21.0,8.9,4.9,2.3
1628415,Dillon,Brooks,1610612756,PHX,Suns,Phoenix,-0.093086,0.141612,0.048532,-0.002604,-0.11362,0.033912,0.060424,0.030348,50,30.6,20.9,3.7,1.8
1629020,Jarred,Vanderbilt,1610612747,LAL,Lakers,Los Angeles,-0.037630909,0.086090909,0.0484545454,-0.0181163636,-0.0422327272,0.0374090909,0.0290072727,0.0169436363,55,17.8,4.5,4.6,1.2
1641842,Ronald,Holland II,1610612765,DET,Pistons,Detroit,-0.0562486153,0.104566,0.048318923,-0.0212884615,-0.0626576923,0.0375287692,0.0392975384,0.0233172307,65,20.2,8.4,4.3,1.3
1630579,Jericho,Sims,1610612749,MIL,Bucks,Milwaukee,-0.0314233333,0.0796583333,0.0482461111,0.0138905555,-0.0584222222,0.0411607407,0.0168342592,0.0106148148,54,17.7,4.1,4.9,1.1
1630533,Ziaire,Williams,1610612751,BKN,Nets,Brooklyn,-0.067032653,0.1152346938,0.0482061224,-0.0154163265,-0.0482489795,0.0211755102,0.0263836734,0.0453020408,49,22.8,9.6,2.4,1.0
1642272,Jared,McCain,1610612760,OKC,Thunder,Oklahoma City,-0.0291672727,0.07722,0.04804,-0.0037054545,-0.0451581818,0.0191581818,0.03684,0.01702,55,17.5,8.4,2.1,1.4
1642278,Tyler,Kolek,1610612752,NYK,Knicks,New York,0.0004035714,0.0475285714,0.0479321428,-0.0055392857,-0.0421857142,0.011325,0.0575017857,0.0095142857,56,12.2,4.4,1.6,2.8
1630611,Gui,Santos,1610612744,GSW,Warriors,Golden State,-0.0627051724,0.1102913793,0.0475896551,-0.0080051724,-0.0937310344,0.0347913793,0.0565482758,0.0326189655,58,19.0,8.2,3.8,2.1
1631323,Simone,Fontecchio,1610612748,MIA,Heat,Miami,-0.028667258,0.0737216129,0.0450704838,-0.0096890322,-0.0355312903,0.0247304838,0.03143,0.0119604838,62,17.1,8.4,3.1,1.5
1641772,Nae'Qwan,Tomlin,1610612739,CLE,Cavaliers,Cleveland,-0.031295,0.0744462962,0.0431587037,-0.0229185185,-0.0228962962,0.0218611111,0.0229333333,0.0236061111,54,15.8,5.8,2.8,0.8
1642954,Will,Richard,1610612744,GSW,Warriors,Golden State,-0.0435610169,0.086598305,0.0430322033,-0.0106779661,-0.0406508474,0.0207864406,0.0272084745,0.0226525423,59,20.1,6.7,2.6,1.4
201587,Nicolas,Batum,1610612746,LAC,Clippers,LA,-0.0420875,0.0849203125,0.0428328125,-0.00793125,-0.03861875,0.0216140625,0.0249390625,0.0216078125,64,18.2,4.0,2.5,0.9
1627780,Gary,Payton II,1610612744,GSW,Warriors,Golden State,-0.0461919354,0.0885145161,0.0423241935,-0.0221080645,-0.0520951612,0.0316338709,0.0365451612,0.0275612903,62,14.6,6.8,3.5,1.7
1631133,Jabari,Walker,1610612755,PHI,76ers,Philadelphia,-0.0138821052,0.0557333333,0.041851228,-0.00783,-0.0169315789,0.0282280701,0.0148110526,0.009248421,57,12.3,4.4,3.1,0.5
1641767,Ben,Sheppard,1610612754,IND,Pacers,Indiana,-0.0455603448,0.0873655172,0.0418086206,-0.0254603448,-0.0339396551,0.0288,0.0404275862,0.0146586206,58,21.5,7.0,3.1,1.8
201566,Russell,Westbrook,1610612758,SAC,Kings,Sacramento,-0.0878871875,0.12950625,0.041620625,-0.0460567187,-0.1673390625,0.0514903125,0.1484048437,0.0227165625,64,29.0,15.2,5.4,6.7
1628371,Jonathan,Isaac,1610612753,ORL,Magic,Orlando,-0.0273788461,0.067551923,0.0401788461,-0.0151692307,-0.0152096153,0.0227596153,0.0082480769,0.0241538461,52,10.0,2.6,2.5,0.4
1628997,Caleb,Martin,1610612742,DAL,Mavericks,Dallas,-0.0312948275,0.0711482758,0.0398465517,-0.0115965517,-0.0326448275,0.0219068965,0.02855,0.020537931,58,14.8,3.9,2.5,1.4
1630549,Day'Ron,Sharpe,1610612751,BKN,Nets,Brooklyn,-0.0574290322,0.0954580645,0.0380370967,0.0026145161,-0.1031032258,0.051248387,0.0451596774,0.0245435483,62,18.7,8.7,6.7,2.3
1642869,Noah,Penda,1610612753,ORL,Magic,Orlando,-0.0301622,0.0673526,0.0371904,-0.0193012,-0.0324268,0.025826,0.0250434,0.022014,50,13.9,4.4,3.5,1.2
1641707,Taylor,Hendricks,1610612763,MEM,Grizzlies,Memphis,-0.04476,0.081482,0.036716,-0.015186,-0.037808,0.028946,0.022646,0.022624,50,18.1,7.1,3.6,0.9
1627824,Guerschon,Yabusele,1610612741,CHI,Bulls,Chicago,-0.0314745762,0.0673803389,0.0359023728,-0.0055277966,-0.0315881355,0.0272425423,0.0171876271,0.0148654237,59,13.6,5.0,3.2,0.9
1630534,Ochai,Agbaji,1610612751,BKN,Nets,Brooklyn,-0.0417218181,0.0769072727,0.0351872727,-0.0269236363,-0.0278872727,0.020770909,0.02248,0.0253418181,55,15.7,4.9,2.3,0.8
1628418,Thomas,Bryant,1610612739,CLE,Cavaliers,Cleveland,-0.0264748076,0.0600921153,0.0336288461,-0.0050473076,-0.0243673076,0.022449423,0.0114884615,0.0172082692,52,11.4,5.8,3.0,0.6
1642348,Justin,Edwards,1610612755,PHI,76ers,Philadelphia,-0.0196330188,0.051921132,0.0322994339,-0.0008356603,-0.0283943396,0.0120207547,0.0247728301,0.0125154716,53,15.6,6.2,1.7,1.4
1642846,Ace,Bailey,1610612762,UTA,Jazz,Utah,-0.0800613114,0.111972459,0.0319177049,-0.0322859016,-0.0699644262,0.0344827868,0.0500144262,0.0233893442,61,26.8,12.8,4.0,1.7
1631321,Sidy,Cissoko,1610612757,POR,Trail Blazers,Portland,-0.0493666666,0.0801682539,0.030795238,-0.0240777777,-0.050563492,0.0215888888,0.0445047619,0.0159571428,63,20.7,5.7,2.3,1.5
1641740,Jaylen,Clark,1610612750,MIN,Timberwolves,Minnesota,-0.023605,0.0539433333,0.0303283333,-0.0156216666,-0.0144316666,0.0139633333,0.0146683333,0.0154666666,60,12.5,3.9,1.7,0.5
1629018,Gary,Trent Jr.,1610612749,MIL,Bucks,Milwaukee,-0.0343003508,0.06309,0.0287861403,-0.0149791228,-0.0284526315,0.0087789473,0.0315438596,0.0081575438,57,20.9,7.4,1.0,1.2
1642868,Carter,Bryant,1610612759,SAS,Spurs,San Antonio,-0.0245447457,0.0517242372,0.0271913559,-0.0114664406,-0.0172303389,0.0139208474,0.0103084745,0.0196337288,59,10.5,3.9,2.3,0.5
1642962,Drake,Powell,1610612751,BKN,Nets,Brooklyn,-0.0374173076,0.0640192307,0.0266134615,-0.006801923,-0.0388807692,0.0127942307,0.0314846153,0.0127961538,52,19.4,6.1,1.6,1.4
1642860,Will,Riley,1610612764,WAS,Wizards,Washington,-0.0282116393,0.0543634426,0.0261567213,-0.0043463934,-0.0393150819,0.0145308196,0.0317311475,0.0123854098,61,20.1,8.9,2.6,1.6
1642419,Jamison,Battle,1610612761,TOR,Raptors,Toronto,-0.009718,0.035814,0.02609,0.003402,-0.015316,0.011878,0.006652,0.005932,50,8.8,3.0,1.5,0.4
1641738,Kobe,Brown,1610612754,IND,Pacers,Indiana,-0.0234019607,0.0493117647,0.0259058823,-0.0056431372,-0.0274509803,0.0194156862,0.0193,0.0103607843,51,13.9,4.8,2.7,1.0
1642848,Tre,Johnson,1610612764,WAS,Wizards,Washington,-0.0689807142,0.0936385714,0.0246560714,-0.0199096428,-0.0729258928,0.0230105357,0.0546678571,0.0207844642,56,24.0,12.4,2.8,2.0
1641712,Rayan,Rupert,1610612763,MEM,Grizzlies,Memphis,-0.0405293103,0.0650793103,0.0245568965,-0.0168293103,-0.025775862,0.018525862,0.0196741379,0.0195224137,58,14.9,4.2,2.4,0.8
1642847,Jeremiah,Fears,1610612740,NOP,Pelicans,New Orleans,-0.1067073239,0.1297401408,0.0230328169,-0.0434042253,-0.1229678873,0.0337183098,0.084722676,0.037596338,71,25.0,13.0,3.6,3.2
1641711,Gradey,Dick,1610612761,TOR,Raptors,Toronto,-0.03650625,0.058875,0.022375,-0.0172515625,-0.0288203125,0.016534375,0.021478125,0.00948125,64,15.0,6.3,2.1,0.7
1642877,Micah,Peavy,1610612740,NOP,Pelicans,New Orleans,-0.0309442307,0.0477538461,0.0168134615,-0.0320057692,-0.0129442307,0.0142,0.0234038461,0.0093807692,52,13.6,3.9,1.8,0.9
203903,Jordan,Clarkson,1610612752,NYK,Knicks,New York,-0.0415033333,0.0567583333,0.015245,-0.0069433333,-0.0495716666,0.013475,0.02955,0.00997,60,18.0,9.0,1.7,1.3
1642920,Kobe,Sanders,1610612746,LAC,Clippers,LA,-0.0586356896,0.0724681034,0.0138375862,-0.0111481034,-0.0566594827,0.0169967241,0.0302234482,0.0114734482,58,20.6,6.9,2.4,1.7
1642885,Mohamed,Diawara,1610612752,NYK,Knicks,New York,-0.0196915254,0.0311016949,0.0114050847,-0.0053322033,-0.0172322033,0.0078355932,0.010659322,0.0080338983,59,8.6,3.4,1.3,0.6
1642265,Rob,Dillingham,1610612741,CHI,Bulls,Chicago,-0.0551437735,0.0488501886,-0.0062954716,-0.0341650943,-0.0554566037,0.0159822641,0.0462624528,0.0073049056,53,13.2,5.2,1.8,2.2
