PLAYER_ID,PLAYER_NAME,TEAM_ID,TEAM_ABBREVIATION,GP,W,L,MIN,TOUCHES,PAINT_TOUCHES,PAINT_TOUCH_FGM,PAINT_TOUCH_FGA,PAINT_TOUCH_FG_PCT,PAINT_TOUCH_FTM,PAINT_TOUCH_FTA,PAINT_TOUCH_FT_PCT,PAINT_TOUCH_PTS,PAINT_TOUCH_PTS_PCT,PAINT_TOUCH_PASSES,PAINT_TOUCH_PASSES_PCT,PAINT_TOUCH_AST,PAINT_TOUCH_AST_PCT,PAINT_TOUCH_TOV,PAINT_TOUCH_TOV_PCT,PAINT_TOUCH_FOULS,PAINT_TOUCH_FOULS_PCT
1630639,A.J. Lawson,1610612761,TOR,14,6,8,110.0,143,12,4,4,1.0,2,2,1.0,11,0.917,6,0.5,1,0.083,1,0.083,1,0.083
1631260,AJ Green,1610612749,MIL,65,27,38,1866.0,2755,24,6,11,0.545,0,0,0.0,12,0.5,13,0.542,5,0.208,0,0.0,0,0.0
1642358,AJ Johnson,1610612742,DAL,40,7,33,353.0,554,17,5,7,0.714,5,6,0.833,16,0.941,4,0.235,2,0.118,3,0.176,3,0.176
203932,Aaron Gordon,1610612743,DEN,28,19,9,768.0,1322,122,56,82,0.683,15,22,0.682,133,1.09,24,0.197,6,0.049,4,0.033,11,0.09
1628988,Aaron Holiday,1610612745,HOU,43,27,16,558.0,803,2,0,2,0.0,0,0,0.0,0,0.0,0,0.0,0,0.0,0,0.0,0,0.0
1630174,Aaron Nesmith,1610612754,IND,41,9,32,1207.0,2044,41,8,20,0.4,4,6,0.667,21,0.512,16,0.39,2,0.049,0,0.0,3,0.073
1630598,Aaron Wiggins,1610612760,OKC,55,42,13,1258.0,1940,69,30,40,0.75,5,8,0.625,66,0.957,16,0.232,1,0.014,3,0.043,4,0.058
1642846,Ace Bailey,1610612762,UTA,61,18,43,1636.0,1912,126,53,78,0.679,15,20,0.75,121,0.96,27,0.214,3,0.024,7,0.056,9,0.071
1641737,Adem Bona,1610612755,PHI,59,33,26,1025.0,983,195,73,122,0.598,26,32,0.813,171,0.877,33,0.169,3,0.015,19,0.097,17,0.087
1642876,Adou Thiero,1610612747,LAL,19,11,8,104.0,127,14,4,8,0.5,0,0,0.0,8,0.571,5,0.357,2,0.143,0,0.0,0,0.0
1642349,Ajay Mitchell,1610612760,OKC,48,42,6,1266.0,2249,45,20,27,0.741,0,0,0.0,40,0.889,12,0.267,2,0.044,3,0.067,0,0.0
201143,Al Horford,1610612744,GSW,43,22,21,933.0,1889,115,28,49,0.571,9,10,0.9,66,0.574,51,0.443,14,0.122,8,0.07,5,0.043
1627936,Alex Caruso,1610612760,OKC,47,39,8,867.0,1430,47,14,23,0.609,1,2,0.5,29,0.617,20,0.426,3,0.064,3,0.064,1,0.021
1631457,Alex Morales,1610612753,ORL,1,0,1,12.0,16,1,0,0,0.0,0,0,0.0,0,0.0,0,0.0,0,0.0,1,1.0,0,0.0
1642259,Alex Sarr,1610612764,WAS,46,11,35,1260.0,2628,260,114,177,0.644,29,48,0.604,264,1.015,31,0.119,5,0.019,14,0.054,24,0.092
1642918,Alijah Martin,1610612761,TOR,16,6,10,102.0,133,10,1,2,0.5,2,2,1.0,4,0.4,5,0.5,1,0.1,1,0.1,1,0.1
1631214,Alondes Williams,1610612764,WAS,4,2,2,101.0,116,9,5,5,1.0,2,2,1.0,12,1.333,2,0.222,0,0.0,1,0.111,1,0.111
1630578,Alperen Sengun,1610612745,HOU,59,36,23,1975.0,4228,375,114,196,0.582,28,44,0.636,270,0.72,128,0.341,42,0.112,12,0.032,21,0.056
1642873,Amari Williams,1610612738,BOS,19,13,6,120.0,144,21,6,13,0.462,2,4,0.5,15,0.714,5,0.238,1,0.048,0,0.0,2,0.095
1641708,Amen Thompson,1610612745,HOU,66,39,27,2453.0,4811,441,147,215,0.684,43,60,0.717,348,0.789,155,0.351,37,0.084,26,0.059,28,0.063
1629599,Amir Coffey,1610612756,PHX,43,18,25,437.0,405,12,3,3,1.0,0,0,0.0,6,0.5,7,0.583,2,0.167,0,0.0,2,0.167
1643158,Andersson Garcia,1610612762,UTA,5,1,4,169.0,209,26,3,7,0.429,0,0,0.0,6,0.231,15,0.577,1,0.038,3,0.115,0,0.0
203083,Andre Drummond,1610612755,PHI,51,25,26,1015.0,1148,253,92,168,0.548,21,38,0.553,209,0.826,46,0.182,7,0.028,15,0.059,17,0.067
1641748,Andre Jackson Jr.,1610612749,MIL,37,10,27,219.0,442,29,5,11,0.455,2,2,1.0,12,0.414,14,0.483,1,0.034,2,0.069,1,0.034
1629614,Andrew Nembhard,1610612754,IND,52,11,41,1621.0,4532,30,11,18,0.611,0,0,0.0,22,0.733,9,0.3,2,0.067,1,0.033,0,0.0
203952,Andrew Wiggins,1610612748,MIA,57,30,27,1765.0,2576,135,58,92,0.63,7,10,0.7,129,0.956,29,0.215,6,0.044,6,0.044,5,0.037
1629014,Anfernee Simons,1610612741,CHI,55,31,24,1372.0,2456,22,6,8,0.75,0,0,0.0,13,0.591,13,0.591,0,0.0,1,0.045,0,0.0
1641710,Anthony Black,1610612753,ORL,60,33,27,1841.0,3507,93,43,59,0.729,9,10,0.9,97,1.043,23,0.247,6,0.065,4,0.043,5,0.054
203076,Anthony Davis,1610612764,WAS,20,10,10,626.0,1187,156,76,113,0.673,20,28,0.714,175,1.122,12,0.077,5,0.032,11,0.071,14,0.09
1630162,Anthony Edwards,1610612750,MIN,58,35,23,2061.0,4295,52,18,35,0.514,9,10,0.9,43,0.827,8,0.154,3,0.058,2,0.038,5,0.096
1630264,Anthony Gill,1610612764,WAS,42,5,37,568.0,709,84,32,48,0.667,2,4,0.5,67,0.798,27,0.321,3,0.036,4,0.048,2,0.024
1641810,Antonio Reeves,1610612766,CHA,9,3,6,66.0,69,2,0,0,0.0,0,0,0.0,0,0.0,2,1.0,0,0.0,0,0.0,0,0.0
1630574,Ariel Hukporti,1610612752,NYK,48,31,17,430.0,423,105,25,38,0.658,14,18,0.778,65,0.619,44,0.419,5,0.048,8,0.076,9,0.086
1642854,Asa Newell,1610612737,ATL,40,20,20,445.0,567,60,26,37,0.703,3,6,0.5,57,0.95,15,0.25,3,0.05,2,0.033,3,0.05
1641709,Ausar Thompson,1610612765,DET,60,43,17,1535.0,2447,268,92,151,0.609,10,26,0.385,197,0.735,85,0.317,22,0.082,13,0.049,11,0.041
1630559,Austin Reaves,1610612747,LAL,44,31,13,1513.0,3187,36,11,15,0.733,4,4,1.0,27,0.75,14,0.389,4,0.111,3,0.083,2,0.056
1630245,Ayo Dosunmu,1610612750,MIN,61,32,29,1615.0,3122,54,16,29,0.552,10,12,0.833,42,0.778,15,0.278,2,0.037,1,0.019,6,0.111
1628389,Bam Adebayo,1610612748,MIA,61,32,29,1949.0,3446,261,104,157,0.662,33,42,0.786,245,0.939,62,0.238,7,0.027,9,0.034,21,0.08
1631248,Baylor Scheierman,1610612738,BOS,64,44,20,1115.0,1277,30,6,8,0.75,0,0,0.0,12,0.4,19,0.633,2,0.067,1,0.033,0,0.0
1642879,Ben Saraf,1610612751,BKN,32,8,24,587.0,1355,20,3,8,0.375,2,2,1.0,8,0.4,9,0.45,1,0.05,1,0.05,1,0.05
1641767,Ben Sheppard,1610612754,IND,58,13,45,1245.0,1993,47,10,18,0.556,4,6,0.667,24,0.511,25,0.532,2,0.043,0,0.0,3,0.064
1631097,Bennedict Mathurin,1610612746,LAC,44,16,28,1372.0,2365,111,44,61,0.721,31,35,0.886,121,1.09,24,0.216,3,0.027,3,0.027,16,0.144
1643016,Bez Mbeng,1610612762,UTA,4,1,3,122.0,155,3,1,2,0.5,0,0,0.0,2,0.667,1,0.333,0,0.0,0,0.0,0,0.0
1641731,Bilal Coulibaly,1610612764,WAS,47,13,34,1252.0,2129,97,38,55,0.691,12,18,0.667,91,0.938,23,0.237,4,0.041,7,0.072,9,0.093
202687,Bismack Biyombo,1610612759,SAS,20,16,4,117.0,137,18,5,9,0.556,1,2,0.5,11,0.611,4,0.222,0,0.0,2,0.111,1,0.056
1642396,Blake Hinson,1610612762,UTA,10,3,7,202.0,237,10,3,7,0.429,0,0,0.0,6,0.6,2,0.2,1,0.1,1,0.1,0,0.0
1631104,Blake Wesley,1610612757,POR,23,14,9,301.0,659,11,3,6,0.5,0,0,0.0,6,0.545,4,0.364,1,0.091,1,0.091,0,0.0
1626171,Bobby Portis,1610612749,MIL,66,26,40,1600.0,3043,180,77,124,0.621,10,14,0.714,167,0.928,38,0.211,8,0.044,7,0.039,6,0.033
1641752,Bobi Klintman,1610612765,DET,11,7,4,69.0,97,8,0,3,0.0,0,0,0.0,0,0.0,4,0.5,1,0.125,0,0.0,0,0.0
203992,Bogdan Bogdanović,1610612746,LAC,20,5,15,421.0,743,6,2,4,0.5,0,0,0.0,4,0.667,1,0.167,1,0.167,1,0.167,0,0.0
1630538,Bones Hyland,1610612750,MIN,61,38,23,925.0,2184,19,4,7,0.571,0,0,0.0,8,0.421,11,0.579,2,0.105,1,0.053,0,0.0
203078,Bradley Beal,1610612746,LAC,6,2,4,121.0,177,7,2,4,0.5,4,4,1.0,8,1.143,1,0.143,1,0.143,0,0.0,2,0.286
1642382,Branden Carlson,1610612760,OKC,35,27,8,376.0,523,83,42,54,0.778,3,6,0.5,88,1.06,20,0.241,7,0.084,5,0.06,3,0.036
1641764,Brandin Podziemski,1610612744,GSW,69,33,36,1941.0,4156,112,31,47,0.66,5,6,0.833,68,0.607,51,0.455,9,0.08,5,0.045,3,0.027
1629634,Brandon Clarke,1610612763,MEM,2,1,1,20.0,27,5,2,4,0.5,0,0,0.0,4,0.8,1,0.2,1,0.2,0,0.0,0,0.0
1627742,Brandon Ingram,1610612761,TOR,66,38,28,2251.0,3687,110,43,61,0.705,18,22,0.818,105,0.955,27,0.245,7,0.064,5,0.045,10,0.091
1641706,Brandon Miller,1610612766,CHA,53,33,20,1596.0,3155,103,41,55,0.745,3,4,0.75,86,0.835,36,0.35,7,0.068,7,0.068,2,0.019
1630314,Brandon Williams,1610612742,DAL,60,21,39,1320.0,2884,35,8,11,0.727,5,6,0.833,22,0.629,18,0.514,4,0.114,1,0.029,3,0.086
1641729,Brice Sensabaugh,1610612762,UTA,66,18,48,1497.0,2241,55,13,29,0.448,7,8,0.875,35,0.636,15,0.273,1,0.018,2,0.036,5,0.091
1642355,Bronny James,1610612747,LAL,32,17,15,224.0,415,9,3,4,0.75,0,0,0.0,6,0.667,4,0.444,0,0.0,1,0.111,0,0.0
201572,Brook Lopez,1610612746,LAC,63,33,30,1302.0,1512,102,35,58,0.603,15,20,0.75,87,0.853,24,0.235,4,0.039,7,0.069,9,0.088
1642964,Brooks Barnhizer,1610612760,OKC,34,25,9,271.0,289,16,4,6,0.667,0,0,0.0,8,0.5,8,0.5,0,0.0,1,0.063,0,0.0
1628971,Bruce Brown,1610612743,DEN,70,42,28,1726.0,2599,171,54,98,0.551,19,24,0.792,132,0.772,45,0.263,9,0.053,12,0.07,13,0.076
1631121,Bryce McGowens,1610612740,NOP,42,14,28,880.0,1147,22,8,10,0.8,7,8,0.875,23,1.045,6,0.273,1,0.045,2,0.091,4,0.182
1642267,Bub Carrington,1610612764,WAS,69,16,53,1900.0,4079,35,8,13,0.615,1,4,0.25,18,0.514,17,0.486,6,0.171,1,0.029,2,0.057
1631205,Buddy Boeheim,1610612760,OKC,4,2,2,15.0,12,0,0,0,0.0,0,0,0.0,0,0.0,0,0.0,0,0.0,0,0.0,0,0.0
1627741,Buddy Hield,1610612737,ATL,46,22,24,775.0,1407,43,17,26,0.654,4,6,0.667,38,0.884,13,0.302,2,0.047,1,0.023,3,0.07
203468,CJ McCollum,1610612737,ATL,64,29,35,1909.0,3668,44,11,14,0.786,4,4,1.0,27,0.614,26,0.591,6,0.136,2,0.045,2,0.045
1630595,Cade Cunningham,1610612765,DET,61,44,17,2096.0,5502,89,25,45,0.556,19,22,0.864,70,0.787,28,0.315,10,0.112,3,0.034,11,0.124
1631216,Caleb Houstan,1610612737,ATL,14,9,5,59.0,63,4,0,1,0.0,0,0,0.0,0,0.0,3,0.75,0,0.0,0,0.0,0,0.0
1631126,Caleb Love,1610612757,POR,45,21,24,999.0,1828,13,5,6,0.833,2,2,1.0,12,0.923,6,0.462,0,0.0,0,0.0,1,0.077
1628997,Caleb Martin,1610612742,DAL,58,20,38,856.0,1040,31,5,8,0.625,0,0,0.0,10,0.323,19,0.613,2,0.065,3,0.097,0,0.0
1642353,Cam Christie,1610612746,LAC,47,22,25,434.0,651,28,8,16,0.5,3,4,0.75,19,0.679,9,0.321,0,0.0,0,0.0,2,0.071
1642285,Cam Spencer,1610612763,MEM,65,23,42,1546.0,3485,49,12,18,0.667,2,2,1.0,27,0.551,23,0.469,7,0.143,6,0.122,1,0.02
1630560,Cam Thomas,1610612749,MIL,41,11,30,865.0,1677,15,6,10,0.6,1,2,0.5,14,0.933,1,0.067,0,0.0,1,0.067,1,0.067
1641715,Cam Whitmore,1610612764,WAS,21,3,18,354.0,432,48,22,36,0.611,3,4,0.75,48,1.0,5,0.104,0,0.0,3,0.063,2,0.042
1629661,Cameron Johnson,1610612743,DEN,44,27,17,1340.0,1676,44,19,24,0.792,1,2,0.5,40,0.909,16,0.364,1,0.023,1,0.023,1,0.023
1626166,Cameron Payne,1610612755,PHI,15,7,8,260.0,621,3,1,2,0.5,0,0,0.0,2,0.667,1,0.333,0,0.0,0,0.0,0,0.0
1627747,Caris LeVert,1610612765,DET,49,35,14,953.0,1698,36,10,15,0.667,6,8,0.75,27,0.75,13,0.361,1,0.028,3,0.083,3,0.083
1642868,Carter Bryant,1610612759,SAS,59,46,13,620.0,737,45,16,23,0.696,4,6,0.667,36,0.8,17,0.378,1,0.022,0,0.0,3,0.067
1641717,Cason Wallace,1610612760,OKC,67,52,15,1826.0,2569,79,22,33,0.667,2,4,0.5,46,0.582,37,0.468,10,0.127,4,0.051,1,0.013
1642907,Cedric Coward,1610612763,MEM,54,19,35,1403.0,2994,134,50,69,0.725,21,24,0.875,125,0.933,41,0.306,5,0.037,8,0.06,11,0.082
1643052,Chaney Johnson,1610612751,BKN,6,1,5,123.0,179,21,6,8,0.75,4,4,1.0,16,0.762,9,0.429,2,0.095,1,0.048,2,0.095
1629646,Charles Bassey,1610612738,BOS,4,1,3,37.0,41,12,4,7,0.571,1,2,0.5,9,0.75,4,0.333,2,0.167,0,0.0,1,0.083
1642404,Chaz Lanier,1610612765,DET,25,21,4,193.0,192,1,0,0,0.0,0,0,0.0,0,0.0,1,1.0,0,0.0,0,0.0,0,0.0
1631096,Chet Holmgren,1610612760,OKC,60,48,12,1759.0,2771,336,165,220,0.75,41,52,0.788,378,1.125,49,0.146,8,0.024,19,0.057,23,0.068
1628449,Chris Boucher,1610612738,BOS,9,4,5,94.0,113,7,4,5,0.8,0,0,0.0,8,1.143,1,0.143,0,0.0,0,0.0,0,0.0
1641753,Chris Livingston,1610612739,CLE,3,2,1,17.0,21,0,0,0,0.0,0,0,0.0,0,0.0,0,0.0,0,0.0,0,0.0,0,0.0
1643024,Chris Mañon,1610612747,LAL,6,2,4,25.0,31,3,0,0,0.0,0,0,0.0,0,0.0,3,1.0,0,0.0,0,0.0,0,0.0
101108,Chris Paul,1610612746,LAC,16,4,12,228.0,510,4,0,2,0.0,0,0,0.0,0,0.0,2,0.5,1,0.25,0,0.0,0,0.0
1642959,Chris Youngblood,1610612757,POR,32,27,5,174.0,171,3,1,1,1.0,2,2,1.0,4,1.333,1,0.333,0,0.0,0,0.0,0,0.0
1631128,Christian Braun,1610612743,DEN,34,19,15,1088.0,1647,134,44,65,0.677,17,20,0.85,109,0.813,46,0.343,10,0.075,5,0.037,8,0.06
1631132,Christian Koloko,1610612737,ATL,23,13,10,314.0,354,93,20,40,0.5,4,4,1.0,44,0.473,39,0.419,8,0.086,8,0.086,2,0.022
1642935,Chucky Hepburn,1610612761,TOR,2,0,2,13.0,31,0,0,0,0.0,0,0,0.0,0,0.0,0,0.0,0,0.0,0,0.0,0,0.0
203991,Clint Capela,1610612745,HOU,62,37,25,776.0,964,255,86,160,0.538,21,28,0.75,197,0.773,60,0.235,9,0.035,11,0.043,16,0.063
1629632,Coby White,1610612766,CHA,39,21,18,1043.0,2161,11,4,5,0.8,0,0,0.0,9,0.818,5,0.455,0,0.0,0,0.0,0,0.0
1628998,Cody Martin,1610612754,IND,4,0,4,55.0,73,2,0,1,0.0,0,0,0.0,0,0.0,1,0.5,1,0.5,0,0.0,0,0.0
1642262,Cody Williams,1610612762,UTA,56,15,41,1244.0,1474,107,44,61,0.721,4,6,0.667,92,0.86,31,0.29,4,0.037,9,0.084,3,0.028
1641732,Colby Jones,1610612765,DET,1,0,1,7.0,11,0,0,0,0.0,0,0,0.0,0,0.0,0,0.0,0,0.0,0,0.0,0,0.0
1630175,Cole Anthony,1610612749,MIL,35,12,23,527.0,1285,11,2,4,0.5,2,2,1.0,6,0.545,6,0.545,0,0.0,0,0.0,1,0.091
1630658,Colin Castleton,1610612753,ORL,1,0,1,10.0,15,3,1,2,0.5,0,0,0.0,2,0.667,1,0.333,1,0.333,0,0.0,0,0.0
1631221,Collin Gillespie,1610612756,PHX,69,38,31,1998.0,4222,71,9,13,0.692,0,0,0.0,19,0.268,47,0.662,17,0.239,6,0.085,0,0.0
1642867,Collin Murray-Boyles,1610612761,TOR,47,25,22,1046.0,1575,310,83,135,0.615,17,28,0.607,184,0.594,136,0.439,27,0.087,18,0.058,14,0.045
1629012,Collin Sexton,1610612741,CHI,56,22,34,1275.0,2666,46,16,24,0.667,4,4,1.0,37,0.804,14,0.304,0,0.0,2,0.043,1,0.022
1642843,Cooper Flagg,1610612742,DAL,58,19,39,1946.0,3892,112,53,73,0.726,6,10,0.6,117,1.045,25,0.223,4,0.036,3,0.027,5,0.045
1630557,Corey Kispert,1610612737,ATL,48,21,27,933.0,1234,42,23,31,0.742,4,6,0.667,51,1.214,7,0.167,2,0.048,1,0.024,3,0.071
1642504,Cormac Ryan,1610612749,MIL,1,0,1,8.0,10,0,0,0,0.0,0,0,0.0,0,0.0,0,0.0,0,0.0,0,0.0,0,0.0
1641854,Craig Porter Jr.,1610612739,CLE,58,39,19,1024.0,1998,85,15,25,0.6,0,0,0.0,30,0.353,53,0.624,17,0.2,4,0.047,0,0.0
1642938,Curtis Jones,1610612743,DEN,6,4,2,31.0,46,1,1,1,1.0,0,0,0.0,2,2.0,0,0.0,0,0.0,0,0.0,0,0.0
1626156,D'Angelo Russell,1610612764,WAS,26,9,17,495.0,1209,10,3,6,0.5,0,0,0.0,6,0.6,2,0.2,0,0.0,2,0.2,0,0.0
1641747,DaRon Holmes II,1610612743,DEN,19,11,8,194.0,251,18,2,6,0.333,3,4,0.75,7,0.389,7,0.389,0,0.0,0,0.0,0,0.0
1631342,Daeqwon Plowden,1610612758,SAC,21,6,15,514.0,639,31,15,21,0.714,4,4,1.0,34,1.097,8,0.258,2,0.065,0,0.0,2,0.065
1630625,Dalano Banton,1610612738,BOS,5,3,2,25.0,51,1,1,1,1.0,0,0,0.0,2,2.0,0,0.0,0,0.0,0,0.0,0,0.0
1631207,Dalen Terry,1610612755,PHI,43,18,25,511.0,865,28,5,12,0.417,0,0,0.0,10,0.357,11,0.393,2,0.071,5,0.179,0,0.0
1642261,Dalton Knecht,1610612747,LAL,48,29,19,509.0,645,21,10,16,0.625,4,4,1.0,24,1.143,3,0.143,1,0.048,0,0.0,2,0.095
1629655,Daniel Gafford,1610612742,DAL,49,11,38,1062.0,1374,290,134,189,0.709,40,53,0.755,317,1.093,47,0.162,7,0.024,13,0.045,26,0.09
1642450,Daniss Jenkins,1610612765,DET,59,44,15,1040.0,2282,27,12,16,0.75,2,2,1.0,27,1.0,9,0.333,4,0.148,0,0.0,1,0.037
1642874,Danny Wolf,1610612751,BKN,55,14,41,1150.0,1956,90,24,39,0.615,21,24,0.875,70,0.778,32,0.356,8,0.089,3,0.033,11,0.122
203967,Dario Saric,1610612758,SAC,5,1,4,41.0,40,3,0,2,0.0,0,0,0.0,0,0.0,1,0.333,0,0.0,0,0.0,0,0.0
1642468,Darius Brown,1610612739,CLE,1,1,0,3.0,5,0,0,0,0.0,0,0,0.0,0,0.0,0,0.0,0,0.0,0,0.0,0,0.0
1629636,Darius Garland,1610612746,LAC,34,18,16,1010.0,2248,19,6,9,0.667,0,0,0.0,12,0.632,8,0.421,2,0.105,1,0.053,0,0.0
1642357,David Jones Garcia,1610612759,SAS,11,7,4,68.0,132,2,1,2,0.5,0,0,0.0,2,1.0,0,0.0,0,0.0,0,0.0,0,0.0
1631223,David Roddy,1610612743,DEN,2,1,1,12.0,31,1,0,1,0.0,0,0,0.0,0,0.0,0,0.0,0,0.0,0,0.0,0,0.0
1630558,Davion Mitchell,1610612748,MIA,59,33,26,1667.0,3818,19,2,4,0.5,0,0,0.0,4,0.211,12,0.632,2,0.105,2,0.105,0,0.0
1630549,Day'Ron Sharpe,1610612751,BKN,62,17,45,1160.0,2177,422,165,246,0.671,64,92,0.696,401,0.95,84,0.199,28,0.066,28,0.066,42,0.1
1628368,De'Aaron Fox,1610612759,SAS,61,46,15,1916.0,4074,48,21,29,0.724,2,2,1.0,45,0.938,14,0.292,2,0.042,3,0.063,1,0.021
1629631,De'Andre Hunter,1610612758,SAC,45,24,21,1175.0,1836,58,22,32,0.688,7,10,0.7,51,0.879,11,0.19,1,0.017,5,0.086,5,0.086
1629001,De'Anthony Melton,1610612744,GSW,38,19,19,866.0,1923,62,18,34,0.529,0,0,0.0,36,0.581,19,0.306,4,0.065,7,0.113,0,0.0
201599,DeAndre Jordan,1610612740,NOP,10,6,4,163.0,190,38,15,20,0.75,4,8,0.5,35,0.921,9,0.237,3,0.079,3,0.079,3,0.079
1630610,DeJon Jarreau,1610612763,MEM,3,1,2,57.0,125,5,2,2,1.0,0,0,0.0,4,0.8,3,0.6,0,0.0,0,0.0,0,0.0
201942,DeMar DeRozan,1610612758,SAC,69,17,52,2184.0,2986,54,19,25,0.76,9,12,0.75,47,0.87,17,0.315,3,0.056,4,0.074,5,0.093
1629731,Dean Wade,1610612739,CLE,55,33,22,1235.0,1564,77,19,32,0.594,9,12,0.75,47,0.61,32,0.416,5,0.065,3,0.039,6,0.078
1629028,Deandre Ayton,1610612747,LAL,61,39,22,1682.0,2285,570,271,379,0.715,38,58,0.655,588,1.032,112,0.196,16,0.028,30,0.053,28,0.049
1627749,Dejounte Murray,1610612740,NOP,9,5,4,246.0,604,3,1,2,0.5,0,0,0.0,2,0.667,1,0.333,0,0.0,0,0.0,0,0.0
1630166,Deni Avdija,1610612757,POR,54,27,27,1802.0,4509,86,26,40,0.65,11,14,0.786,66,0.767,30,0.349,3,0.035,4,0.047,7,0.081
203471,Dennis Schröder,1610612739,CLE,59,21,38,1479.0,3498,13,1,2,0.5,3,4,0.75,5,0.385,9,0.692,2,0.154,0,0.0,2,0.154
1641726,Dereck Lively II,1610612742,DAL,7,3,4,115.0,170,33,11,15,0.733,6,8,0.75,28,0.848,10,0.303,0,0.0,2,0.061,4,0.121
1642852,Derik Queen,1610612740,NOP,70,25,45,1731.0,3449,194,85,126,0.675,26,30,0.867,199,1.026,33,0.17,9,0.046,13,0.067,15,0.077
1627884,Derrick Jones Jr.,1610612746,LAC,38,18,20,1039.0,1296,101,48,70,0.686,10,12,0.833,107,1.059,20,0.198,3,0.03,3,0.03,6,0.059
1628401,Derrick White,1610612738,BOS,66,44,22,2260.0,5264,73,16,26,0.615,4,4,1.0,36,0.493,38,0.521,9,0.123,5,0.068,2,0.027
1630217,Desmond Bane,1610612753,ORL,69,38,31,2356.0,4194,102,39,58,0.672,11,12,0.917,93,0.912,29,0.284,5,0.049,9,0.088,5,0.049
1626164,Devin Booker,1610612756,PHX,54,32,22,1810.0,3488,71,17,35,0.486,16,20,0.8,52,0.732,18,0.254,6,0.085,7,0.099,9,0.127
1642269,Devin Carter,1610612758,SAC,27,4,23,386.0,806,39,15,20,0.75,2,2,1.0,34,0.872,13,0.333,3,0.077,2,0.051,1,0.026
1630170,Devin Vassell,1610612759,SAS,56,43,13,1724.0,2410,25,5,9,0.556,2,2,1.0,12,0.48,14,0.56,4,0.16,1,0.04,1,0.04
1628415,Dillon Brooks,1610612756,PHX,50,30,20,1530.0,2156,45,15,26,0.577,8,10,0.8,40,0.889,9,0.2,3,0.067,3,0.067,6,0.133
1641794,Dillon Jones,1610612752,NYK,5,4,1,24.0,44,0,0,0,0.0,0,0,0.0,0,0.0,0,0.0,0,0.0,0,0.0,0,0.0
1627734,Domantas Sabonis,1610612758,SAC,19,3,16,564.0,1212,199,74,117,0.632,26,32,0.813,177,0.889,47,0.236,11,0.055,11,0.055,16,0.08
1631230,Dominick Barlow,1610612755,PHI,58,32,26,1415.0,1661,197,80,116,0.69,22,24,0.917,187,0.949,52,0.264,18,0.091,11,0.056,14,0.071
1642270,Donovan Clingan,1610612757,POR,65,33,32,1774.0,2723,590,207,320,0.647,72,108,0.667,500,0.847,157,0.266,34,0.058,34,0.058,53,0.09
1628378,Donovan Mitchell,1610612739,CLE,61,38,23,2043.0,4395,57,24,37,0.649,3,4,0.75,53,0.93,13,0.228,2,0.035,3,0.053,1,0.018
1628978,Donte DiVincenzo,1610612750,MIN,70,43,27,2155.0,3882,51,9,16,0.563,3,4,0.75,21,0.412,29,0.569,8,0.157,4,0.078,2,0.039
1627827,Dorian Finney-Smith,1610612745,HOU,32,20,12,562.0,670,37,8,16,0.5,2,2,1.0,18,0.486,18,0.486,3,0.081,1,0.027,1,0.027
203926,Doug McDermott,1610612758,SAC,18,4,14,220.0,294,3,1,1,1.0,0,0,0.0,2,0.667,2,0.667,0,0.0,0,0.0,0,0.0
1642962,Drake Powell,1610612751,BKN,52,13,39,1011.0,1391,16,7,12,0.583,4,4,1.0,18,1.125,2,0.125,0,0.0,0,0.0,1,0.063
203110,Draymond Green,1610612744,GSW,56,27,29,1524.0,3854,127,29,54,0.537,13,18,0.722,72,0.567,54,0.425,13,0.102,8,0.063,9,0.071
1629234,Drew Eubanks,1610612758,SAC,42,10,32,552.0,666,155,64,98,0.653,9,14,0.643,141,0.91,33,0.213,2,0.013,12,0.077,7,0.045
1641809,Drew Peterson,1610612766,CHA,6,1,5,64.0,78,3,0,0,0.0,0,0,0.0,0,0.0,3,1.0,0,0.0,0,0.0,0,0.0
1631166,Drew Timme,1610612747,LAL,21,13,8,179.0,262,19,10,12,0.833,2,2,1.0,22,1.158,6,0.316,1,0.053,0,0.0,1,0.053
1630696,Dru Smith,1610612748,MIA,66,36,30,1115.0,2267,73,15,30,0.5,9,10,0.9,40,0.548,29,0.397,3,0.041,2,0.027,4,0.055
1629130,Duncan Robinson,1610612765,DET,67,49,18,1847.0,2174,32,14,15,0.933,1,2,0.5,29,0.906,12,0.375,2,0.063,4,0.125,1,0.031
1641871,Duop Reath,1610612757,POR,32,16,16,258.0,305,17,6,10,0.6,0,0,0.0,14,0.824,5,0.294,1,0.059,2,0.118,0,0.0
203939,Dwight Powell,1610612742,DAL,53,16,37,713.0,839,146,33,50,0.66,21,32,0.656,93,0.637,67,0.459,7,0.048,7,0.048,16,0.11
1642928,Dylan Cardwell,1610612758,SAC,32,9,23,662.0,756,217,63,95,0.663,13,28,0.464,141,0.65,90,0.415,10,0.046,9,0.041,14,0.065
1642844,Dylan Harper,1610612759,SAS,57,43,14,1265.0,2661,49,16,29,0.552,3,4,0.75,36,0.735,15,0.306,4,0.082,1,0.02,2,0.041
1630700,Dyson Daniels,1610612737,ATL,65,37,28,2164.0,4241,323,116,172,0.674,8,12,0.667,241,0.746,117,0.362,27,0.084,15,0.046,5,0.015
1630604,E.J. Liddell,1610612751,BKN,16,2,14,122.0,167,7,3,3,1.0,0,0,0.0,7,1.0,3,0.429,1,0.143,1,0.143,0,0.0
1642856,Egor Dëmin,1610612751,BKN,52,14,38,1308.0,2810,23,7,12,0.583,3,4,0.75,17,0.739,8,0.348,2,0.087,1,0.043,2,0.087
1641989,Elijah Harkless,1610612762,UTA,21,5,16,380.0,601,7,2,4,0.5,1,2,0.5,6,0.857,2,0.286,0,0.0,0,0.0,1,0.143
1641801,Emanuel Miller,1610612759,SAS,5,0,5,33.0,44,3,2,3,0.667,0,0,0.0,4,1.333,0,0.0,0,0.0,0,0.0,0,0.0
1642402,Enrique Freeman,1610612750,MIN,2,1,1,8.0,8,0,0,0,0.0,0,0,0.0,0,0.0,0,0.0,0,0.0,0,0.0,0,0.0
201569,Eric Gordon,1610612755,PHI,6,3,3,74.0,103,1,0,0,0.0,0,0,0.0,0,0.0,1,1.0,1,1.0,0,0.0,0,0.0
1630679,Ethan Thompson,1610612754,IND,24,5,19,417.0,607,18,5,9,0.556,0,0,0.0,10,0.556,7,0.389,1,0.056,1,0.056,0,0.0
1630596,Evan Mobley,1610612739,CLE,55,33,22,1785.0,3641,399,162,218,0.743,40,72,0.556,369,0.925,95,0.238,16,0.04,28,0.07,32,0.08
1630532,Franz Wagner,1610612753,ORL,28,16,12,891.0,1606,77,27,52,0.519,8,10,0.8,62,0.805,14,0.182,2,0.026,4,0.052,4,0.052
1641713,GG Jackson,1610612763,MEM,46,15,31,952.0,1711,59,24,39,0.615,7,8,0.875,56,0.949,13,0.22,3,0.051,3,0.051,4,0.068
1629216,Gabe Vincent,1610612737,ATL,41,28,13,709.0,930,5,0,0,0.0,0,0,0.0,0,0.0,4,0.8,1,0.2,0,0.0,0,0.0
202066,Garrett Temple,1610612761,TOR,17,8,9,52.0,105,1,0,0,0.0,1,2,0.5,1,1.0,0,0.0,0,0.0,0,0.0,1,1.0
1629726,Garrison Mathews,1610612754,IND,15,4,11,196.0,255,1,0,0,0.0,0,0,0.0,0,0.0,1,1.0,1,1.0,0,0.0,0,0.0
203914,Gary Harris,1610612749,MIL,45,15,30,617.0,654,15,3,3,1.0,0,0,0.0,6,0.4,11,0.733,2,0.133,1,0.067,0,0.0
1627780,Gary Payton II,1610612744,GSW,62,29,33,907.0,1706,222,96,136,0.706,5,6,0.833,198,0.892,68,0.306,15,0.068,7,0.032,3,0.014
1629018,Gary Trent Jr.,1610612749,MIL,57,22,35,1192.0,1112,5,2,4,0.5,0,0,0.0,6,1.2,0,0.0,0,0.0,0,0.0,1,0.2
203507,Giannis Antetokounmpo,1610612749,MIL,36,17,19,1039.0,2553,248,109,147,0.741,46,76,0.605,267,1.077,31,0.125,10,0.04,12,0.048,34,0.137
1629048,Goga Bitadze,1610612753,ORL,51,27,24,761.0,1079,217,98,134,0.731,23,32,0.719,224,1.032,53,0.244,11,0.051,8,0.037,13,0.06
1641711,Gradey Dick,1610612761,TOR,64,36,28,959.0,1074,52,14,23,0.609,7,8,0.875,35,0.673,17,0.327,4,0.077,7,0.135,4,0.077
1641761,Grant Nelson,1610612751,BKN,4,0,4,35.0,59,15,3,4,0.75,2,4,0.5,8,0.533,6,0.4,1,0.067,2,0.133,2,0.133
1629684,Grant Williams,1610612766,CHA,26,18,8,508.0,706,39,6,8,0.75,5,6,0.833,18,0.462,24,0.615,3,0.077,2,0.051,3,0.077
1628960,Grayson Allen,1610612756,PHX,44,24,20,1312.0,2473,27,5,7,0.714,1,2,0.5,12,0.444,17,0.63,2,0.074,0,0.0,1,0.037
1627824,Guerschon Yabusele,1610612741,CHI,59,30,29,808.0,1141,74,12,26,0.462,6,8,0.75,30,0.405,35,0.473,6,0.081,5,0.068,4,0.054
1630611,Gui Santos,1610612744,GSW,58,26,32,1099.0,2041,145,44,64,0.688,18,25,0.72,109,0.752,57,0.393,15,0.103,7,0.048,14,0.097
203084,Harrison Barnes,1610612759,SAS,65,47,18,1723.0,2127,61,18,23,0.783,6,8,0.75,43,0.705,28,0.459,2,0.033,5,0.082,4,0.066
1631127,Harrison Ingram,1610612759,SAS,5,4,1,17.0,27,4,2,3,0.667,0,0,0.0,4,1.0,1,0.25,0,0.0,0,0.0,0,0.0
1629312,Haywood Highsmith,1610612756,PHX,6,3,3,80.0,92,6,1,2,0.5,2,2,1.0,5,0.833,3,0.5,1,0.167,0,0.0,1,0.167
1630529,Herbert Jones,1610612740,NOP,48,22,26,1388.0,2228,51,17,30,0.567,7,8,0.875,42,0.824,11,0.216,1,0.02,5,0.098,4,0.078
1642864,Hugo González,1610612738,BOS,64,43,21,980.0,1141,82,29,42,0.69,4,10,0.4,62,0.756,31,0.378,4,0.049,4,0.049,5,0.061
1630621,Hunter Dickinson,1610612740,NOP,1,0,1,5.0,7,1,0,1,0.0,0,0,0.0,0,0.0,0,0.0,0,0.0,0,0.0,0,0.0
1642282,Hunter Sallis,1610612755,PHI,7,3,4,26.0,62,0,0,0,0.0,0,0,0.0,0,0.0,0,0.0,0,0.0,0,0.0,0,0.0
1641816,Hunter Tyson,1610612743,DEN,21,15,6,162.0,212,6,1,2,0.5,0,0,0.0,2,0.333,3,0.5,2,0.333,1,0.167,0,0.0
1630193,Immanuel Quickley,1610612761,TOR,65,38,27,2114.0,4799,53,19,26,0.731,1,2,0.5,41,0.774,23,0.434,5,0.094,2,0.038,1,0.019
1642403,Isaac Jones,1610612765,DET,5,3,2,24.0,15,3,2,2,1.0,0,0,0.0,4,1.333,1,0.333,1,0.333,0,0.0,0,0.0
1630171,Isaac Okoro,1610612741,CHI,55,25,30,1480.0,1620,117,39,62,0.629,7,12,0.583,86,0.735,35,0.299,6,0.051,9,0.077,6,0.051
1642268,Isaiah Collier,1610612762,UTA,59,16,43,1517.0,4024,26,9,9,1.0,2,2,1.0,20,0.769,14,0.538,5,0.192,1,0.038,1,0.038
1642384,Isaiah Crawford,1610612745,HOU,11,5,6,67.0,51,3,0,1,0.0,0,0,0.0,0,0.0,1,0.333,1,0.333,1,0.333,0,0.0
1628392,Isaiah Hartenstein,1610612760,OKC,38,31,7,951.0,1791,329,116,173,0.671,31,48,0.646,272,0.827,101,0.307,23,0.07,17,0.052,25,0.076
1630543,Isaiah Jackson,1610612746,LAC,51,16,35,838.0,1103,251,95,151,0.629,31,44,0.705,224,0.892,54,0.215,7,0.028,17,0.068,21,0.084
1630198,Isaiah Joe,1610612760,OKC,61,47,14,1335.0,1775,34,5,8,0.625,6,6,1.0,16,0.471,15,0.441,5,0.147,7,0.206,3,0.088
1630587,Isaiah Livers,1610612756,PHX,34,20,14,333.0,363,30,5,11,0.455,3,4,0.75,13,0.433,16,0.533,4,0.133,1,0.033,2,0.067
1641815,Isaiah Stevens,1610612758,SAC,3,0,3,43.0,94,2,1,1,1.0,0,0,0.0,2,1.0,0,0.0,0,0.0,1,0.5,0,0.0
1630191,Isaiah Stewart,1610612765,DET,55,39,16,1273.0,1434,271,123,180,0.683,37,44,0.841,293,1.081,32,0.118,5,0.018,18,0.066,17,0.063
1627826,Ivica Zubac,1610612754,IND,48,17,31,1447.0,2304,524,190,320,0.594,46,71,0.648,437,0.834,110,0.21,22,0.042,29,0.055,34,0.065
1631120,JD Davison,1610612745,HOU,25,20,5,184.0,341,3,0,0,0.0,0,0,0.0,0,0.0,3,1.0,1,0.333,0,0.0,0,0.0
1629630,Ja Morant,1610612763,MEM,20,7,13,568.0,1431,18,7,8,0.875,0,0,0.0,14,0.778,7,0.389,1,0.056,2,0.111,0,0.0
1642266,Ja'Kobe Walter,1610612761,TOR,58,34,24,1096.0,1311,77,20,36,0.556,15,18,0.833,57,0.74,28,0.364,7,0.091,4,0.052,8,0.104
1631095,Jabari Smith Jr.,1610612745,HOU,64,38,26,2238.0,3241,163,61,97,0.629,24,28,0.857,147,0.902,37,0.227,9,0.055,7,0.043,13,0.08
1631133,Jabari Walker,1610612755,PHI,56,31,25,701.0,843,108,37,67,0.552,24,32,0.75,99,0.917,18,0.167,3,0.028,4,0.037,16,0.148
1631210,Jacob Toppin,1610612737,ATL,5,3,2,17.0,35,3,3,3,1.0,0,0,0.0,6,2.0,0,0.0,0,0.0,0,0.0,0,0.0
1630702,Jaden Hardy,1610612764,WAS,48,12,36,709.0,1026,5,3,3,1.0,0,0,0.0,6,1.2,2,0.4,0,0.0,0,0.0,0,0.0
1631093,Jaden Ivey,1610612741,CHI,37,23,14,670.0,1119,34,14,22,0.636,7,8,0.875,35,1.029,5,0.147,2,0.059,2,0.059,4,0.118
1630183,Jaden McDaniels,1610612750,MIN,68,41,27,2152.0,3166,114,50,70,0.714,7,8,0.875,110,0.965,30,0.263,3,0.026,8,0.07,3,0.026
1630256,Jae'Sean Tate,1610612745,HOU,34,24,10,287.0,372,36,15,20,0.75,2,2,1.0,33,0.917,11,0.306,1,0.028,1,0.028,1,0.028
1642942,Jahmai Mashack,1610612763,MEM,24,9,15,449.0,641,42,10,20,0.5,4,6,0.667,24,0.571,15,0.357,1,0.024,2,0.048,3,0.071
1642443,Jahmir Young,1610612748,MIA,11,8,3,51.0,113,3,0,1,0.0,0,0,0.0,0,0.0,1,0.333,0,0.0,0,0.0,0,0.0
1643141,Jahmyl Telfort,1610612746,LAC,8,2,6,32.0,30,0,0,0,0.0,0,0,0.0,0,0.0,0,0.0,0,0.0,0,0.0,0,0.0
1631170,Jaime Jaquez Jr.,1610612748,MIA,64,36,28,1830.0,4261,123,58,84,0.69,7,8,0.875,123,1.0,32,0.26,8,0.065,2,0.016,5,0.041
1631222,Jake LaRavia,1610612747,LAL,70,45,25,1732.0,2586,175,68,95,0.716,20,24,0.833,161,0.92,52,0.297,10,0.057,11,0.063,11,0.063
1627751,Jakob Poeltl,1610612761,TOR,33,20,13,845.0,1236,243,100,138,0.725,18,26,0.692,222,0.914,65,0.267,16,0.066,17,0.07,12,0.049
1628973,Jalen Brunson,1610612752,NYK,64,43,21,2231.0,5850,30,7,14,0.5,0,0,0.0,14,0.467,14,0.467,5,0.167,2,0.067,0,0.0
1631105,Jalen Duren,1610612765,DET,59,41,18,1637.0,2829,617,272,395,0.689,106,144,0.736,669,1.084,90,0.146,6,0.01,33,0.053,68,0.11
1630224,Jalen Green,1610612756,PHX,22,12,10,561.0,1036,12,4,7,0.571,0,0,0.0,9,0.75,4,0.333,0,0.0,0,0.0,0,0.0
1630552,Jalen Johnson,1610612737,ATL,62,36,26,2187.0,5590,184,84,119,0.706,32,38,0.842,204,1.109,36,0.196,11,0.06,6,0.033,19,0.103
1629618,Jalen Pickett,1610612743,DEN,44,28,16,736.0,1312,26,6,10,0.6,2,2,1.0,14,0.538,13,0.5,3,0.115,2,0.077,1,0.038
1641771,Jalen Slawson,1610612754,IND,5,0,5,128.0,208,9,1,2,0.5,4,4,1.0,6,0.667,2,0.222,0,0.0,3,0.333,2,0.222
1630188,Jalen Smith,1610612741,CHI,51,25,26,1064.0,1789,190,67,99,0.677,17,22,0.773,151,0.795,51,0.268,15,0.079,14,0.074,9,0.047
1630591,Jalen Suggs,1610612753,ORL,46,27,19,1234.0,2879,40,19,24,0.792,2,2,1.0,40,1.0,12,0.3,3,0.075,3,0.075,1,0.025
1631114,Jalen Williams,1610612760,OKC,26,19,7,755.0,1453,38,16,19,0.842,2,2,1.0,34,0.895,15,0.395,4,0.105,3,0.079,1,0.026
1630592,Jalen Wilson,1610612751,BKN,45,8,37,638.0,858,17,5,10,0.5,2,2,1.0,13,0.765,5,0.294,1,0.059,0,0.0,1,0.059
1631288,Jamal Cain,1610612753,ORL,27,15,12,215.0,252,21,4,9,0.444,9,10,0.9,17,0.81,5,0.238,1,0.048,2,0.095,4,0.19
1627750,Jamal Murray,1610612743,DEN,65,38,27,2273.0,4924,59,20,28,0.714,16,18,0.889,57,0.966,21,0.356,5,0.085,0,0.0,9,0.153
1642347,Jamal Shead,1610612761,TOR,68,39,29,1494.0,3292,38,8,16,0.5,4,4,1.0,20,0.526,15,0.395,5,0.132,4,0.105,1,0.026
1631123,Jamaree Bouyea,1610612756,PHX,36,18,18,527.0,984,11,3,4,0.75,1,4,0.25,7,0.636,4,0.364,1,0.091,0,0.0,2,0.182
201935,James Harden,1610612739,CLE,60,33,27,2097.0,4571,24,6,9,0.667,4,4,1.0,18,0.75,11,0.458,1,0.042,0,0.0,1,0.042
1630164,James Wiseman,1610612754,IND,4,0,4,58.0,61,13,5,7,0.714,0,0,0.0,10,0.769,2,0.154,0,0.0,3,0.231,0,0.0
1642364,Jamir Watkins,1610612764,WAS,37,9,28,699.0,828,42,13,17,0.765,6,8,0.75,32,0.762,18,0.429,3,0.071,2,0.048,4,0.095
1642419,Jamison Battle,1610612761,TOR,50,29,21,440.0,475,37,13,23,0.565,1,2,0.5,27,0.73,10,0.27,2,0.054,3,0.081,1,0.027
1641716,Jarace Walker,1610612754,IND,69,14,55,1765.0,2891,78,22,40,0.55,4,6,0.667,48,0.615,28,0.359,4,0.051,6,0.077,2,0.026
1642272,Jared McCain,1610612760,OKC,55,37,18,958.0,1652,13,1,3,0.333,2,2,1.0,5,0.385,8,0.615,0,0.0,1,0.077,1,0.077
1628991,Jaren Jackson Jr.,1610612762,UTA,48,19,29,1455.0,2340,124,43,84,0.512,23,24,0.958,110,0.887,13,0.105,3,0.024,3,0.024,11,0.089
1629020,Jarred Vanderbilt,1610612747,LAL,55,33,22,978.0,1257,135,40,67,0.597,6,8,0.75,86,0.637,49,0.363,12,0.089,12,0.089,4,0.03
1628386,Jarrett Allen,1610612739,CLE,51,33,18,1405.0,1968,482,204,290,0.703,77,108,0.713,487,1.01,90,0.187,15,0.031,24,0.05,48,0.1
1642859,Jase Richardson,1610612753,ORL,46,21,25,519.0,804,16,8,9,0.889,0,0,0.0,16,1.0,4,0.25,0,0.0,1,0.063,0,0.0
1642914,Javon Small,1610612763,MEM,33,12,21,626.0,1239,27,10,16,0.625,0,2,0.0,21,0.778,9,0.333,3,0.111,1,0.037,1,0.037
1631451,Javonte Cooke,1610612757,POR,19,6,13,94.0,175,6,4,5,0.8,0,0,0.0,8,1.333,0,0.0,0,0.0,0,0.0,0,0.0
1629750,Javonte Green,1610612765,DET,69,50,19,1224.0,1708,109,33,54,0.611,16,24,0.667,83,0.761,33,0.303,4,0.037,5,0.046,13,0.119
1629637,Jaxson Hayes,1610612747,LAL,58,38,20,1019.0,1124,316,131,181,0.724,50,68,0.735,315,0.997,76,0.241,8,0.025,6,0.019,29,0.092
1630643,Jay Huff,1610612754,IND,70,15,55,1448.0,2006,197,80,104,0.769,18,22,0.818,181,0.919,55,0.279,7,0.036,17,0.086,10,0.051
1627759,Jaylen Brown,1610612738,BOS,62,40,22,2116.0,4254,83,23,40,0.575,6,6,1.0,56,0.675,29,0.349,7,0.084,5,0.06,4,0.048
1641740,Jaylen Clark,1610612750,MIN,60,35,25,749.0,659,61,18,31,0.581,7,10,0.7,45,0.738,22,0.361,8,0.131,1,0.016,4,0.066
1642377,Jaylen Wells,1610612763,MEM,66,24,42,1756.0,2108,87,35,59,0.593,13,14,0.929,84,0.966,20,0.23,4,0.046,0,0.0,7,0.08
1631119,Jaylin Williams,1610612760,OKC,55,45,10,1120.0,2375,63,9,17,0.529,9,10,0.9,27,0.429,32,0.508,7,0.111,6,0.095,5,0.079
1642281,Jaylon Tyson,1610612739,CLE,64,40,24,1727.0,2578,188,64,108,0.593,13,20,0.65,142,0.755,62,0.33,11,0.059,6,0.032,10,0.053
1643257,Jayson Kent,1610612757,POR,1,1,0,3.0,3,1,1,1,1.0,0,0,0.0,2,2.0,0,0.0,0,0.0,0,0.0,0,0.0
1628369,Jayson Tatum,1610612738,BOS,6,5,1,176.0,393,11,4,8,0.5,3,4,0.75,11,1.0,1,0.091,0,0.0,0,0.0,2,0.182
201145,Jeff Green,1610612745,HOU,25,17,8,134.0,133,11,4,6,0.667,0,0,0.0,8,0.727,4,0.364,1,0.091,0,0.0,0,0.0
203924,Jerami Grant,1610612757,POR,54,25,29,1610.0,2519,58,27,36,0.75,7,8,0.875,66,1.138,15,0.259,2,0.034,2,0.034,4,0.069
1642847,Jeremiah Fears,1610612740,NOP,71,25,46,1774.0,3868,68,21,35,0.6,6,8,0.75,49,0.721,21,0.309,4,0.059,5,0.074,4,0.059
1630526,Jeremiah Robinson-Earl,1610612742,DAL,22,8,14,361.0,477,40,16,28,0.571,2,2,1.0,35,0.875,10,0.25,1,0.025,1,0.025,1,0.025
1631110,Jeremy Sochan,1610612752,NYK,39,27,12,416.0,599,77,27,44,0.614,3,6,0.5,58,0.753,22,0.286,3,0.039,5,0.065,3,0.039
1630579,Jericho Sims,1610612749,MIL,54,21,33,956.0,1290,217,75,88,0.852,8,16,0.5,161,0.742,102,0.47,20,0.092,13,0.06,7,0.032
1641724,Jett Howard,1610612753,ORL,47,25,22,598.0,660,13,4,9,0.444,3,4,0.75,11,0.846,1,0.077,0,0.0,0,0.0,1,0.077
1628975,Jevon Carter,1610612753,ORL,40,19,21,608.0,1122,10,2,4,0.5,0,0,0.0,5,0.5,5,0.5,0,0.0,0,0.0,0,0.0
202710,Jimmy Butler III,1610612744,GSW,38,23,15,1182.0,2441,246,74,111,0.667,44,52,0.846,200,0.813,90,0.366,20,0.081,7,0.028,27,0.11
1642866,Joan Beringer,1610612750,MIN,32,17,15,218.0,261,90,33,52,0.635,7,10,0.7,76,0.844,17,0.189,4,0.044,8,0.089,6,0.067
1629111,Jock Landale,1610612737,ATL,62,31,31,1370.0,1979,458,155,259,0.598,43,66,0.652,358,0.782,121,0.264,23,0.05,27,0.059,29,0.063
204060,Joe Ingles,1610612750,MIN,24,12,12,98.0,168,1,0,0,0.0,0,0,0.0,0,0.0,0,0.0,0,0.0,1,1.0,0,0.0
203954,Joel Embiid,1610612755,PHI,33,21,12,1029.0,2278,128,58,97,0.598,22,26,0.846,146,1.141,12,0.094,3,0.023,3,0.023,10,0.078
1628381,John Collins,1610612746,LAC,58,25,33,1596.0,2125,211,102,137,0.745,26,34,0.765,234,1.109,30,0.142,5,0.024,17,0.081,15,0.071
1629723,John Konchar,1610612762,UTA,44,17,27,759.0,1053,57,18,21,0.857,4,8,0.5,41,0.719,31,0.544,4,0.07,0,0.0,4,0.07
1642967,John Poulakidas,1610612742,DAL,3,1,2,47.0,54,1,0,0,0.0,0,0,0.0,0,0.0,1,1.0,1,1.0,0,0.0,0,0.0
1642910,John Tonje,1610612738,BOS,3,3,0,11.0,15,0,0,0,0.0,0,0,0.0,0,0.0,0,0.0,0,0.0,0,0.0,0,0.0
1641780,Johni Broome,1610612755,PHI,11,5,6,55.0,99,13,2,8,0.25,0,4,0.0,4,0.308,1,0.077,0,0.0,2,0.154,2,0.154
1642277,Johnny Furphy,1610612754,IND,35,10,25,643.0,958,68,19,28,0.679,3,6,0.5,43,0.632,32,0.471,5,0.074,3,0.044,4,0.059
1630548,Johnny Juzang,1610612750,MIN,21,13,8,88.0,121,5,3,3,1.0,0,0,0.0,6,1.2,2,0.4,1,0.2,0,0.0,0,0.0
202685,Jonas Valančiūnas,1610612743,DEN,58,35,23,773.0,1559,226,92,153,0.601,43,54,0.796,232,1.027,27,0.119,8,0.035,6,0.027,27,0.119
1628371,Jonathan Isaac,1610612753,ORL,52,29,23,521.0,613,91,28,46,0.609,13,18,0.722,70,0.769,22,0.242,3,0.033,6,0.066,8,0.088
1630228,Jonathan Kuminga,1610612737,ATL,26,15,11,612.0,1148,67,25,36,0.694,11,14,0.786,62,0.925,16,0.239,3,0.045,6,0.09,6,0.09
1642367,Jonathan Mogbo,1610612761,TOR,29,13,16,169.0,227,37,10,18,0.556,0,2,0.0,21,0.568,11,0.297,1,0.027,5,0.135,1,0.027
203903,Jordan Clarkson,1610612752,NYK,60,37,23,1078.0,1403,58,24,39,0.615,2,2,1.0,53,0.914,17,0.293,2,0.034,1,0.017,1,0.017
1630692,Jordan Goodwin,1610612756,PHX,60,34,26,1339.0,2351,111,34,69,0.493,8,12,0.667,79,0.712,28,0.252,9,0.081,6,0.054,5,0.045
1641722,Jordan Hawkins,1610612740,NOP,43,12,31,517.0,639,14,3,8,0.375,0,0,0.0,7,0.5,5,0.357,0,0.0,1,0.071,0,0.0
1629162,Jordan McLaughlin,1610612759,SAS,36,30,6,221.0,473,3,1,1,1.0,0,0,0.0,2,0.667,1,0.333,0,0.0,1,0.333,0,0.0
1641757,Jordan Miller,1610612746,LAC,49,29,20,1063.0,1614,71,30,42,0.714,17,18,0.944,79,1.113,16,0.225,2,0.028,3,0.042,9,0.127
1629673,Jordan Poole,1610612740,NOP,35,15,20,843.0,1587,8,4,6,0.667,0,0,0.0,8,1.0,2,0.25,0,0.0,0,0.0,0,0.0
1641775,Jordan Walsh,1610612738,BOS,58,38,20,998.0,1051,103,38,58,0.655,7,10,0.7,88,0.854,31,0.301,6,0.058,5,0.049,5,0.049
1630631,Jose Alvarado,1610612752,NYK,59,22,37,1202.0,2484,17,5,6,0.833,0,0,0.0,10,0.588,8,0.471,3,0.176,1,0.059,0,0.0
1630581,Josh Giddey,1610612741,CHI,48,20,28,1533.0,4495,82,22,36,0.611,5,6,0.833,53,0.646,36,0.439,7,0.085,4,0.049,4,0.049
1630182,Josh Green,1610612766,CHA,46,29,17,765.0,686,24,4,5,0.8,0,0,0.0,8,0.333,14,0.583,2,0.083,3,0.125,0,0.0
1628404,Josh Hart,1610612752,NYK,56,37,19,1678.0,3373,127,31,40,0.775,11,14,0.786,76,0.598,70,0.551,17,0.134,4,0.031,7,0.055
1631169,Josh Minott,1610612751,BKN,42,22,20,665.0,716,64,26,35,0.743,16,18,0.889,68,1.063,15,0.234,3,0.047,3,0.047,8,0.125
1629006,Josh Okogie,1610612745,HOU,65,39,26,1199.0,1241,92,16,34,0.471,9,12,0.75,41,0.446,42,0.457,9,0.098,7,0.076,6,0.065
201950,Jrue Holiday,1610612757,POR,41,20,21,1186.0,2786,98,21,33,0.636,3,4,0.75,47,0.48,54,0.551,16,0.163,7,0.071,2,0.02
1630577,Julian Champagnie,1610612759,SAS,70,52,18,1949.0,2625,80,37,46,0.804,2,4,0.5,76,0.95,20,0.25,1,0.013,10,0.125,2,0.025
1641763,Julian Phillips,1610612750,MIN,42,16,26,363.0,317,41,16,27,0.593,0,0,0.0,32,0.78,11,0.268,2,0.049,3,0.073,0,0.0
1642882,Julian Reese,1610612764,WAS,5,0,5,148.0,189,39,13,19,0.684,2,4,0.5,30,0.769,10,0.256,1,0.026,4,0.103,2,0.051
1631124,Julian Strawther,1610612743,DEN,46,27,19,691.0,966,16,8,9,0.889,1,2,0.5,17,1.063,3,0.188,0,0.0,2,0.125,1,0.063
203944,Julius Randle,1610612750,MIN,70,43,27,2309.0,4249,220,79,125,0.632,42,50,0.84,208,0.945,43,0.195,12,0.055,17,0.077,23,0.105
1630551,Justin Champagnie,1610612764,WAS,60,13,47,1167.0,1726,180,82,114,0.719,27,30,0.9,195,1.083,38,0.211,6,0.033,7,0.039,15,0.083
1642348,Justin Edwards,1610612755,PHI,52,30,22,794.0,1142,33,11,18,0.611,0,0,0.0,22,0.667,14,0.424,4,0.121,0,0.0,0,0.0
203994,Jusuf Nurkić,1610612762,UTA,41,14,27,1083.0,2372,243,88,153,0.575,19,44,0.432,198,0.815,47,0.193,8,0.033,13,0.053,21,0.086
1642354,KJ Simpson,1610612743,DEN,17,7,10,246.0,540,8,4,6,0.667,0,0,0.0,8,1.0,1,0.125,0,0.0,1,0.125,0,0.0
1642955,Kadary Richmond,1610612764,WAS,3,2,1,67.0,85,4,3,3,1.0,0,0,0.0,6,1.5,1,0.25,1,0.25,0,0.0,0,0.0
1642880,Kam Jones,1610612754,IND,30,4,26,463.0,904,14,5,5,1.0,0,0,0.0,10,0.714,8,0.571,1,0.071,1,0.071,0,0.0
1626157,Karl-Anthony Towns,1610612752,NYK,65,42,23,2031.0,3368,320,117,208,0.563,59,68,0.868,302,0.944,40,0.125,12,0.038,21,0.066,35,0.109
1631255,Karlo Matković,1610612740,NOP,57,24,33,828.0,944,144,68,84,0.81,13,16,0.813,149,1.035,39,0.271,8,0.056,10,0.069,6,0.042
1642857,Kasparas Jakučionis,1610612748,MIA,43,24,19,764.0,1398,35,7,15,0.467,2,2,1.0,16,0.457,15,0.429,3,0.086,4,0.114,1,0.029
202695,Kawhi Leonard,1610612746,LAC,54,30,24,1742.0,3133,106,50,68,0.735,17,19,0.895,122,1.151,22,0.208,9,0.085,3,0.028,8,0.075
1630811,Keaton Wallace,1610612737,ATL,47,27,20,478.0,1097,3,0,0,0.0,0,0,0.0,0,0.0,2,0.667,0,0.0,0,0.0,0,0.0
1631099,Keegan Murray,1610612758,SAC,23,5,18,793.0,1055,43,12,20,0.6,4,4,1.0,29,0.674,18,0.419,1,0.023,2,0.047,2,0.047
1642276,Kel'el Ware,1610612748,MIA,65,34,31,1480.0,2041,406,195,294,0.663,36,48,0.75,433,1.067,58,0.143,8,0.02,20,0.049,24,0.059
1629640,Keldon Johnson,1610612759,SAS,70,52,18,1621.0,2530,154,69,99,0.697,20,24,0.833,160,1.039,35,0.227,6,0.039,2,0.013,12,0.078
203482,Kelly Olynyk,1610612759,SAS,37,28,9,336.0,613,44,17,19,0.895,3,4,0.75,37,0.841,17,0.386,4,0.091,5,0.114,2,0.045
1626162,Kelly Oubre Jr.,1610612755,PHI,41,22,19,1330.0,1955,70,32,50,0.64,11,12,0.917,77,1.1,8,0.114,1,0.014,4,0.057,7,0.1
1629026,Kenrich Williams,1610612760,OKC,46,33,13,731.0,1021,72,27,39,0.692,0,0,0.0,57,0.792,27,0.375,3,0.042,2,0.028,0,0.0
203484,Kentavious Caldwell-Pope,1610612763,MEM,51,20,31,1088.0,2061,20,6,10,0.6,6,6,1.0,18,0.9,7,0.35,3,0.15,0,0.0,3,0.15
1631165,Keon Ellis,1610612739,CLE,61,23,38,1200.0,1466,45,10,15,0.667,5,6,0.833,25,0.556,21,0.467,4,0.089,5,0.111,2,0.044
1642352,Keshad Johnson,1610612748,MIA,25,13,12,203.0,365,30,9,19,0.474,5,6,0.833,23,0.767,8,0.267,0,0.0,0,0.0,3,0.1
1642933,Keshon Gilbert,1610612737,ATL,3,0,3,48.0,52,3,1,1,1.0,2,2,1.0,4,1.333,1,0.333,0,0.0,0,0.0,1,0.333
201142,Kevin Durant,1610612745,HOU,65,38,27,2373.0,4176,49,26,33,0.788,11,12,0.917,64,1.306,6,0.122,0,0.0,4,0.082,4,0.082
1628989,Kevin Huerter,1610612765,DET,58,32,26,1278.0,2149,88,47,66,0.712,4,8,0.5,99,1.125,16,0.182,2,0.023,0,0.0,4,0.045
201567,Kevin Love,1610612762,UTA,37,10,27,613.0,1129,59,14,36,0.389,10,12,0.833,39,0.661,13,0.22,2,0.034,3,0.051,5,0.085
1641755,Kevin McCullar Jr.,1610612752,NYK,20,11,9,130.0,216,11,4,7,0.571,0,2,0.0,8,0.727,3,0.273,0,0.0,0,0.0,1,0.091
1629645,Kevin Porter Jr.,1610612749,MIL,38,18,20,1261.0,3025,43,13,21,0.619,2,2,1.0,30,0.698,16,0.372,3,0.07,3,0.07,1,0.023
1626172,Kevon Looney,1610612740,NOP,18,2,16,251.0,407,53,19,29,0.655,4,4,1.0,42,0.792,20,0.377,6,0.113,2,0.038,2,0.038
1641718,Keyonte George,1610612762,UTA,54,16,38,1786.0,4252,35,16,23,0.696,6,8,0.75,39,1.114,7,0.2,1,0.029,0,0.0,4,0.114
1642863,Khaman Maluach,1610612756,PHX,35,17,18,260.0,309,69,26,41,0.634,6,8,0.75,58,0.841,15,0.217,1,0.014,6,0.087,3,0.043
203114,Khris Middleton,1610612742,DAL,52,16,36,1252.0,1745,56,15,29,0.517,8,10,0.8,39,0.696,19,0.339,3,0.054,1,0.018,4,0.071
1630165,Killian Hayes,1610612758,SAC,12,6,6,210.0,444,5,2,3,0.667,0,0,0.0,4,0.8,2,0.4,1,0.2,0,0.0,0,0.0
202691,Klay Thompson,1610612742,DAL,60,18,42,1315.0,1528,27,11,21,0.524,0,2,0.0,22,0.815,4,0.148,0,0.0,1,0.037,1,0.037
1641738,Kobe Brown,1610612754,IND,51,15,36,707.0,1026,70,20,34,0.588,10,12,0.833,50,0.714,24,0.343,2,0.029,4,0.057,6,0.086
1641723,Kobe Bufkin,1610612747,LAL,11,7,4,90.0,148,2,1,1,1.0,0,0,0.0,2,1.0,0,0.0,0,0.0,0,0.0,0,0.0
1642920,Kobe Sanders,1610612746,LAC,58,30,28,1192.0,1660,41,17,25,0.68,0,0,0.0,36,0.878,13,0.317,3,0.073,1,0.024,0,0.0
1642886,Koby Brea,1610612756,PHX,5,1,4,23.0,38,0,0,0,0.0,0,0,0.0,0,0.0,0,0.0,0,0.0,0,0.0,0,0.0
1642851,Kon Knueppel,1610612766,CHA,69,36,33,2189.0,3593,95,26,37,0.703,10,10,1.0,63,0.663,46,0.484,8,0.084,5,0.053,4,0.042
1627739,Kris Dunn,1610612746,LAC,70,34,36,1931.0,3665,107,28,43,0.651,4,4,1.0,60,0.561,58,0.542,16,0.15,2,0.019,0,0.0
1631200,Kris Murray,1610612757,POR,45,20,25,1069.0,924,117,26,47,0.553,12,14,0.857,67,0.573,50,0.427,9,0.077,7,0.06,7,0.06
204001,Kristaps Porziņģis,1610612744,GSW,23,10,13,544.0,904,114,39,60,0.65,32,40,0.8,114,1.0,13,0.114,1,0.009,5,0.044,20,0.175
203937,Kyle Anderson,1610612750,MIN,32,10,22,625.0,1060,59,20,31,0.645,4,10,0.4,44,0.746,17,0.288,5,0.085,4,0.068,5,0.085
1642271,Kyle Filipowski,1610612762,UTA,68,21,47,1558.0,2687,216,79,127,0.622,28,41,0.683,190,0.88,44,0.204,10,0.046,13,0.06,23,0.106
1628398,Kyle Kuzma,1610612749,MIL,64,27,37,1691.0,2807,156,65,109,0.596,10,18,0.556,142,0.91,31,0.199,10,0.064,4,0.026,8,0.051
200768,Kyle Lowry,1610612755,PHI,11,6,5,99.0,150,0,0,0,0.0,0,0,0.0,0,0.0,0,0.0,0,0.0,0,0.0,0,0.0
1642273,Kyshawn George,1610612764,WAS,48,10,38,1391.0,2798,50,18,25,0.72,4,4,1.0,41,0.82,18,0.36,5,0.1,0,0.0,2,0.04
1643018,LJ Cryer,1610612744,GSW,9,3,6,116.0,203,3,0,0,0.0,0,0,0.0,0,0.0,3,1.0,0,0.0,0,0.0,0,0.0
1630163,LaMelo Ball,1610612766,CHA,60,33,27,1654.0,4335,55,20,29,0.69,0,0,0.0,43,0.782,18,0.327,4,0.073,3,0.055,1,0.018
1642950,Lachlan Olbrich,1610612741,CHI,26,7,19,164.0,279,29,9,14,0.643,2,2,1.0,20,0.69,10,0.345,2,0.069,2,0.069,1,0.034
1629013,Landry Shamet,1610612752,NYK,45,29,16,1038.0,1252,34,12,15,0.8,2,2,1.0,28,0.824,16,0.471,4,0.118,2,0.059,0,0.0
1626204,Larry Nance Jr.,1610612739,CLE,29,21,8,353.0,450,52,12,30,0.4,0,0,0.0,24,0.462,16,0.308,2,0.038,3,0.058,0,0.0
1628374,Lauri Markkanen,1610612762,UTA,42,17,25,1443.0,2223,218,110,162,0.679,29,34,0.853,259,1.188,16,0.073,1,0.005,7,0.032,15,0.069
1643133,Lawson Lovering,1610612763,MEM,2,1,1,49.0,43,14,6,9,0.667,1,2,0.5,13,0.929,3,0.214,1,0.071,1,0.071,1,0.071
2544,LeBron James,1610612747,LAL,49,31,18,1635.0,3410,175,75,100,0.75,25,35,0.714,178,1.017,37,0.211,7,0.04,11,0.063,18,0.103
1641778,Leaky Black,1610612764,WAS,5,0,5,159.0,185,11,3,7,0.429,0,0,0.0,6,0.545,4,0.364,0,0.0,0,0.0,0,0.0
1631159,Leonard Miller,1610612741,CHI,34,15,19,387.0,583,47,25,30,0.833,1,2,0.5,53,1.128,13,0.277,3,0.064,2,0.043,1,0.021
1642862,Liam McNeeley,1610612766,CHA,28,10,18,342.0,434,9,2,3,0.667,0,0,0.0,4,0.444,5,0.556,1,0.111,1,0.111,0,0.0
1630322,Lindy Waters III,1610612759,SAS,35,26,9,245.0,343,4,1,1,1.0,0,0,0.0,2,0.5,3,0.75,0,0.0,0,0.0,0,0.0
1628366,Lonzo Ball,1610612739,CLE,35,19,16,728.0,1621,36,5,7,0.714,3,4,0.75,13,0.361,24,0.667,1,0.028,2,0.056,1,0.028
1629652,Luguentz Dort,1610612760,OKC,58,45,13,1612.0,1695,65,10,13,0.769,7,8,0.875,27,0.415,41,0.631,9,0.138,4,0.062,4,0.062
1629029,Luka Dončić,1610612747,LAL,58,39,19,2076.0,5139,56,16,25,0.64,13,20,0.65,45,0.804,13,0.232,2,0.036,5,0.089,9,0.161
1630568,Luka Garza,1610612738,BOS,59,39,20,923.0,1306,243,81,130,0.623,49,66,0.742,216,0.889,59,0.243,10,0.041,13,0.053,32,0.132
1628379,Luke Kennard,1610612747,LAL,66,37,29,1373.0,1754,37,13,19,0.684,2,2,1.0,28,0.757,15,0.405,7,0.189,0,0.0,1,0.027
1628436,Luke Kornet,1610612759,SAS,59,44,15,1244.0,1594,393,137,214,0.64,45,52,0.865,320,0.814,121,0.308,20,0.051,14,0.036,27,0.069
1631247,Luke Travers,1610612739,CLE,12,6,6,103.0,158,11,2,4,0.5,2,2,1.0,6,0.545,6,0.545,0,0.0,0,0.0,1,0.091
1630644,Mac McClung,1610612741,CHI,4,0,4,47.0,100,1,1,1,1.0,0,0,0.0,4,4.0,0,0.0,0,0.0,0,0.0,0,0.0
1641869,Malachi Smith,1610612751,BKN,3,0,3,45.0,79,3,0,1,0.0,0,0,0.0,0,0.0,2,0.667,0,0.0,0,0.0,0,0.0
1631103,Malaki Branham,1610612764,WAS,28,7,21,275.0,446,12,4,5,0.8,6,6,1.0,14,1.167,3,0.25,1,0.083,0,0.0,3,0.25
1642502,Malevy Leons,1610612744,GSW,16,5,11,146.0,197,30,7,13,0.538,0,0,0.0,14,0.467,13,0.433,4,0.133,1,0.033,0,0.0
1628370,Malik Monk,1610612758,SAC,53,15,38,1165.0,1984,27,13,19,0.684,0,0,0.0,26,0.963,5,0.185,0,0.0,2,0.074,0,0.0
1630699,MarJon Beauchamp,1610612755,PHI,7,2,5,120.0,162,4,1,2,0.5,1,1,1.0,3,0.75,2,0.5,1,0.25,0,0.0,1,0.25
1631204,Marcus Sasser,1610612765,DET,28,20,8,352.0,627,2,0,0,0.0,0,0,0.0,0,0.0,2,1.0,1,0.5,0,0.0,0,0.0
203935,Marcus Smart,1610612747,LAL,59,38,21,1694.0,2603,39,12,19,0.632,4,4,1.0,28,0.718,16,0.41,5,0.128,2,0.051,2,0.051
1641813,Mark Sears,1610612749,MIL,7,1,6,26.0,54,0,0,0,0.0,0,0,0.0,0,0.0,0,0.0,0,0.0,0,0.0,0,0.0
1631109,Mark Williams,1610612756,PHX,56,33,23,1322.0,1955,423,199,299,0.666,57,70,0.814,472,1.116,53,0.125,8,0.019,14,0.033,33,0.078
1628963,Marvin Bagley III,1610612742,DAL,52,14,38,1035.0,1593,276,128,185,0.692,32,52,0.615,292,1.058,43,0.156,4,0.014,16,0.058,25,0.091
203486,Mason Plumlee,1610612759,SAS,17,8,9,139.0,204,32,7,9,0.778,4,4,1.0,20,0.625,16,0.5,3,0.094,5,0.156,2,0.063
1641824,Matas Buzelis,1610612741,CHI,69,27,42,2004.0,3586,152,60,83,0.723,29,38,0.763,148,0.974,29,0.191,3,0.02,10,0.066,19,0.125
1629680,Matisse Thybulle,1610612757,POR,18,9,9,224.0,317,7,0,3,0.0,0,0,0.0,0,0.0,4,0.571,0,0.0,0,0.0,0,0.0
1631108,Max Christie,1610612742,DAL,65,21,44,1917.0,2629,38,12,21,0.571,4,4,1.0,28,0.737,12,0.316,1,0.026,2,0.053,0,0.0
1642917,Max Shulga,1610612738,BOS,5,4,1,8.0,13,0,0,0,0.0,0,0,0.0,0,0.0,0,0.0,0,0.0,0,0.0,0,0.0
1629622,Max Strus,1610612739,CLE,3,2,1,70.0,114,3,1,1,1.0,0,0,0.0,2,0.667,2,0.667,0,0.0,0,0.0,0,0.0
1628467,Maxi Kleber,1610612747,LAL,35,16,19,383.0,428,49,8,18,0.444,8,12,0.667,24,0.49,19,0.388,4,0.082,1,0.02,6,0.122
1642875,Maxime Raynaud,1610612758,SAC,62,17,45,1574.0,2576,457,202,317,0.637,32,48,0.667,445,0.974,80,0.175,12,0.026,25,0.055,23,0.05
1642877,Micah Peavy,1610612740,NOP,52,16,36,706.0,773,65,25,44,0.568,3,6,0.5,53,0.815,17,0.262,2,0.031,1,0.015,3,0.046
1630695,Micah Potter,1610612754,IND,35,7,28,652.0,1009,120,39,53,0.736,37,42,0.881,117,0.975,33,0.275,8,0.067,5,0.042,21,0.175
1629008,Michael Porter Jr.,1610612751,BKN,52,14,38,1689.0,3063,184,89,124,0.718,30,34,0.882,221,1.201,19,0.103,4,0.022,14,0.076,16,0.087
1628969,Mikal Bridges,1610612752,NYK,70,45,25,2334.0,3972,167,70,99,0.707,16,16,1.0,156,0.934,48,0.287,8,0.048,5,0.03,8,0.048
201144,Mike Conley,1610612750,MIN,47,29,18,838.0,1747,11,0,2,0.0,0,0,0.0,0,0.0,7,0.636,2,0.182,2,0.182,0,0.0
1628970,Miles Bridges,1610612766,CHA,65,34,31,2057.0,3453,135,62,81,0.765,18,22,0.818,146,1.081,37,0.274,3,0.022,3,0.022,11,0.081
1642939,Miles Kelly,1610612742,DAL,14,7,7,134.0,155,4,3,4,0.75,0,0,0.0,7,1.75,0,0.0,0,0.0,0,0.0,0,0.0
1630540,Miles McBride,1610612752,NYK,35,22,13,981.0,1740,28,7,11,0.636,1,2,0.5,15,0.536,15,0.536,4,0.143,1,0.036,1,0.036
1629011,Mitchell Robinson,1610612752,NYK,51,34,17,992.0,939,307,116,162,0.716,11,36,0.306,246,0.801,95,0.309,20,0.065,18,0.059,17,0.055
1628964,Mo Bamba,1610612762,UTA,4,3,1,44.0,63,16,4,9,0.444,0,0,0.0,8,0.5,4,0.25,0,0.0,1,0.063,0,0.0
1642885,Mohamed Diawara,1610612752,NYK,59,36,23,505.0,789,21,5,11,0.455,0,0,0.0,10,0.476,6,0.286,0,0.0,4,0.19,0,0.0
1628420,Monte Morris,1610612754,IND,6,0,6,65.0,152,3,2,2,1.0,0,0,0.0,4,1.333,1,0.333,0,0.0,0,0.0,0,0.0
1629021,Moritz Wagner,1610612753,ORL,29,17,12,383.0,633,69,19,40,0.475,15,18,0.833,55,0.797,15,0.217,0,0.0,2,0.029,9,0.13
1630541,Moses Moody,1610612744,GSW,59,29,30,1506.0,1829,81,25,38,0.658,5,8,0.625,56,0.691,28,0.346,3,0.037,6,0.074,4,0.049
1631243,Mouhamed Gueye,1610612737,ATL,65,36,29,994.0,1206,168,54,91,0.593,17,24,0.708,128,0.762,48,0.286,6,0.036,14,0.083,11,0.065
1630619,Moussa Cisse,1610612742,DAL,34,10,24,425.0,454,134,42,73,0.575,15,32,0.469,102,0.761,31,0.231,1,0.007,8,0.06,15,0.112
1631217,Moussa Diabaté,1610612766,CHA,62,33,29,1603.0,2261,505,135,217,0.622,43,61,0.705,322,0.638,203,0.402,38,0.075,27,0.053,31,0.061
1626167,Myles Turner,1610612749,MIL,64,26,38,1748.0,2073,203,63,103,0.612,41,54,0.759,174,0.857,50,0.246,7,0.034,16,0.079,27,0.133
1642066,Myron Gardner,1610612748,MIA,37,22,15,349.0,587,42,9,17,0.529,2,4,0.5,21,0.5,22,0.524,3,0.071,0,0.0,2,0.048
1642368,N'Faly Dante,1610612737,ATL,4,3,1,15.0,20,3,0,2,0.0,0,0,0.0,0,0.0,0,0.0,0,0.0,1,0.333,0,0.0
1641772,Nae'Qwan Tomlin,1610612739,CLE,54,35,19,848.0,944,159,61,93,0.656,20,26,0.769,142,0.893,42,0.264,6,0.038,8,0.05,12,0.075
1630230,Naji Marshall,1610612742,DAL,67,23,44,1973.0,3162,113,45,67,0.672,15,16,0.938,109,0.965,32,0.283,7,0.062,3,0.027,8,0.071
1631466,Nate Williams,1610612744,GSW,9,2,7,105.0,116,21,5,10,0.5,2,2,1.0,12,0.571,8,0.381,1,0.048,1,0.048,1,0.048
1629675,Naz Reid,1610612750,MIN,68,42,26,1770.0,3390,111,44,65,0.677,9,16,0.563,100,0.901,31,0.279,4,0.036,4,0.036,8,0.072
1629674,Neemias Queta,1610612738,BOS,65,43,22,1637.0,2277,534,226,331,0.683,54,78,0.692,515,0.964,113,0.212,17,0.032,21,0.039,38,0.071
1629651,Nic Claxton,1610612751,BKN,62,16,46,1764.0,3084,450,179,265,0.675,30,53,0.566,398,0.884,112,0.249,24,0.053,21,0.047,28,0.062
1630208,Nick Richards,1610612741,CHI,46,19,27,665.0,922,210,72,134,0.537,26,45,0.578,172,0.819,29,0.138,1,0.005,14,0.067,23,0.11
1641733,Nick Smith Jr.,1610612747,LAL,25,12,13,318.0,593,6,2,5,0.4,0,0,0.0,4,0.667,1,0.167,0,0.0,0,0.0,0,0.0
1629638,Nickeil Alexander-Walker,1610612737,ATL,66,35,31,2195.0,3966,76,29,42,0.69,12,14,0.857,70,0.921,25,0.329,8,0.105,0,0.0,7,0.092
201587,Nicolas Batum,1610612746,LAC,64,33,31,1168.0,1544,12,1,3,0.333,0,0,0.0,2,0.167,7,0.583,1,0.083,2,0.167,0,0.0
1628502,Nigel Hayes-Davis,1610612756,PHX,27,15,12,195.0,230,13,5,9,0.556,0,0,0.0,10,0.769,3,0.231,1,0.077,1,0.077,0,0.0
203999,Nikola Jokić,1610612743,DEN,54,32,22,1875.0,5399,413,179,264,0.678,67,80,0.838,435,1.053,80,0.194,29,0.07,12,0.029,36,0.087
1631107,Nikola Jović,1610612748,MIA,45,23,22,791.0,1537,55,12,22,0.545,6,8,0.75,30,0.545,27,0.491,3,0.055,1,0.018,4,0.073
1642260,Nikola Topić,1610612760,OKC,5,3,2,53.0,126,5,1,2,0.5,0,0,0.0,2,0.4,1,0.2,0,0.0,2,0.4,0,0.0
202696,Nikola Vučević,1610612738,BOS,60,32,28,1740.0,3653,417,144,244,0.59,23,26,0.885,314,0.753,126,0.302,23,0.055,14,0.034,13,0.031
1642363,Nique Clifford,1610612758,SAC,66,17,49,1574.0,2406,70,25,36,0.694,3,6,0.5,53,0.757,25,0.357,4,0.057,5,0.071,2,0.029
1642855,Noa Essengue,1610612741,CHI,2,1,1,6.0,9,1,0,1,0.0,0,0,0.0,0,0.0,0,0.0,0,0.0,0,0.0,0,0.0
1641730,Noah Clowney,1610612751,BKN,62,16,46,1695.0,2375,66,18,31,0.581,8,10,0.8,46,0.697,21,0.318,7,0.106,3,0.045,5,0.076
1642869,Noah Penda,1610612753,ORL,50,26,24,694.0,1165,75,15,28,0.536,3,4,0.75,33,0.44,36,0.48,6,0.08,6,0.08,2,0.027
1642849,Nolan Traore,1610612751,BKN,46,11,35,1015.0,2424,19,5,10,0.5,2,2,1.0,12,0.632,6,0.316,1,0.053,2,0.105,1,0.053
1641807,Norchad Omier,1610612746,LAC,3,3,0,14.0,26,6,3,3,1.0,0,0,0.0,6,1.0,2,0.333,0,0.0,0,0.0,0,0.0
1626181,Norman Powell,1610612748,MIA,52,27,25,1564.0,2385,24,12,15,0.8,1,2,0.5,26,1.083,8,0.333,1,0.042,0,0.0,1,0.042
1628384,OG Anunoby,1610612752,NYK,56,37,19,1851.0,2467,155,57,80,0.713,16,18,0.889,132,0.852,52,0.335,15,0.097,8,0.052,9,0.058
1630167,Obi Toppin,1610612754,IND,12,0,12,198.0,422,28,12,15,0.8,2,2,1.0,26,0.929,5,0.179,0,0.0,2,0.071,1,0.036
1630534,Ochai Agbaji,1610612751,BKN,55,26,29,860.0,1067,72,32,47,0.681,3,4,0.75,67,0.931,19,0.264,1,0.014,3,0.042,2,0.028
1641765,Olivier-Maxence Prosper,1610612763,MEM,44,15,29,773.0,1085,98,33,46,0.717,14,18,0.778,80,0.816,26,0.265,5,0.051,7,0.071,8,0.082
1630209,Omer Yurtseven,1610612744,GSW,3,1,2,20.0,28,5,2,4,0.5,0,0,0.0,4,0.8,1,0.2,0,0.0,0,0.0,0,0.0
1630168,Onyeka Okongwu,1610612737,ATL,63,34,29,1976.0,3350,350,124,193,0.642,49,64,0.766,301,0.86,96,0.274,16,0.046,13,0.037,32,0.091
1631115,Orlando Robinson,1610612753,ORL,4,2,2,25.0,45,4,2,3,0.667,0,0,0.0,4,1.0,1,0.25,0,0.0,0,0.0,0,0.0
1631131,Oscar Tshiebwe,1610612762,UTA,15,2,13,201.0,226,65,27,41,0.659,6,9,0.667,61,0.938,14,0.215,3,0.046,6,0.092,5,0.077
1642345,Oso Ighodaro,1610612756,PHX,70,39,31,1511.0,2266,276,102,150,0.68,18,25,0.72,225,0.815,88,0.319,14,0.051,13,0.047,13,0.047
1631172,Ousmane Dieng,1610612749,MIL,44,29,15,685.0,1007,30,6,12,0.5,1,2,0.5,13,0.433,13,0.433,1,0.033,4,0.133,1,0.033
1629023,P.J. Washington,1610612742,DAL,51,14,37,1572.0,2540,168,69,117,0.59,14,24,0.583,157,0.935,26,0.155,6,0.036,6,0.036,11,0.065
1641790,PJ Hall,1610612766,CHA,19,7,12,213.0,298,89,23,47,0.489,11,14,0.786,57,0.64,26,0.292,5,0.056,8,0.09,7,0.079
1642359,Pacôme Dadiet,1610612752,NYK,24,15,9,90.0,136,8,1,2,0.5,0,0,0.0,2,0.25,5,0.625,0,0.0,1,0.125,0,0.0
1631094,Paolo Banchero,1610612753,ORL,59,31,28,2057.0,4479,164,69,93,0.742,29,36,0.806,171,1.043,36,0.22,7,0.043,10,0.061,18,0.11
1627783,Pascal Siakam,1610612754,IND,55,14,41,1844.0,3870,166,74,105,0.705,8,14,0.571,162,0.976,37,0.223,5,0.03,12,0.072,8,0.048
1626192,Pat Connaughton,1610612766,CHA,34,20,14,257.0,411,14,2,3,0.667,0,0,0.0,4,0.286,9,0.643,2,0.143,1,0.071,0,0.0
1630311,Pat Spencer,1610612744,GSW,53,26,27,926.0,2310,67,20,33,0.606,2,2,1.0,43,0.642,29,0.433,9,0.134,3,0.045,1,0.015
1631116,Patrick Baldwin Jr.,1610612758,SAC,7,2,5,58.0,62,6,1,3,0.333,0,0,0.0,2,0.333,3,0.5,0,0.0,0,0.0,0,0.0
1630172,Patrick Williams,1610612741,CHI,60,21,39,1180.0,1808,50,11,27,0.407,3,6,0.5,25,0.5,12,0.24,4,0.08,6,0.12,3,0.06
202331,Paul George,1610612755,PHI,27,16,11,824.0,1667,26,5,10,0.5,4,4,1.0,15,0.577,11,0.423,3,0.115,1,0.038,2,0.077
1630194,Paul Reed,1610612765,DET,52,37,15,680.0,1088,199,74,117,0.632,10,12,0.833,163,0.819,57,0.286,12,0.06,16,0.08,6,0.03
1630202,Payton Pritchard,1610612738,BOS,67,45,22,2184.0,4666,48,14,19,0.737,0,0,0.0,30,0.625,25,0.521,4,0.083,2,0.042,0,0.0
1642362,Payton Sandfort,1610612760,OKC,1,1,0,5.0,6,1,0,1,0.0,0,0,0.0,0,0.0,0,0.0,0,0.0,0,0.0,0,0.0
1641796,Pelle Larsson,1610612748,MIA,59,34,25,1516.0,2207,109,41,61,0.672,10,12,0.833,93,0.853,32,0.294,7,0.064,7,0.064,6,0.055
1631250,Pete Nance,1610612749,MIL,36,11,25,422.0,613,50,20,29,0.69,0,0,0.0,40,0.8,16,0.32,4,0.08,4,0.08,0,0.0
1631212,Peyton Watson,1610612743,DEN,49,31,18,1502.0,2574,149,47,85,0.553,20,28,0.714,117,0.785,40,0.268,7,0.047,7,0.047,14,0.094
1630173,Precious Achiuwa,1610612758,SAC,62,16,46,1418.0,1778,259,105,171,0.614,21,38,0.553,236,0.911,48,0.185,9,0.035,15,0.058,19,0.073
1629656,Quentin Grimes,1610612755,PHI,63,34,29,1888.0,3105,42,19,25,0.76,6,8,0.75,44,1.048,8,0.19,2,0.048,1,0.024,4,0.095
1631245,Quenton Jackson,1610612754,IND,38,7,31,663.0,1382,18,7,11,0.636,2,2,1.0,16,0.889,4,0.222,0,0.0,0,0.0,1,0.056
1642366,Quinten Post,1610612744,GSW,65,32,33,1140.0,2110,142,52,69,0.754,12,16,0.75,116,0.817,47,0.331,6,0.042,11,0.077,7,0.049
1629628,RJ Barrett,1610612761,TOR,44,27,17,1328.0,2403,105,60,77,0.779,13,18,0.722,135,1.286,12,0.114,4,0.038,1,0.01,10,0.095
1642853,Rasheer Fleming,1610612756,PHX,44,24,20,460.0,396,54,9,26,0.346,6,8,0.75,24,0.444,21,0.389,1,0.019,2,0.037,4,0.074
1642484,RayJ Dennis,1610612737,ATL,16,3,13,180.0,479,7,0,2,0.0,0,0,0.0,0,0.0,5,0.714,1,0.143,0,0.0,0,0.0
1641712,Rayan Rupert,1610612763,MEM,58,28,30,867.0,1111,58,15,28,0.536,1,2,0.5,31,0.534,24,0.414,3,0.052,4,0.069,1,0.017
1642263,Reed Sheppard,1610612745,HOU,68,41,27,1769.0,3615,13,3,6,0.5,0,0,0.0,6,0.462,5,0.385,2,0.154,2,0.154,0,0.0
1642434,Riley Minix,1610612739,CLE,5,4,1,19.0,36,4,3,3,1.0,0,0,0.0,6,1.5,1,0.25,0,0.0,0,0.0,0,0.0
1642265,Rob Dillingham,1610612741,CHI,53,26,27,699.0,1445,14,3,7,0.429,0,0,0.0,6,0.429,5,0.357,0,0.0,2,0.143,0,0.0
1629057,Robert Williams III,1610612757,POR,48,23,25,816.0,1133,257,118,154,0.766,14,22,0.636,250,0.973,71,0.276,14,0.054,15,0.058,10,0.039
1642911,Rocco Zikarsky,1610612750,MIN,4,0,4,16.0,25,4,2,3,0.667,0,0,0.0,4,1.0,0,0.0,0,0.0,0,0.0,0,0.0
1631199,Ron Harper Jr.,1610612738,BOS,22,16,6,246.0,327,13,3,5,0.6,0,0,0.0,6,0.462,6,0.462,1,0.077,2,0.154,0,0.0
1641842,Ronald Holland II,1610612765,DET,65,46,19,1317.0,2075,96,41,62,0.661,6,6,1.0,92,0.958,20,0.208,3,0.031,8,0.083,3,0.031
1626220,Royce O'Neale,1610612756,PHX,69,39,30,2007.0,3774,42,8,14,0.571,0,0,0.0,16,0.381,22,0.524,2,0.048,6,0.143,0,0.0
203497,Rudy Gobert,1610612750,MIN,67,42,25,2107.0,2965,571,252,324,0.778,84,150,0.56,598,1.047,100,0.175,18,0.032,39,0.068,70,0.123
1629060,Rui Hachimura,1610612747,LAL,58,40,18,1669.0,1745,104,50,75,0.667,8,12,0.667,108,1.038,18,0.173,2,0.019,4,0.038,6,0.058
201566,Russell Westbrook,1610612758,SAC,63,16,47,1826.0,4357,98,26,44,0.591,5,10,0.5,61,0.622,35,0.357,9,0.092,9,0.092,5,0.051
1642346,Ryan Dunn,1610612756,PHX,61,35,26,1181.0,1540,128,45,75,0.6,2,4,0.5,92,0.719,42,0.328,10,0.078,7,0.055,2,0.016
1641750,Ryan Kalkbrenner,1610612766,CHA,57,31,26,1252.0,1357,377,172,226,0.761,45,65,0.692,396,1.05,85,0.225,6,0.016,18,0.048,31,0.082
1642948,Ryan Nembhard,1610612742,DAL,49,18,31,908.0,2011,7,1,1,1.0,0,0,0.0,2,0.286,6,0.857,4,0.571,0,0.0,0,0.0
1631157,Ryan Rollins,1610612749,MIL,67,26,41,2158.0,4732,50,11,19,0.579,3,4,0.75,25,0.5,20,0.4,3,0.06,5,0.1,1,0.02
1630180,Saddiq Bey,1610612740,NOP,64,24,40,1987.0,2749,147,54,79,0.684,32,38,0.842,145,0.986,34,0.231,7,0.048,10,0.068,20,0.136
1630573,Sam Hauser,1610612738,BOS,66,45,21,1625.0,2411,53,18,28,0.643,4,4,1.0,43,0.811,19,0.358,3,0.057,3,0.057,1,0.019
1630241,Sam Merrill,1610612739,CLE,44,30,14,1145.0,1778,44,18,22,0.818,2,2,1.0,39,0.886,16,0.364,1,0.023,3,0.068,1,0.023
1630572,Sandro Mamukelashvili,1610612761,TOR,66,37,29,1446.0,2338,231,79,123,0.642,20,28,0.714,183,0.792,82,0.355,11,0.048,8,0.035,14,0.061
1630583,Santi Aldama,1610612763,MEM,43,19,24,1198.0,2326,140,57,95,0.6,12,18,0.667,128,0.914,26,0.186,4,0.029,6,0.043,7,0.05
1630703,Scoot Henderson,1610612757,POR,18,10,8,420.0,1020,14,3,4,0.75,1,2,0.5,6,0.429,7,0.5,1,0.071,1,0.071,1,0.071
1630567,Scottie Barnes,1610612761,TOR,66,38,28,2255.0,4639,353,112,180,0.622,38,46,0.826,273,0.773,117,0.331,35,0.099,21,0.059,22,0.062
1630590,Scotty Pippen Jr.,1610612763,MEM,10,2,8,212.0,497,9,3,7,0.429,1,2,0.5,7,0.778,0,0.0,0,0.0,0,0.0,0,0.0
1642951,Sean Pedulla,1610612746,LAC,2,1,1,11.0,26,0,0,0,0.0,0,0,0.0,0,0.0,0,0.0,0,0.0,0,0.0,0,0.0
203552,Seth Curry,1610612744,GSW,4,0,4,51.0,63,1,1,1,1.0,0,0,0.0,2,2.0,0,0.0,0,0.0,0,0.0,0,0.0
1631101,Shaedon Sharpe,1610612757,POR,48,22,26,1439.0,2672,94,51,69,0.739,8,12,0.667,112,1.191,17,0.181,4,0.043,2,0.021,6,0.064
1628983,Shai Gilgeous-Alexander,1610612760,OKC,58,47,11,1943.0,3908,60,26,37,0.703,3,4,0.75,55,0.917,19,0.317,5,0.083,1,0.017,2,0.033
1630536,Sharife Cooper,1610612764,WAS,28,5,23,436.0,933,19,7,8,0.875,0,0,0.0,14,0.737,10,0.526,2,0.105,1,0.053,0,0.0
1631321,Sidy Cissoko,1610612757,POR,63,31,32,1306.0,1635,61,14,17,0.824,5,8,0.625,34,0.557,35,0.574,12,0.197,3,0.049,4,0.066
1631323,Simone Fontecchio,1610612748,MIA,62,33,29,1055.0,1590,62,21,32,0.656,6,8,0.75,49,0.79,17,0.274,2,0.032,3,0.048,4,0.065
1642883,Sion James,1610612766,CHA,70,36,34,1609.0,2404,52,10,21,0.476,5,6,0.833,25,0.481,28,0.538,5,0.096,0,0.0,3,0.058
1627746,Skal Labissiere,1610612764,WAS,3,2,1,38.0,67,8,4,4,1.0,0,0,0.0,8,1.0,4,0.5,0,0.0,0,0.0,0,0.0
1642461,Spencer Jones,1610612743,DEN,58,35,23,1326.0,1006,131,45,65,0.692,15,28,0.536,106,0.809,44,0.336,7,0.053,4,0.031,14,0.107
1630649,Stanley Umude,1610612759,SAS,2,2,0,7.0,8,1,0,0,0.0,0,0,0.0,0,0.0,1,1.0,0,0.0,0,0.0,0,0.0
201939,Stephen Curry,1610612744,GSW,39,23,16,1222.0,2591,61,30,38,0.789,15,16,0.938,77,1.262,12,0.197,5,0.082,2,0.033,7,0.115
1642264,Stephon Castle,1610612759,SAS,59,44,15,1759.0,3957,130,55,71,0.775,23,32,0.719,136,1.046,33,0.254,10,0.077,7,0.054,16,0.123
203500,Steven Adams,1610612745,HOU,32,21,11,730.0,901,238,56,116,0.483,29,48,0.604,142,0.597,76,0.319,10,0.042,9,0.038,23,0.097
1629004,Svi Mykhailiuk,1610612762,UTA,48,14,34,1123.0,1386,38,16,23,0.696,0,0,0.0,33,0.868,15,0.395,4,0.105,0,0.0,0,0.0
204456,T.J. McConnell,1610612754,IND,51,13,38,880.0,2538,43,15,24,0.625,4,4,1.0,34,0.791,14,0.326,3,0.07,2,0.047,2,0.047
1643007,Taelon Peter,1610612754,IND,31,4,27,348.0,587,8,4,5,0.8,0,0,0.0,8,1.0,1,0.125,0,0.0,1,0.125,0,0.0
201959,Taj Gibson,1610612763,MEM,3,1,2,29.0,30,7,0,2,0.0,1,2,0.5,1,0.143,4,0.571,1,0.143,0,0.0,1,0.143
1631106,Tari Eason,1610612745,HOU,46,27,19,1217.0,1849,97,32,56,0.571,4,8,0.5,68,0.701,30,0.309,7,0.072,6,0.062,2,0.021
1627752,Taurean Prince,1610612749,MIL,14,6,8,275.0,320,0,0,0,0.0,0,0,0.0,0,0.0,0,0.0,0,0.0,0,0.0,0,0.0
1641707,Taylor Hendricks,1610612763,MEM,50,12,38,903.0,1001,92,31,52,0.596,7,10,0.7,77,0.837,28,0.304,5,0.054,2,0.022,6,0.065
1629611,Terance Mann,1610612751,BKN,58,14,44,1413.0,2402,85,23,39,0.59,10,12,0.833,57,0.671,30,0.353,13,0.153,7,0.082,5,0.059
1630545,Terrence Shannon Jr.,1610612750,MIN,31,18,13,363.0,445,7,2,2,1.0,0,0,0.0,4,0.571,5,0.714,0,0.0,0,0.0,0,0.0
203648,Thanasis Antetokounmpo,1610612749,MIL,28,8,20,94.0,134,16,4,5,0.8,3,4,0.75,10,0.625,10,0.625,1,0.063,0,0.0,1,0.063
1628418,Thomas Bryant,1610612739,CLE,52,31,21,590.0,960,118,48,68,0.706,31,36,0.861,130,1.102,21,0.178,3,0.025,4,0.034,16,0.136
1642275,Tidjane Salaün,1610612766,CHA,36,18,18,571.0,824,48,14,20,0.7,6,12,0.5,34,0.708,13,0.271,2,0.042,4,0.083,6,0.125
203501,Tim Hardaway Jr.,1610612743,DEN,69,41,28,1867.0,2210,31,19,25,0.76,8,8,1.0,46,1.484,2,0.065,0,0.0,0,0.0,4,0.129
202699,Tobias Harris,1610612765,DET,52,36,16,1464.0,2228,91,32,53,0.604,13,16,0.813,81,0.89,24,0.264,3,0.033,5,0.055,8,0.088
1642449,Tolu Smith,1610612765,DET,8,6,2,91.0,136,38,9,18,0.5,6,9,0.667,25,0.658,10,0.263,1,0.026,4,0.105,5,0.132
1628396,Tony Bradley,1610612754,IND,38,9,29,416.0,449,112,33,68,0.485,21,26,0.808,87,0.777,28,0.25,5,0.045,2,0.018,13,0.116
1641787,Tosan Evbuomwan,1610612766,CHA,5,4,1,8.0,8,0,0,0,0.0,0,0,0.0,0,0.0,0,0.0,0,0.0,0,0.0,0,0.0
1641739,Toumani Camara,1610612757,POR,70,34,36,2334.0,3953,188,62,86,0.721,15,22,0.682,139,0.739,76,0.404,8,0.043,10,0.053,9,0.048
1629027,Trae Young,1610612764,WAS,15,2,13,384.0,935,2,1,1,1.0,0,0,0.0,2,1.0,1,0.5,0,0.0,0,0.0,0,0.0
1631218,Trayce Jackson-Davis,1610612761,TOR,45,24,21,454.0,763,146,47,81,0.58,20,36,0.556,116,0.795,34,0.233,3,0.021,9,0.062,17,0.116
1642848,Tre Johnson,1610612764,WAS,56,12,44,1348.0,1841,21,5,8,0.625,0,0,0.0,12,0.571,9,0.429,1,0.048,2,0.095,0,0.0
1630200,Tre Jones,1610612741,CHI,53,24,29,1431.0,3206,58,25,30,0.833,7,8,0.875,58,1.0,18,0.31,4,0.069,3,0.052,4,0.069
1630544,Tre Mann,1610612766,CHA,45,24,21,634.0,1329,13,1,2,0.5,1,2,0.5,3,0.231,8,0.615,0,0.0,2,0.154,1,0.077
1630570,Trendon Watford,1610612755,PHI,46,22,24,778.0,1839,61,22,32,0.688,2,4,0.5,47,0.77,22,0.361,6,0.098,3,0.049,2,0.033
1642280,Trentyn Flowers,1610612741,CHI,2,0,2,6.0,8,2,2,2,1.0,0,0,0.0,4,2.0,0,0.0,0,0.0,0,0.0,0,0.0
1631211,Trevor Keels,1610612748,MIA,4,4,0,5.0,12,0,0,0,0.0,0,0,0.0,0,0.0,0,0.0,0,0.0,0,0.0,0,0.0
1641725,Trey Alexander,1610612740,NOP,5,1,4,42.0,51,0,0,0,0.0,0,0,0.0,0,0.0,0,0.0,0,0.0,0,0.0,0,0.0
1641998,Trey Jemison III,1610612752,NYK,11,9,2,61.0,54,11,2,3,0.667,0,0,0.0,4,0.364,7,0.636,1,0.091,1,0.091,0,0.0
1630530,Trey Murphy III,1610612740,NOP,62,21,41,2196.0,3842,156,90,114,0.789,17,18,0.944,200,1.282,22,0.141,5,0.032,5,0.032,9,0.058
1642400,Tristan Enaruna,1610612739,CLE,6,6,0,34.0,50,8,5,8,0.625,0,0,0.0,10,1.25,0,0.0,0,0.0,0,0.0,0,0.0
1641774,Tristan Vukcevic,1610612764,WAS,44,8,36,589.0,1018,87,41,55,0.745,13,18,0.722,99,1.138,14,0.161,3,0.034,6,0.069,8,0.092
1641783,Tristan da Silva,1610612753,ORL,64,36,28,1559.0,1931,99,44,64,0.688,2,2,1.0,90,0.909,28,0.283,4,0.04,5,0.051,0,0.0
1629660,Ty Jerome,1610612763,MEM,13,3,10,290.0,665,4,2,3,0.667,0,0,0.0,4,1.0,0,0.0,0,0.0,1,0.25,0,0.0
1631102,TyTy Washington Jr.,1610612746,LAC,9,5,4,52.0,95,2,0,1,0.0,0,0,0.0,0,0.0,1,0.5,0,0.0,0,0.0,0,0.0
1631174,Tyler Burton,1610612763,MEM,4,1,3,91.0,117,3,0,0,0.0,2,2,1.0,2,0.667,2,0.667,0,0.0,0,0.0,1,0.333
1629639,Tyler Herro,1610612748,MIA,23,11,12,707.0,1360,16,6,9,0.667,2,2,1.0,14,0.875,5,0.313,0,0.0,1,0.063,0,0.0
1642278,Tyler Kolek,1610612752,NYK,56,35,21,683.0,1705,14,5,6,0.833,0,0,0.0,10,0.714,6,0.429,1,0.071,1,0.071,0,0.0
1641890,Tyler Smith,1610612742,DAL,2,0,2,11.0,20,2,0,0,0.0,0,0,0.0,0,0.0,0,0.0,0,0.0,2,1.0,0,0.0
1631213,Tyrese Martin,1610612755,PHI,44,11,33,771.0,1504,36,10,15,0.667,2,2,1.0,23,0.639,18,0.5,0,0.0,2,0.056,1,0.028
1630178,Tyrese Maxey,1610612755,PHI,61,33,28,2334.0,5923,21,7,14,0.5,0,0,0.0,14,0.667,6,0.286,2,0.095,1,0.048,0,0.0
1642878,Tyrese Proctor,1610612739,CLE,42,28,14,436.0,787,17,3,5,0.6,0,0,0.0,6,0.353,11,0.647,3,0.176,1,0.059,0,0.0
1630623,Tyson Etienne,1610612751,BKN,14,2,12,135.0,211,0,0,0,0.0,0,0,0.0,0,0.0,0,0.0,0,0.0,0,0.0,0,0.0
1626145,Tyus Jones,1610612743,DEN,61,31,30,925.0,2008,5,1,1,1.0,0,0,0.0,2,0.4,4,0.8,0,0.0,0,0.0,0,0.0
1642845,VJ Edgecombe,1610612755,PHI,62,35,27,2159.0,4314,117,36,61,0.59,13,14,0.929,85,0.726,43,0.368,13,0.111,3,0.026,6,0.051
1641705,Victor Wembanyama,1610612759,SAS,55,42,13,1615.0,3155,314,150,201,0.746,48,61,0.787,358,1.14,49,0.156,10,0.032,9,0.029,32,0.102
1631246,Vince Williams Jr.,1610612762,UTA,40,16,24,819.0,1976,44,11,16,0.688,6,6,1.0,28,0.636,22,0.5,3,0.068,1,0.023,3,0.068
1642884,Vladislav Goldin,1610612748,MIA,5,3,2,14.0,14,5,2,3,0.667,0,0,0.0,4,0.8,2,0.4,1,0.2,0,0.0,0,0.0
1630249,Vít Krejčí,1610612757,POR,64,31,33,1387.0,1957,38,9,13,0.692,0,0,0.0,19,0.5,25,0.658,3,0.079,0,0.0,0,0.0
1631117,Walker Kessler,1610612762,UTA,5,2,3,154.0,265,46,16,22,0.727,11,16,0.688,43,0.935,13,0.283,1,0.022,3,0.065,8,0.174
1642383,Walter Clayton Jr.,1610612763,MEM,58,16,42,1135.0,2504,22,7,8,0.875,0,0,0.0,14,0.636,12,0.545,2,0.091,2,0.091,0,0.0
1628976,Wendell Carter Jr.,1610612753,ORL,65,36,29,1925.0,2573,354,117,172,0.68,77,99,0.778,318,0.898,95,0.268,11,0.031,22,0.062,46,0.13
1631111,Wendell Moore Jr.,1610612765,DET,5,4,1,54.0,59,1,1,1,1.0,0,0,0.0,2,2.0,0,0.0,0,0.0,0,0.0,0,0.0
1642954,Will Richard,1610612744,GSW,59,31,28,1190.0,1473,143,50,73,0.685,23,28,0.821,126,0.881,47,0.329,11,0.077,4,0.028,13,0.091
1642860,Will Riley,1610612764,WAS,61,15,46,1227.0,1862,71,34,45,0.756,13,16,0.813,83,1.169,15,0.211,2,0.028,1,0.014,7,0.099
1630214,Xavier Tillman,1610612766,CHA,24,17,7,148.0,202,24,7,12,0.583,1,2,0.5,15,0.625,8,0.333,1,0.042,2,0.083,1,0.042
1642905,Yang Hansen,1610612757,POR,39,20,19,277.0,360,52,15,28,0.536,10,12,0.833,42,0.808,10,0.192,4,0.077,4,0.077,6,0.115
1642949,Yanic Konan Niederhäuser,1610612746,LAC,41,22,19,424.0,473,115,43,66,0.652,23,32,0.719,109,0.948,22,0.191,2,0.017,7,0.061,13,0.113
1642530,Yuki Kawamura,1610612741,CHI,11,4,7,121.0,262,2,0,0,0.0,0,0,0.0,0,0.0,2,1.0,1,0.5,0,0.0,0,0.0
1642274,Yves Missi,1610612740,NOP,58,19,39,1110.0,1369,250,78,141,0.553,14,26,0.538,174,0.696,70,0.28,18,0.072,15,0.06,13,0.052
1642258,Zaccharie Risacher,1610612737,ATL,55,31,24,1301.0,1515,111,52,77,0.675,11,18,0.611,120,1.081,19,0.171,2,0.018,4,0.036,8,0.072
1628380,Zach Collins,1610612741,CHI,10,6,4,184.0,300,49,21,29,0.724,7,8,0.875,51,1.041,14,0.286,3,0.061,0,0.0,4,0.082
1641744,Zach Edey,1610612763,MEM,11,7,4,284.0,401,144,54,83,0.651,18,21,0.857,127,0.882,32,0.222,6,0.042,5,0.035,11,0.076
203897,Zach LaVine,1610612758,SAC,39,9,30,1224.0,1999,32,11,16,0.688,0,0,0.0,22,0.688,12,0.375,4,0.125,3,0.094,0,0.0
1630192,Zeke Nnaji,1610612743,DEN,47,33,14,575.0,679,87,31,51,0.608,17,20,0.85,80,0.92,17,0.195,2,0.023,7,0.08,10,0.115
1630533,Ziaire Williams,1610612751,BKN,49,13,36,1116.0,1259,44,21,30,0.7,6,6,1.0,50,1.136,10,0.227,2,0.045,0,0.0,3,0.068
1629627,Zion Williamson,1610612740,NOP,54,22,32,1602.0,2696,210,91,133,0.684,31,44,0.705,218,1.038,36,0.171,10,0.048,13,0.062,20,0.095
1642389,Zyon Pullin,1610612750,MIN,1,1,0,5.0,14,0,0,0,0.0,0,0,0.0,0,0.0,0,0.0,0,0.0,0,0.0,0,0.0
