PLAYER_ID,PLAYER_NAME,TEAM_ID,TEAM_ABBREVIATION,GP,W,L,MIN,PASSES_MADE,PASSES_RECEIVED,AST,FT_AST,SECONDARY_AST,POTENTIAL_AST,AST_PTS_CREATED,AST_ADJ,AST_TO_PASS_PCT,AST_TO_PASS_PCT_ADJ
1630639,A.J. Lawson,1610612761,TOR,14,6,8,110.0,92,85,3,2,0,14,9,5,0.033,0.054
1631260,AJ Green,1610612749,MIL,65,27,38,1866.0,2149,1688,119,12,23,199,321,154,0.055,0.072
1642358,AJ Johnson,1610612742,DAL,40,7,33,353.0,372,427,36,1,4,67,88,42,0.097,0.113
203932,Aaron Gordon,1610612743,DEN,28,19,9,768.0,875,911,69,9,6,125,190,84,0.079,0.096
1628988,Aaron Holiday,1610612745,HOU,43,27,16,558.0,541,631,40,4,8,77,106,52,0.074,0.096
1630174,Aaron Nesmith,1610612754,IND,41,9,32,1207.0,1420,1407,81,8,13,136,217,103,0.057,0.073
1630598,Aaron Wiggins,1610612760,OKC,55,42,13,1258.0,1313,1374,98,13,22,192,263,133,0.075,0.101
1642846,Ace Bailey,1610612762,UTA,61,18,43,1636.0,1054,1358,105,11,15,196,281,130,0.1,0.123
1641737,Adem Bona,1610612755,PHI,59,33,26,1025.0,715,486,25,3,3,45,71,31,0.035,0.043
1642876,Adou Thiero,1610612747,LAL,19,11,8,104.0,98,60,6,0,0,12,18,6,0.061,0.061
1642349,Ajay Mitchell,1610612760,OKC,48,42,6,1266.0,1518,1797,174,16,30,333,457,220,0.115,0.145
201143,Al Horford,1610612744,GSW,43,22,21,933.0,1507,1303,112,6,29,217,294,146,0.074,0.097
1627936,Alex Caruso,1610612760,OKC,47,39,8,867.0,1074,888,91,6,11,146,230,108,0.085,0.101
1631457,Alex Morales,1610612753,ORL,1,0,1,12.0,11,9,4,0,0,3,10,4,0.364,0.364
1642259,Alex Sarr,1610612764,WAS,46,11,35,1260.0,1803,1640,119,11,16,206,328,146,0.066,0.081
1642918,Alijah Martin,1610612761,TOR,16,6,10,102.0,81,86,8,0,0,12,19,8,0.099,0.099
1631214,Alondes Williams,1610612764,WAS,4,2,2,101.0,76,67,12,0,3,15,28,15,0.158,0.197
1630578,Alperen Sengun,1610612745,HOU,59,36,23,1975.0,2815,3132,361,33,35,640,924,429,0.128,0.152
1642873,Amari Williams,1610612738,BOS,19,13,6,120.0,114,97,8,0,1,15,22,9,0.07,0.079
1641708,Amen Thompson,1610612745,HOU,66,39,27,2453.0,3493,3585,349,25,55,646,918,428,0.1,0.123
1629599,Amir Coffey,1610612756,PHX,43,18,25,437.0,287,254,24,0,2,39,64,26,0.084,0.091
1643158,Andersson Garcia,1610612762,UTA,5,1,4,169.0,166,99,14,1,3,21,37,18,0.084,0.108
203083,Andre Drummond,1610612755,PHI,51,25,26,1015.0,784,588,55,2,10,75,131,66,0.07,0.084
1641748,Andre Jackson Jr.,1610612749,MIL,37,10,27,219.0,362,271,27,3,2,49,79,32,0.075,0.088
1629614,Andrew Nembhard,1610612754,IND,52,11,41,1621.0,3482,3982,377,32,52,668,979,461,0.108,0.132
203952,Andrew Wiggins,1610612748,MIA,57,30,27,1765.0,1657,1762,159,10,39,266,412,208,0.096,0.126
1629014,Anfernee Simons,1610612741,CHI,55,31,24,1372.0,1631,2015,134,6,28,256,355,168,0.082,0.103
1641710,Anthony Black,1610612753,ORL,60,33,27,1841.0,2422,2699,229,24,30,388,582,280,0.095,0.116
203076,Anthony Davis,1610612764,WAS,20,10,10,626.0,743,744,56,2,5,85,133,63,0.075,0.085
1630162,Anthony Edwards,1610612750,MIN,58,35,23,2061.0,2611,3433,216,21,52,383,559,289,0.083,0.111
1630264,Anthony Gill,1610612764,WAS,42,5,37,568.0,530,451,43,3,3,71,111,49,0.081,0.092
1641810,Antonio Reeves,1610612766,CHA,9,3,6,66.0,47,42,2,0,1,7,6,3,0.043,0.064
1630574,Ariel Hukporti,1610612752,NYK,48,31,17,430.0,313,270,24,2,2,46,63,28,0.077,0.089
1642854,Asa Newell,1610612737,ATL,40,20,20,445.0,387,333,20,4,4,41,58,29,0.052,0.075
1641709,Ausar Thompson,1610612765,DET,60,43,17,1535.0,1721,1669,175,21,16,296,461,213,0.102,0.124
1630559,Austin Reaves,1610612747,LAL,44,31,13,1513.0,2140,2456,243,20,35,378,603,298,0.114,0.139
1630245,Ayo Dosunmu,1610612750,MIN,61,32,29,1615.0,2276,2438,209,20,36,369,554,263,0.092,0.116
1628389,Bam Adebayo,1610612748,MIA,61,32,29,1949.0,2148,2169,174,12,28,273,462,214,0.081,0.1
1631248,Baylor Scheierman,1610612738,BOS,64,44,20,1115.0,952,729,86,12,15,152,244,113,0.09,0.119
1642879,Ben Saraf,1610612751,BKN,32,8,24,587.0,1052,1111,98,11,10,189,265,119,0.093,0.113
1641767,Ben Sheppard,1610612754,IND,58,13,45,1245.0,1552,1345,103,5,22,173,258,130,0.066,0.084
1631097,Bennedict Mathurin,1610612746,LAC,44,16,28,1372.0,1469,1741,100,9,21,185,257,130,0.068,0.088
1643016,Bez Mbeng,1610612762,UTA,4,1,3,122.0,126,96,14,2,3,25,37,19,0.111,0.151
1641731,Bilal Coulibaly,1610612764,WAS,47,13,34,1252.0,1495,1468,124,7,13,187,315,143,0.083,0.096
202687,Bismack Biyombo,1610612759,SAS,20,16,4,117.0,115,62,5,0,1,8,15,6,0.043,0.052
1642396,Blake Hinson,1610612762,UTA,10,3,7,202.0,160,168,8,0,2,12,19,10,0.05,0.063
1631104,Blake Wesley,1610612757,POR,23,14,9,301.0,493,525,54,3,6,101,144,63,0.11,0.128
1626171,Bobby Portis,1610612749,MIL,66,26,40,1600.0,2178,1810,104,5,16,182,275,125,0.048,0.057
1641752,Bobi Klintman,1610612765,DET,11,7,4,69.0,63,50,6,0,0,8,14,6,0.095,0.095
203992,Bogdan Bogdanović,1610612746,LAC,20,5,15,421.0,543,525,50,7,11,89,142,68,0.092,0.125
1630538,Bones Hyland,1610612750,MIN,61,38,23,925.0,1686,1807,156,11,27,244,400,196,0.093,0.116
203078,Bradley Beal,1610612746,LAC,6,2,4,121.0,111,146,10,1,0,16,27,11,0.09,0.099
1642382,Branden Carlson,1610612760,OKC,35,27,8,376.0,362,270,21,0,2,26,51,23,0.058,0.064
1641764,Brandin Podziemski,1610612744,GSW,69,33,36,1941.0,3132,3219,261,14,58,557,714,333,0.083,0.106
1629634,Brandon Clarke,1610612763,MEM,2,1,1,20.0,15,17,1,0,0,3,3,1,0.067,0.067
1627742,Brandon Ingram,1610612761,TOR,66,38,28,2251.0,2154,2789,248,14,40,494,645,301,0.115,0.14
1641706,Brandon Miller,1610612766,CHA,53,33,20,1596.0,1999,2331,184,19,30,341,501,233,0.092,0.117
1630314,Brandon Williams,1610612742,DAL,60,21,39,1320.0,1955,2286,226,25,30,419,579,281,0.116,0.144
1641729,Brice Sensabaugh,1610612762,UTA,66,18,48,1497.0,1304,1555,110,19,22,209,296,151,0.084,0.116
1642355,Bronny James,1610612747,LAL,32,17,15,224.0,310,335,38,3,4,59,91,44,0.123,0.142
201572,Brook Lopez,1610612746,LAC,63,33,30,1302.0,980,1055,75,5,6,123,202,86,0.077,0.088
1642964,Brooks Barnhizer,1610612760,OKC,34,25,9,271.0,223,166,18,1,3,34,51,22,0.081,0.099
1628971,Bruce Brown,1610612743,DEN,70,42,28,1726.0,1964,1832,149,22,22,256,398,192,0.076,0.098
1631121,Bryce McGowens,1610612740,NOP,42,14,28,880.0,825,683,62,8,5,91,161,75,0.075,0.091
1642267,Bub Carrington,1610612764,WAS,69,16,53,1900.0,3205,3057,312,36,18,569,782,364,0.097,0.114
1631205,Buddy Boeheim,1610612760,OKC,4,2,2,15.0,6,10,0,1,0,1,2,1,0.0,0.167
1627741,Buddy Hield,1610612737,ATL,46,22,24,775.0,1029,971,66,12,15,124,191,93,0.064,0.09
203468,CJ McCollum,1610612737,ATL,64,29,35,1909.0,2371,3078,235,24,34,487,632,293,0.099,0.124
1630595,Cade Cunningham,1610612765,DET,61,44,17,2096.0,3737,4369,603,73,70,1069,1548,744,0.161,0.199
1631216,Caleb Houstan,1610612737,ATL,14,9,5,59.0,38,44,2,1,0,9,6,3,0.053,0.079
1631126,Caleb Love,1610612757,POR,45,21,24,999.0,1199,1469,122,10,16,199,316,147,0.102,0.123
1628997,Caleb Martin,1610612742,DAL,58,20,38,856.0,745,641,81,11,9,143,220,101,0.109,0.136
1642353,Cam Christie,1610612746,LAC,47,22,25,434.0,456,450,28,1,11,51,75,41,0.061,0.09
1642285,Cam Spencer,1610612763,MEM,65,23,42,1546.0,2748,2938,352,31,38,601,895,420,0.128,0.153
1630560,Cam Thomas,1610612749,MIL,41,11,30,865.0,1008,1424,107,2,20,196,270,128,0.106,0.127
1641715,Cam Whitmore,1610612764,WAS,21,3,18,354.0,220,300,15,0,0,30,38,15,0.068,0.068
1629661,Cameron Johnson,1610612743,DEN,44,27,17,1340.0,1180,1188,103,10,15,189,264,127,0.087,0.108
1626166,Cameron Payne,1610612755,PHI,15,7,8,260.0,474,484,40,4,4,64,95,48,0.084,0.101
1627747,Caris LeVert,1610612765,DET,49,35,14,953.0,1233,1299,130,13,8,263,324,151,0.105,0.122
1642868,Carter Bryant,1610612759,SAS,59,46,13,620.0,493,459,28,6,4,61,77,38,0.057,0.077
1641717,Cason Wallace,1610612760,OKC,67,52,15,1826.0,1879,1791,183,20,27,371,491,230,0.097,0.122
1642907,Cedric Coward,1610612763,MEM,54,19,35,1403.0,2193,1740,152,14,21,252,393,188,0.069,0.086
1643052,Chaney Johnson,1610612751,BKN,6,1,5,123.0,137,99,9,1,0,15,21,10,0.066,0.073
1629646,Charles Bassey,1610612738,BOS,4,1,3,37.0,29,12,2,0,0,3,5,2,0.069,0.069
1642404,Chaz Lanier,1610612765,DET,25,21,4,193.0,119,152,14,2,0,16,34,16,0.118,0.134
1631096,Chet Holmgren,1610612760,OKC,60,48,12,1759.0,1806,1422,102,6,10,158,251,118,0.056,0.065
1628449,Chris Boucher,1610612738,BOS,9,4,5,94.0,82,63,3,0,1,6,9,4,0.037,0.049
1641753,Chris Livingston,1610612739,CLE,3,2,1,17.0,14,16,1,0,0,1,2,1,0.071,0.071
1643024,Chris Mañon,1610612747,LAL,6,2,4,25.0,27,12,1,1,0,4,3,2,0.037,0.074
101108,Chris Paul,1610612746,LAC,16,4,12,228.0,418,434,53,5,5,109,146,63,0.127,0.151
1642959,Chris Youngblood,1610612757,POR,32,27,5,174.0,100,108,11,0,2,13,29,13,0.11,0.13
1631128,Christian Braun,1610612743,DEN,34,19,15,1088.0,1244,1095,101,8,11,147,262,120,0.081,0.096
1631132,Christian Koloko,1610612737,ATL,23,13,10,314.0,270,180,14,2,4,27,39,20,0.052,0.074
1642935,Chucky Hepburn,1610612761,TOR,2,0,2,13.0,23,28,2,0,0,5,5,2,0.087,0.087
203991,Clint Capela,1610612745,HOU,62,37,25,776.0,696,437,40,3,7,63,104,50,0.057,0.072
1629632,Coby White,1610612766,CHA,39,21,18,1043.0,1392,1810,171,7,27,303,443,205,0.123,0.147
1628998,Cody Martin,1610612754,IND,4,0,4,55.0,57,43,2,1,1,7,7,4,0.035,0.07
1642262,Cody Williams,1610612762,UTA,56,15,41,1244.0,1035,899,86,1,11,129,212,98,0.083,0.095
1641732,Colby Jones,1610612765,DET,1,0,1,7.0,8,6,2,1,0,4,5,3,0.25,0.375
1630175,Cole Anthony,1610612749,MIL,35,12,23,527.0,924,1085,121,13,11,224,325,146,0.131,0.158
1630658,Colin Castleton,1610612753,ORL,1,0,1,10.0,11,7,1,0,0,0,2,1,0.091,0.091
1631221,Collin Gillespie,1610612756,PHX,69,38,31,1998.0,3215,3345,330,25,71,570,853,424,0.103,0.132
1642867,Collin Murray-Boyles,1610612761,TOR,47,25,22,1046.0,1192,929,93,3,9,156,237,105,0.078,0.088
1629012,Collin Sexton,1610612741,CHI,56,22,34,1275.0,1778,2288,189,19,20,344,485,229,0.106,0.129
1642843,Cooper Flagg,1610612742,DAL,58,19,39,1946.0,2498,2590,260,8,34,454,629,296,0.104,0.118
1630557,Corey Kispert,1610612737,ATL,48,21,27,933.0,806,833,79,4,9,124,200,92,0.098,0.114
1642504,Cormac Ryan,1610612749,MIL,1,0,1,8.0,5,8,1,0,0,1,3,1,0.2,0.2
1641854,Craig Porter Jr.,1610612739,CLE,58,39,19,1024.0,1621,1445,187,17,25,360,480,229,0.115,0.141
1642938,Curtis Jones,1610612743,DEN,6,4,2,31.0,28,32,3,0,0,2,7,3,0.107,0.107
1626156,D'Angelo Russell,1610612764,WAS,26,9,17,495.0,853,891,104,16,11,178,282,131,0.122,0.154
1641747,DaRon Holmes II,1610612743,DEN,19,11,8,194.0,181,181,16,3,1,28,45,20,0.088,0.11
1631342,Daeqwon Plowden,1610612758,SAC,21,6,15,514.0,444,423,24,1,4,46,66,29,0.054,0.065
1630625,Dalano Banton,1610612738,BOS,5,3,2,25.0,36,43,4,1,0,7,11,5,0.111,0.139
1631207,Dalen Terry,1610612755,PHI,43,18,25,511.0,660,605,62,2,10,112,160,74,0.094,0.112
1642261,Dalton Knecht,1610612747,LAL,48,29,19,509.0,431,420,16,3,2,37,47,21,0.037,0.049
1629655,Daniel Gafford,1610612742,DAL,49,11,38,1062.0,947,669,49,4,4,83,124,57,0.052,0.06
1642450,Daniss Jenkins,1610612765,DET,59,44,15,1040.0,1666,1871,186,25,22,356,489,233,0.112,0.14
1642874,Danny Wolf,1610612751,BKN,55,14,41,1150.0,1377,1274,125,15,11,219,325,151,0.091,0.11
203967,Dario Saric,1610612758,SAC,5,1,4,41.0,31,23,2,0,1,2,5,3,0.065,0.097
1642468,Darius Brown,1610612739,CLE,1,1,0,3.0,4,4,0,1,0,2,2,1,0.0,0.25
1629636,Darius Garland,1610612746,LAC,34,18,16,1010.0,1545,1887,232,21,28,408,580,280,0.15,0.181
1642357,David Jones Garcia,1610612759,SAS,11,7,4,68.0,90,99,18,0,3,18,40,20,0.2,0.222
1631223,David Roddy,1610612743,DEN,2,1,1,12.0,26,18,2,1,0,4,7,3,0.077,0.115
1630558,Davion Mitchell,1610612748,MIA,59,33,26,1667.0,3192,3188,390,36,67,678,1043,491,0.122,0.154
1630549,Day'Ron Sharpe,1610612751,BKN,62,17,45,1160.0,1619,1357,145,13,8,238,390,166,0.09,0.103
1628368,De'Aaron Fox,1610612759,SAS,61,46,15,1916.0,2815,3248,381,44,47,703,1029,472,0.135,0.168
1629631,De'Andre Hunter,1610612758,SAC,45,24,21,1175.0,1137,1225,90,13,22,179,239,124,0.079,0.109
1629001,De'Anthony Melton,1610612744,GSW,38,19,19,866.0,1313,1426,91,10,26,201,246,127,0.069,0.097
201599,DeAndre Jordan,1610612740,NOP,10,6,4,163.0,149,93,8,2,0,17,23,10,0.054,0.067
1630610,DeJon Jarreau,1610612763,MEM,3,1,2,57.0,101,82,13,1,0,22,35,14,0.129,0.139
201942,DeMar DeRozan,1610612758,SAC,69,17,52,2184.0,1728,2591,275,15,44,536,717,334,0.159,0.193
1629731,Dean Wade,1610612739,CLE,55,33,22,1235.0,1239,864,82,5,15,142,217,102,0.066,0.082
1629028,Deandre Ayton,1610612747,LAL,61,39,22,1682.0,1624,1064,53,3,10,102,134,65,0.033,0.04
1627749,Dejounte Murray,1610612740,NOP,9,5,4,246.0,426,474,53,11,10,108,141,74,0.124,0.174
1630166,Deni Avdija,1610612757,POR,54,27,27,1802.0,3076,3404,360,30,53,732,969,442,0.117,0.144
203471,Dennis Schröder,1610612739,CLE,59,21,38,1479.0,2642,2838,294,26,21,476,747,341,0.111,0.129
1641726,Dereck Lively II,1610612742,DAL,7,3,4,115.0,138,93,13,4,2,17,35,19,0.094,0.138
1642852,Derik Queen,1610612740,NOP,70,25,45,1731.0,2481,1996,263,30,18,395,671,311,0.106,0.125
1627884,Derrick Jones Jr.,1610612746,LAC,38,18,20,1039.0,903,860,52,1,5,73,128,58,0.058,0.064
1628401,Derrick White,1610612738,BOS,66,44,22,2260.0,3915,3976,371,28,40,654,955,438,0.095,0.112
1630217,Desmond Bane,1610612753,ORL,69,38,31,2356.0,2757,3292,287,30,42,529,747,354,0.104,0.128
1626164,Devin Booker,1610612756,PHX,54,32,22,1810.0,1951,3106,318,32,64,664,872,414,0.163,0.212
1642269,Devin Carter,1610612758,SAC,27,4,23,386.0,562,597,57,6,4,108,135,67,0.101,0.119
1630170,Devin Vassell,1610612759,SAS,56,43,13,1724.0,1632,1735,138,13,27,239,356,178,0.085,0.109
1628415,Dillon Brooks,1610612756,PHX,50,30,20,1530.0,1032,1674,88,11,14,145,234,113,0.085,0.109
1641794,Dillon Jones,1610612752,NYK,5,4,1,24.0,35,25,4,0,0,5,9,4,0.114,0.114
1627734,Domantas Sabonis,1610612758,SAC,19,3,16,564.0,893,698,78,7,7,135,190,93,0.087,0.104
1631230,Dominick Barlow,1610612755,PHI,58,32,26,1415.0,1195,991,69,5,14,108,181,88,0.058,0.074
1642270,Donovan Clingan,1610612757,POR,65,33,32,1774.0,1936,1414,142,11,15,201,354,167,0.073,0.086
1628378,Donovan Mitchell,1610612739,CLE,61,38,23,2043.0,2632,3470,358,46,59,698,939,463,0.136,0.176
1628978,Donte DiVincenzo,1610612750,MIN,70,43,27,2155.0,2951,2646,287,32,41,424,718,359,0.097,0.122
1627827,Dorian Finney-Smith,1610612745,HOU,32,20,12,562.0,517,373,31,2,3,51,76,35,0.06,0.068
203926,Doug McDermott,1610612758,SAC,18,4,14,220.0,211,212,8,2,2,23,21,12,0.038,0.057
1642962,Drake Powell,1610612751,BKN,52,13,39,1011.0,1022,996,75,5,16,169,212,96,0.073,0.094
203110,Draymond Green,1610612744,GSW,56,27,29,1524.0,3188,2708,298,33,32,566,795,363,0.093,0.114
1629234,Drew Eubanks,1610612758,SAC,42,10,32,552.0,450,403,19,1,2,38,46,22,0.042,0.049
1641809,Drew Peterson,1610612766,CHA,6,1,5,64.0,62,42,2,0,0,6,5,2,0.032,0.032
1631166,Drew Timme,1610612747,LAL,21,13,8,179.0,195,169,16,1,1,26,36,18,0.082,0.092
1630696,Dru Smith,1610612748,MIA,66,36,30,1115.0,1788,1685,176,14,26,295,447,215,0.098,0.12
1629130,Duncan Robinson,1610612765,DET,67,49,18,1847.0,1484,1622,136,16,14,231,340,166,0.092,0.112
1641871,Duop Reath,1610612757,POR,32,16,16,258.0,213,185,10,0,4,20,25,14,0.047,0.066
203939,Dwight Powell,1610612742,DAL,53,16,37,713.0,679,454,49,1,3,74,121,55,0.072,0.081
1642928,Dylan Cardwell,1610612758,SAC,32,9,23,662.0,575,374,40,2,5,86,101,47,0.07,0.082
1642844,Dylan Harper,1610612759,SAS,57,43,14,1265.0,1930,2088,218,20,42,408,580,280,0.113,0.145
1630700,Dyson Daniels,1610612737,ATL,65,37,28,2164.0,3308,3076,393,32,52,644,1021,475,0.119,0.144
1630604,E.J. Liddell,1610612751,BKN,16,2,14,122.0,116,103,9,1,1,19,27,11,0.078,0.095
1642856,Egor Dëmin,1610612751,BKN,52,14,38,1308.0,2172,2025,173,20,25,359,491,218,0.08,0.1
1641989,Elijah Harkless,1610612762,UTA,21,5,16,380.0,433,441,53,1,4,83,136,58,0.122,0.134
1641801,Emanuel Miller,1610612759,SAS,5,0,5,33.0,30,30,4,0,0,1,8,4,0.133,0.133
1642402,Enrique Freeman,1610612750,MIN,2,1,1,8.0,7,2,0,0,0,0,0,0,0.0,0.0
201569,Eric Gordon,1610612755,PHI,6,3,3,74.0,74,81,3,0,0,5,6,3,0.041,0.041
1630679,Ethan Thompson,1610612754,IND,24,5,19,417.0,445,413,35,1,3,53,88,39,0.079,0.088
1630596,Evan Mobley,1610612739,CLE,55,33,22,1785.0,2589,2143,198,19,23,393,520,239,0.076,0.092
1630532,Franz Wagner,1610612753,ORL,28,16,12,891.0,1011,1146,101,15,11,190,270,127,0.1,0.126
1641713,GG Jackson,1610612763,MEM,46,15,31,952.0,1161,1070,65,3,11,116,162,78,0.056,0.067
1629216,Gabe Vincent,1610612737,ATL,41,28,13,709.0,718,744,57,3,7,98,141,68,0.079,0.095
202066,Garrett Temple,1610612761,TOR,17,8,9,52.0,83,77,6,0,0,6,14,6,0.072,0.072
1629726,Garrison Mathews,1610612754,IND,15,4,11,196.0,184,166,10,0,0,19,23,10,0.054,0.054
203914,Gary Harris,1610612749,MIL,45,15,30,617.0,538,397,46,4,6,71,120,56,0.086,0.104
1627780,Gary Payton II,1610612744,GSW,62,29,33,907.0,1289,1055,104,4,14,185,265,122,0.081,0.095
1629018,Gary Trent Jr.,1610612749,MIL,57,22,35,1192.0,650,929,70,1,10,93,168,81,0.108,0.125
203507,Giannis Antetokounmpo,1610612749,MIL,36,17,19,1039.0,1559,1804,196,9,35,386,547,239,0.126,0.153
1629048,Goga Bitadze,1610612753,ORL,51,27,24,761.0,819,608,59,3,0,79,137,60,0.072,0.073
1641711,Gradey Dick,1610612761,TOR,64,36,28,959.0,641,767,42,6,8,88,109,56,0.066,0.087
1641761,Grant Nelson,1610612751,BKN,4,0,4,35.0,38,44,5,0,1,9,12,6,0.132,0.158
1629684,Grant Williams,1610612766,CHA,26,18,8,508.0,519,424,46,3,8,78,123,57,0.089,0.11
1628960,Grayson Allen,1610612756,PHX,44,24,20,1312.0,1647,1896,182,22,18,322,483,218,0.111,0.132
1627824,Guerschon Yabusele,1610612741,CHI,59,30,29,808.0,820,734,53,2,9,81,140,64,0.065,0.078
1630611,Gui Santos,1610612744,GSW,58,26,32,1099.0,1523,1359,122,8,28,223,323,159,0.08,0.104
203084,Harrison Barnes,1610612759,SAS,65,47,18,1723.0,1490,1368,133,12,12,218,339,157,0.089,0.105
1631127,Harrison Ingram,1610612759,SAS,5,4,1,17.0,20,14,1,0,1,3,5,3,0.05,0.15
1629312,Haywood Highsmith,1610612756,PHX,6,3,3,80.0,69,45,7,1,1,12,22,9,0.101,0.13
1630529,Herbert Jones,1610612740,NOP,48,22,26,1388.0,1694,1394,133,11,9,219,334,153,0.079,0.09
1642864,Hugo González,1610612738,BOS,64,43,21,980.0,849,557,37,2,12,79,99,51,0.044,0.06
1630621,Hunter Dickinson,1610612740,NOP,1,0,1,5.0,4,7,0,0,0,1,0,0,0.0,0.0
1642282,Hunter Sallis,1610612755,PHI,7,3,4,26.0,51,57,4,1,2,8,13,7,0.078,0.137
1641816,Hunter Tyson,1610612743,DEN,21,15,6,162.0,145,129,17,0,2,22,45,19,0.117,0.131
1630193,Immanuel Quickley,1610612761,TOR,65,38,27,2114.0,3594,3960,393,32,53,676,987,478,0.109,0.133
1642403,Isaac Jones,1610612765,DET,5,3,2,24.0,9,6,1,0,2,0,2,3,0.111,0.333
1630171,Isaac Okoro,1610612741,CHI,55,25,30,1480.0,1092,1104,87,10,12,172,236,109,0.08,0.1
1642268,Isaiah Collier,1610612762,UTA,59,16,43,1517.0,3144,3255,423,46,32,800,1128,501,0.135,0.159
1642384,Isaiah Crawford,1610612745,HOU,11,5,6,67.0,33,25,4,0,0,4,9,4,0.121,0.121
1628392,Isaiah Hartenstein,1610612760,OKC,38,31,7,951.0,1421,998,137,11,8,212,339,155,0.096,0.109
1630543,Isaiah Jackson,1610612746,LAC,51,16,35,838.0,774,570,46,9,9,87,118,64,0.059,0.083
1630198,Isaiah Joe,1610612760,OKC,61,47,14,1335.0,1160,1308,87,11,23,183,236,121,0.075,0.104
1630587,Isaiah Livers,1610612756,PHX,34,20,14,333.0,270,198,21,1,1,37,58,23,0.078,0.085
1641815,Isaiah Stevens,1610612758,SAC,3,0,3,43.0,82,71,10,0,0,16,25,10,0.122,0.122
1630191,Isaiah Stewart,1610612765,DET,55,39,16,1273.0,921,900,66,8,6,120,172,80,0.072,0.087
1627826,Ivica Zubac,1610612754,IND,48,17,31,1447.0,1615,1372,105,5,22,199,262,131,0.065,0.081
1631120,JD Davison,1610612745,HOU,25,20,5,184.0,265,243,28,2,2,43,65,32,0.106,0.121
1629630,Ja Morant,1610612763,MEM,20,7,13,568.0,924,1195,161,16,19,299,413,195,0.174,0.211
1642266,Ja'Kobe Walter,1610612761,TOR,58,34,24,1096.0,923,776,61,3,8,107,155,72,0.066,0.078
1631095,Jabari Smith Jr.,1610612745,HOU,64,38,26,2238.0,2230,1848,118,8,20,204,306,146,0.053,0.065
1631133,Jabari Walker,1610612755,PHI,56,31,25,701.0,579,474,29,4,7,53,77,40,0.05,0.069
1631210,Jacob Toppin,1610612737,ATL,5,3,2,17.0,28,22,1,0,0,3,3,1,0.036,0.036
1630702,Jaden Hardy,1610612764,WAS,48,12,36,709.0,581,796,42,1,8,72,99,51,0.072,0.088
1631093,Jaden Ivey,1610612741,CHI,37,23,14,670.0,767,827,68,5,8,123,172,81,0.089,0.106
1630183,Jaden McDaniels,1610612750,MIN,68,41,27,2152.0,2169,2120,189,27,37,310,503,253,0.087,0.117
1630256,Jae'Sean Tate,1610612745,HOU,34,24,10,287.0,273,230,17,0,3,32,43,20,0.062,0.073
1642942,Jahmai Mashack,1610612763,MEM,24,9,15,449.0,478,435,32,2,7,69,81,41,0.067,0.086
1642443,Jahmir Young,1610612748,MIA,11,8,3,51.0,85,102,6,1,4,16,17,11,0.071,0.129
1643141,Jahmyl Telfort,1610612746,LAC,8,2,6,32.0,23,15,1,0,0,3,3,1,0.043,0.043
1631170,Jaime Jaquez Jr.,1610612748,MIA,64,36,28,1830.0,3172,3020,305,43,39,584,836,387,0.096,0.122
1631222,Jake LaRavia,1610612747,LAL,70,45,25,1732.0,1923,1420,129,12,15,186,335,155,0.067,0.081
1627751,Jakob Poeltl,1610612761,TOR,33,20,13,845.0,940,674,69,4,10,86,165,82,0.073,0.087
1628973,Jalen Brunson,1610612752,NYK,64,43,21,2231.0,4075,4607,423,27,80,755,1087,530,0.104,0.13
1631105,Jalen Duren,1610612765,DET,59,41,18,1637.0,1865,1370,98,11,12,180,238,120,0.053,0.064
1630224,Jalen Green,1610612756,PHX,22,12,10,561.0,567,843,58,5,15,111,157,78,0.102,0.138
1630552,Jalen Johnson,1610612737,ATL,62,36,26,2187.0,4010,3419,504,43,31,897,1304,578,0.126,0.144
1629618,Jalen Pickett,1610612743,DEN,44,28,16,736.0,1046,982,104,12,5,212,277,122,0.099,0.117
1641771,Jalen Slawson,1610612754,IND,5,0,5,128.0,161,118,15,1,0,22,41,16,0.093,0.099
1630188,Jalen Smith,1610612741,CHI,51,25,26,1064.0,1274,1105,63,4,13,100,163,80,0.049,0.063
1630591,Jalen Suggs,1610612753,ORL,46,27,19,1234.0,2067,2101,241,30,34,373,594,297,0.117,0.144
1631114,Jalen Williams,1610612760,OKC,26,19,7,755.0,959,1107,141,7,4,229,362,151,0.147,0.157
1630592,Jalen Wilson,1610612751,BKN,45,8,37,638.0,573,603,27,6,3,72,82,36,0.047,0.063
1631288,Jamal Cain,1610612753,ORL,27,15,12,215.0,153,163,11,1,0,17,27,12,0.072,0.078
1627750,Jamal Murray,1610612743,DEN,65,38,27,2273.0,3281,4040,464,57,78,840,1219,598,0.141,0.182
1642347,Jamal Shead,1610612761,TOR,68,39,29,1494.0,2647,2719,347,44,41,642,889,433,0.131,0.164
1631123,Jamaree Bouyea,1610612756,PHX,36,18,18,527.0,724,748,62,1,5,115,163,68,0.086,0.094
201935,James Harden,1610612739,CLE,60,33,27,2097.0,2989,3767,481,43,53,809,1236,577,0.161,0.193
1630164,James Wiseman,1610612754,IND,4,0,4,58.0,43,34,3,0,0,5,8,3,0.07,0.07
1642364,Jamir Watkins,1610612764,WAS,37,9,28,699.0,583,488,42,3,5,66,111,50,0.072,0.086
1642419,Jamison Battle,1610612761,TOR,50,29,21,440.0,331,278,19,3,4,32,49,26,0.057,0.079
1641716,Jarace Walker,1610612754,IND,69,14,55,1765.0,1954,1843,166,16,24,304,425,206,0.085,0.105
1642272,Jared McCain,1610612760,OKC,55,37,18,958.0,1146,1195,77,10,14,152,211,101,0.067,0.088
1628991,Jaren Jackson Jr.,1610612762,UTA,48,19,29,1455.0,1396,1662,94,10,16,196,258,120,0.067,0.086
1629020,Jarred Vanderbilt,1610612747,LAL,55,33,22,978.0,952,597,68,5,7,114,168,80,0.071,0.084
1628386,Jarrett Allen,1610612739,CLE,51,33,18,1405.0,1267,1249,97,12,11,146,258,120,0.077,0.095
1642859,Jase Richardson,1610612753,ORL,46,21,25,519.0,581,612,51,8,4,87,131,63,0.088,0.108
1642914,Javon Small,1610612763,MEM,33,12,21,626.0,926,1033,123,8,5,197,319,136,0.133,0.147
1631451,Javonte Cooke,1610612757,POR,19,6,13,94.0,117,115,7,1,0,13,15,8,0.06,0.068
1629750,Javonte Green,1610612765,DET,69,50,19,1224.0,1223,944,46,8,10,101,115,63,0.038,0.052
1629637,Jaxson Hayes,1610612747,LAL,58,38,20,1019.0,820,653,52,3,4,86,137,59,0.063,0.072
1630643,Jay Huff,1610612754,IND,70,15,55,1448.0,1361,1436,92,5,14,142,237,111,0.068,0.082
1627759,Jaylen Brown,1610612738,BOS,62,40,22,2116.0,2286,3242,319,22,43,575,845,384,0.14,0.168
1641740,Jaylen Clark,1610612750,MIN,60,35,25,749.0,408,419,32,3,6,55,82,41,0.078,0.1
1642377,Jaylen Wells,1610612763,MEM,66,24,42,1756.0,1214,1642,108,3,23,194,274,134,0.089,0.11
1631119,Jaylin Williams,1610612760,OKC,55,45,10,1120.0,1935,1399,140,3,5,217,346,146,0.072,0.075
1642281,Jaylon Tyson,1610612739,CLE,64,40,24,1727.0,1758,1859,141,9,24,244,372,174,0.08,0.099
1643257,Jayson Kent,1610612757,POR,1,1,0,3.0,2,1,0,0,0,0,0,0,0.0,0.0
1628369,Jayson Tatum,1610612738,BOS,6,5,1,176.0,264,229,24,2,3,51,62,29,0.091,0.11
201145,Jeff Green,1610612745,HOU,25,17,8,134.0,73,95,4,0,0,7,10,4,0.055,0.055
203924,Jerami Grant,1610612757,POR,54,25,29,1610.0,1527,1871,121,9,12,239,323,142,0.079,0.093
1642847,Jeremiah Fears,1610612740,NOP,71,25,46,1774.0,2688,3005,228,22,31,379,581,282,0.085,0.105
1630526,Jeremiah Robinson-Earl,1610612742,DAL,22,8,14,361.0,356,199,15,0,3,31,34,17,0.042,0.048
1631110,Jeremy Sochan,1610612752,NYK,39,27,12,416.0,447,381,33,3,2,71,88,37,0.074,0.083
1630579,Jericho Sims,1610612749,MIL,54,21,33,956.0,1088,702,59,0,8,89,152,67,0.054,0.062
1641724,Jett Howard,1610612753,ORL,47,25,22,598.0,396,510,40,6,4,78,104,50,0.101,0.126
1628975,Jevon Carter,1610612753,ORL,40,19,21,608.0,812,844,64,6,11,106,159,77,0.079,0.095
202710,Jimmy Butler III,1610612744,GSW,38,23,15,1182.0,1722,1811,185,18,31,408,509,234,0.107,0.136
1642866,Joan Beringer,1610612750,MIN,32,17,15,218.0,170,130,8,0,3,11,21,11,0.047,0.065
1629111,Jock Landale,1610612737,ATL,62,31,31,1370.0,1348,1283,102,8,16,175,274,125,0.076,0.093
204060,Joe Ingles,1610612750,MIN,24,12,12,98.0,136,107,20,1,1,30,47,21,0.147,0.154
203954,Joel Embiid,1610612755,PHI,33,21,12,1029.0,1415,1696,130,18,15,245,352,163,0.092,0.115
1628381,John Collins,1610612746,LAC,58,25,33,1596.0,1408,1146,59,3,11,98,153,73,0.042,0.052
1629723,John Konchar,1610612762,UTA,44,17,27,759.0,876,559,67,6,12,135,177,85,0.076,0.097
1642967,John Poulakidas,1610612742,DAL,3,1,2,47.0,38,27,2,0,1,4,5,3,0.053,0.079
1642910,John Tonje,1610612738,BOS,3,3,0,11.0,11,10,1,0,0,1,3,1,0.091,0.091
1641780,Johni Broome,1610612755,PHI,11,5,6,55.0,66,57,4,0,2,7,8,6,0.061,0.091
1642277,Johnny Furphy,1610612754,IND,35,10,25,643.0,748,522,41,2,3,60,99,46,0.055,0.061
1630548,Johnny Juzang,1610612750,MIN,21,13,8,88.0,72,74,6,2,0,9,19,8,0.083,0.111
202685,Jonas Valančiūnas,1610612743,DEN,58,35,23,773.0,1056,955,68,7,3,93,177,78,0.064,0.074
1628371,Jonathan Isaac,1610612753,ORL,52,29,23,521.0,447,272,22,3,4,35,60,29,0.049,0.065
1630228,Jonathan Kuminga,1610612737,ATL,26,15,11,612.0,773,769,66,5,6,127,173,77,0.085,0.1
1642367,Jonathan Mogbo,1610612761,TOR,29,13,16,169.0,180,102,13,1,0,22,32,14,0.072,0.078
203903,Jordan Clarkson,1610612752,NYK,60,37,23,1078.0,815,1039,75,4,10,132,202,89,0.092,0.109
1630692,Jordan Goodwin,1610612756,PHX,60,34,26,1339.0,1736,1412,130,17,21,225,333,167,0.075,0.096
1641722,Jordan Hawkins,1610612740,NOP,43,12,31,517.0,414,430,27,3,7,46,69,37,0.065,0.089
1629162,Jordan McLaughlin,1610612759,SAS,36,30,6,221.0,383,379,31,5,7,74,85,43,0.081,0.112
1641757,Jordan Miller,1610612746,LAC,49,29,20,1063.0,1124,1099,104,11,16,177,283,131,0.093,0.117
1629673,Jordan Poole,1610612740,NOP,35,15,20,843.0,1030,1348,106,16,14,189,273,136,0.103,0.132
1641775,Jordan Walsh,1610612738,BOS,58,38,20,998.0,763,568,43,3,3,83,121,49,0.056,0.064
1630631,Jose Alvarado,1610612752,NYK,59,22,37,1202.0,1957,1986,200,17,17,322,502,233,0.102,0.119
1630581,Josh Giddey,1610612741,CHI,48,20,28,1533.0,3435,3347,433,34,49,800,1125,514,0.126,0.15
1630182,Josh Green,1610612766,CHA,46,29,17,765.0,481,389,42,1,6,66,104,49,0.087,0.102
1628404,Josh Hart,1610612752,NYK,56,37,19,1678.0,2617,2131,283,19,30,462,745,333,0.108,0.127
1631169,Josh Minott,1610612751,BKN,42,22,20,665.0,460,402,39,3,1,63,104,43,0.085,0.093
1629006,Josh Okogie,1610612745,HOU,65,39,26,1199.0,881,710,56,5,13,104,139,74,0.064,0.084
201950,Jrue Holiday,1610612757,POR,41,20,21,1186.0,2038,2265,255,34,20,515,671,309,0.125,0.152
1630577,Julian Champagnie,1610612759,SAS,70,52,18,1949.0,1934,1627,105,19,21,194,294,145,0.054,0.075
1641763,Julian Phillips,1610612750,MIN,42,16,26,363.0,196,172,8,0,2,15,18,10,0.041,0.051
1642882,Julian Reese,1610612764,WAS,5,0,5,148.0,134,104,9,1,2,20,21,12,0.067,0.09
1631124,Julian Strawther,1610612743,DEN,46,27,19,691.0,629,703,47,8,7,96,130,62,0.075,0.099
203944,Julius Randle,1610612750,MIN,70,43,27,2309.0,2693,3297,359,25,32,597,956,414,0.133,0.154
1630551,Justin Champagnie,1610612764,WAS,60,13,47,1167.0,1228,824,68,1,5,92,172,73,0.055,0.059
1642348,Justin Edwards,1610612755,PHI,52,30,22,794.0,828,809,68,6,6,94,189,80,0.082,0.097
203994,Jusuf Nurkić,1610612762,UTA,41,14,27,1083.0,1832,1508,196,18,8,311,500,221,0.107,0.121
1642354,KJ Simpson,1610612743,DEN,17,7,10,246.0,393,421,43,2,1,70,113,46,0.109,0.117
1642955,Kadary Richmond,1610612764,WAS,3,2,1,67.0,63,52,8,2,0,10,21,10,0.127,0.159
1642880,Kam Jones,1610612754,IND,30,4,26,463.0,722,744,80,2,11,171,205,92,0.111,0.127
1626157,Karl-Anthony Towns,1610612752,NYK,65,42,23,2031.0,2055,2215,188,10,22,275,458,220,0.091,0.107
1631255,Karlo Matković,1610612740,NOP,57,24,33,828.0,674,536,48,1,4,82,124,53,0.071,0.079
1642857,Kasparas Jakučionis,1610612748,MIA,43,24,19,764.0,1118,1008,104,7,13,185,266,123,0.093,0.11
202695,Kawhi Leonard,1610612746,LAC,54,30,24,1742.0,1684,2334,196,11,51,375,511,258,0.116,0.153
1630811,Keaton Wallace,1610612737,ATL,47,27,20,478.0,880,957,83,5,16,174,210,102,0.094,0.116
1631099,Keegan Murray,1610612758,SAC,23,5,18,793.0,680,616,38,10,2,81,104,50,0.056,0.074
1642276,Kel'el Ware,1610612748,MIA,65,34,31,1480.0,1351,859,37,4,9,57,103,50,0.027,0.037
1629640,Keldon Johnson,1610612759,SAS,70,52,18,1621.0,1729,1426,90,13,14,180,241,117,0.052,0.068
203482,Kelly Olynyk,1610612759,SAS,37,28,9,336.0,467,401,44,5,2,76,113,51,0.094,0.109
1626162,Kelly Oubre Jr.,1610612755,PHI,41,22,19,1330.0,1346,1237,71,4,11,108,172,86,0.053,0.064
1629026,Kenrich Williams,1610612760,OKC,46,33,13,731.0,700,596,65,3,6,107,171,74,0.093,0.106
203484,Kentavious Caldwell-Pope,1610612763,MEM,51,20,31,1088.0,1563,1442,139,18,18,246,367,175,0.089,0.112
1631165,Keon Ellis,1610612739,CLE,61,23,38,1200.0,1060,948,56,6,9,110,155,71,0.053,0.067
1642352,Keshad Johnson,1610612748,MIA,25,13,12,203.0,250,210,3,2,6,25,10,11,0.012,0.044
1642933,Keshon Gilbert,1610612737,ATL,3,0,3,48.0,40,32,3,0,0,5,7,3,0.075,0.075
201142,Kevin Durant,1610612745,HOU,65,38,27,2373.0,2514,3383,288,54,62,564,737,403,0.115,0.16
1628989,Kevin Huerter,1610612765,DET,58,32,26,1278.0,1533,1416,142,12,26,235,357,180,0.093,0.117
201567,Kevin Love,1610612762,UTA,37,10,27,613.0,857,597,67,6,4,89,170,77,0.078,0.09
1641755,Kevin McCullar Jr.,1610612752,NYK,20,11,9,130.0,164,135,19,0,2,27,48,21,0.116,0.128
1629645,Kevin Porter Jr.,1610612749,MIL,38,18,20,1261.0,2240,2537,280,25,31,522,731,336,0.125,0.15
1626172,Kevon Looney,1610612740,NOP,18,2,16,251.0,340,238,25,1,1,43,67,27,0.074,0.079
1641718,Keyonte George,1610612762,UTA,54,16,38,1786.0,2920,3505,332,29,48,604,841,409,0.114,0.14
1642863,Khaman Maluach,1610612756,PHX,35,17,18,260.0,218,155,6,0,0,9,16,6,0.028,0.028
203114,Khris Middleton,1610612742,DAL,52,16,36,1252.0,1064,1325,155,26,21,303,393,194,0.146,0.182
1630165,Killian Hayes,1610612758,SAC,12,6,6,210.0,351,352,45,3,1,63,111,49,0.128,0.14
202691,Klay Thompson,1610612742,DAL,60,18,42,1315.0,752,1236,81,18,8,152,213,106,0.108,0.141
1641738,Kobe Brown,1610612754,IND,51,15,36,707.0,743,638,49,6,5,86,123,59,0.066,0.079
1641723,Kobe Bufkin,1610612747,LAL,11,7,4,90.0,96,118,5,0,1,8,13,6,0.052,0.063
1642920,Kobe Sanders,1610612746,LAC,58,30,28,1192.0,1195,1230,96,10,16,177,252,122,0.08,0.102
1642886,Koby Brea,1610612756,PHX,5,1,4,23.0,26,26,3,0,0,6,8,3,0.115,0.115
1642851,Kon Knueppel,1610612766,CHA,69,36,33,2189.0,2327,2529,234,27,48,445,626,309,0.101,0.133
1627739,Kris Dunn,1610612746,LAC,70,34,36,1931.0,3020,2642,254,25,30,428,644,309,0.084,0.102
1631200,Kris Murray,1610612757,POR,45,20,25,1069.0,619,531,54,8,4,105,141,65,0.087,0.105
204001,Kristaps Porziņģis,1610612744,GSW,23,10,13,544.0,517,682,62,3,2,84,157,67,0.12,0.13
203937,Kyle Anderson,1610612750,MIN,32,10,22,625.0,833,646,88,5,4,133,215,97,0.106,0.116
1642271,Kyle Filipowski,1610612762,UTA,68,21,47,1558.0,1903,1441,161,12,15,269,402,188,0.085,0.099
1628398,Kyle Kuzma,1610612749,MIL,64,27,37,1691.0,1910,1787,166,12,25,308,435,203,0.087,0.106
200768,Kyle Lowry,1610612755,PHI,11,6,5,99.0,127,107,11,0,2,20,29,13,0.087,0.102
1642273,Kyshawn George,1610612764,WAS,48,10,38,1391.0,1965,1944,214,19,29,389,546,262,0.109,0.133
1643018,LJ Cryer,1610612744,GSW,9,3,6,116.0,145,178,5,0,3,20,13,8,0.034,0.055
1630163,LaMelo Ball,1610612766,CHA,60,33,27,1654.0,2917,3554,428,38,49,711,1131,513,0.147,0.176
1642950,Lachlan Olbrich,1610612741,CHI,26,7,19,164.0,228,176,17,1,3,33,49,21,0.075,0.092
1629013,Landry Shamet,1610612752,NYK,45,29,16,1038.0,834,956,66,2,7,118,177,76,0.079,0.091
1626204,Larry Nance Jr.,1610612739,CLE,29,21,8,353.0,331,285,27,2,2,53,73,31,0.082,0.094
1628374,Lauri Markkanen,1610612762,UTA,42,17,25,1443.0,1181,1446,89,3,10,160,232,102,0.075,0.086
1643133,Lawson Lovering,1610612763,MEM,2,1,1,49.0,30,19,3,0,1,2,7,4,0.1,0.133
2544,LeBron James,1610612747,LAL,49,31,18,1635.0,2290,2725,337,27,26,568,847,390,0.147,0.17
1641778,Leaky Black,1610612764,WAS,5,0,5,159.0,135,83,7,0,0,19,19,7,0.052,0.052
1631159,Leonard Miller,1610612741,CHI,34,15,19,387.0,410,271,19,1,2,26,47,22,0.046,0.054
1642862,Liam McNeeley,1610612766,CHA,28,10,18,342.0,308,242,23,1,5,26,61,29,0.075,0.094
1630322,Lindy Waters III,1610612759,SAS,35,26,9,245.0,251,252,16,3,3,41,44,22,0.064,0.088
1628366,Lonzo Ball,1610612739,CLE,35,19,16,728.0,1361,1068,136,12,19,226,352,167,0.1,0.123
1629652,Luguentz Dort,1610612760,OKC,58,45,13,1612.0,1128,1185,73,8,19,135,196,100,0.065,0.089
1629029,Luka Dončić,1610612747,LAL,58,39,19,2076.0,3139,3949,487,50,74,798,1211,611,0.155,0.195
1630568,Luka Garza,1610612738,BOS,59,39,20,923.0,936,741,55,0,7,82,138,62,0.059,0.066
1628379,Luke Kennard,1610612747,LAL,66,37,29,1373.0,1290,1284,131,12,21,238,344,164,0.102,0.127
1628436,Luke Kornet,1610612759,SAS,59,44,15,1244.0,1249,894,106,4,13,160,268,123,0.085,0.098
1631247,Luke Travers,1610612739,CLE,12,6,6,103.0,115,85,9,0,2,13,21,11,0.078,0.096
1630644,Mac McClung,1610612741,CHI,4,0,4,47.0,70,77,2,0,1,8,5,3,0.029,0.043
1641869,Malachi Smith,1610612751,BKN,3,0,3,45.0,60,58,5,1,0,10,14,6,0.083,0.1
1631103,Malaki Branham,1610612764,WAS,28,7,21,275.0,311,285,23,4,3,54,61,30,0.074,0.096
1642502,Malevy Leons,1610612744,GSW,16,5,11,146.0,146,114,9,0,3,18,22,12,0.062,0.082
1628370,Malik Monk,1610612758,SAC,53,15,38,1165.0,1261,1610,141,14,12,258,351,166,0.112,0.132
1630699,MarJon Beauchamp,1610612755,PHI,7,2,5,120.0,101,101,9,2,0,17,23,11,0.089,0.109
1631204,Marcus Sasser,1610612765,DET,28,20,8,352.0,454,532,58,5,4,94,151,67,0.128,0.148
203935,Marcus Smart,1610612747,LAL,59,38,21,1694.0,1950,2081,167,21,19,269,416,207,0.086,0.106
1641813,Mark Sears,1610612749,MIL,7,1,6,26.0,29,50,2,0,1,5,5,3,0.069,0.103
1631109,Mark Williams,1610612756,PHX,56,33,23,1322.0,1384,1010,56,5,3,92,148,63,0.04,0.046
1628963,Marvin Bagley III,1610612742,DAL,52,14,38,1035.0,1118,874,71,6,6,116,190,83,0.064,0.074
203486,Mason Plumlee,1610612759,SAS,17,8,9,139.0,174,98,17,3,2,24,50,22,0.098,0.126
1641824,Matas Buzelis,1610612741,CHI,69,27,42,2004.0,2379,2333,141,7,24,264,357,172,0.059,0.072
1629680,Matisse Thybulle,1610612757,POR,18,9,9,224.0,226,178,16,0,3,26,40,19,0.071,0.084
1631108,Max Christie,1610612742,DAL,65,21,44,1917.0,1752,1805,134,14,18,215,335,162,0.076,0.092
1642917,Max Shulga,1610612738,BOS,5,4,1,8.0,9,11,1,0,0,2,2,1,0.111,0.111
1629622,Max Strus,1610612739,CLE,3,2,1,70.0,88,66,6,0,0,8,14,6,0.068,0.068
1628467,Maxi Kleber,1610612747,LAL,35,16,19,383.0,329,232,22,1,0,36,61,23,0.067,0.07
1642875,Maxime Raynaud,1610612758,SAC,62,17,45,1574.0,1884,1254,78,6,5,124,192,89,0.041,0.047
1642877,Micah Peavy,1610612740,NOP,52,16,36,706.0,511,446,48,6,9,84,125,64,0.094,0.125
1630695,Micah Potter,1610612754,IND,35,7,28,652.0,721,605,50,4,6,64,130,60,0.069,0.083
1629008,Michael Porter Jr.,1610612751,BKN,52,14,38,1689.0,1832,2096,158,12,17,259,386,186,0.086,0.102
1628969,Mikal Bridges,1610612752,NYK,70,45,25,2334.0,2916,2851,270,16,45,429,726,330,0.093,0.113
201144,Mike Conley,1610612750,MIN,47,29,18,838.0,1487,1452,134,16,19,226,349,169,0.09,0.114
1628970,Miles Bridges,1610612766,CHA,65,34,31,2057.0,2250,2461,214,12,27,389,592,253,0.095,0.112
1642939,Miles Kelly,1610612742,DAL,14,7,7,134.0,100,111,12,0,2,16,32,14,0.12,0.14
1630540,Miles McBride,1610612752,NYK,35,22,13,981.0,1291,1279,97,10,19,182,260,126,0.075,0.098
1629011,Mitchell Robinson,1610612752,NYK,51,34,17,992.0,693,405,49,5,8,69,134,63,0.071,0.091
1628964,Mo Bamba,1610612762,UTA,4,3,1,44.0,47,21,1,1,1,3,5,3,0.021,0.064
1642885,Mohamed Diawara,1610612752,NYK,59,36,23,505.0,563,524,37,0,5,73,100,42,0.066,0.075
1628420,Monte Morris,1610612754,IND,6,0,6,65.0,124,123,9,1,1,27,24,11,0.073,0.089
1629021,Moritz Wagner,1610612753,ORL,29,17,12,383.0,392,404,23,1,5,36,53,27,0.059,0.069
1630541,Moses Moody,1610612744,GSW,59,29,30,1506.0,1153,1464,95,7,18,193,248,119,0.082,0.103
1631243,Mouhamed Gueye,1610612737,ATL,65,36,29,994.0,867,613,56,3,3,103,151,62,0.065,0.072
1630619,Moussa Cisse,1610612742,DAL,34,10,24,425.0,320,196,8,1,2,20,20,11,0.025,0.034
1631217,Moussa Diabaté,1610612766,CHA,62,33,29,1603.0,1777,1131,115,9,18,174,315,143,0.065,0.08
1626167,Myles Turner,1610612749,MIL,64,26,38,1748.0,1304,1496,97,7,15,143,258,119,0.074,0.091
1642066,Myron Gardner,1610612748,MIA,37,22,15,349.0,446,311,36,4,9,76,102,49,0.081,0.11
1642368,N'Faly Dante,1610612737,ATL,4,3,1,15.0,14,8,0,0,0,0,0,0,0.0,0.0
1641772,Nae'Qwan Tomlin,1610612739,CLE,54,35,19,848.0,613,583,43,7,8,78,117,58,0.07,0.095
1630230,Naji Marshall,1610612742,DAL,67,23,44,1973.0,2113,2201,215,14,17,344,534,240,0.102,0.114
1631466,Nate Williams,1610612744,GSW,9,2,7,105.0,64,84,7,0,2,14,17,9,0.109,0.141
1629675,Naz Reid,1610612750,MIN,68,42,26,1770.0,2427,1965,160,4,23,229,412,187,0.066,0.077
1629674,Neemias Queta,1610612738,BOS,65,43,22,1637.0,1684,1309,100,5,11,168,261,117,0.059,0.069
1629651,Nic Claxton,1610612751,BKN,62,16,46,1764.0,2288,2191,238,19,11,432,626,268,0.104,0.117
1630208,Nick Richards,1610612741,CHI,46,19,27,665.0,626,491,16,0,5,32,40,21,0.026,0.034
1641733,Nick Smith Jr.,1610612747,LAL,25,12,13,318.0,407,482,28,3,6,46,67,35,0.069,0.086
1629638,Nickeil Alexander-Walker,1610612737,ATL,66,35,31,2195.0,2599,3129,243,24,40,455,642,307,0.093,0.118
201587,Nicolas Batum,1610612746,LAC,64,33,31,1168.0,1280,659,58,11,9,99,161,78,0.045,0.061
1628502,Nigel Hayes-Davis,1610612756,PHX,27,15,12,195.0,167,135,7,1,0,22,21,8,0.042,0.048
203999,Nikola Jokić,1610612743,DEN,54,32,22,1875.0,3914,3765,569,65,50,955,1469,683,0.145,0.175
1631107,Nikola Jović,1610612748,MIA,45,23,22,791.0,1084,1054,100,11,15,181,256,124,0.092,0.114
1642260,Nikola Topić,1610612760,OKC,5,3,2,53.0,94,91,10,1,0,21,27,11,0.106,0.117
202696,Nikola Vučević,1610612738,BOS,60,32,28,1740.0,2703,2757,203,6,22,338,511,231,0.075,0.085
1642363,Nique Clifford,1610612758,SAC,66,17,49,1574.0,1754,1535,141,12,20,243,353,173,0.08,0.099
1642855,Noa Essengue,1610612741,CHI,2,1,1,6.0,5,8,0,0,0,0,0,0,0.0,0.0
1641730,Noah Clowney,1610612751,BKN,62,16,46,1695.0,1520,1511,104,9,8,192,285,121,0.068,0.08
1642869,Noah Penda,1610612753,ORL,50,26,24,694.0,893,628,60,4,7,115,151,71,0.067,0.08
1642849,Nolan Traore,1610612751,BKN,46,11,35,1015.0,1845,1996,167,14,27,350,452,208,0.091,0.113
1641807,Norchad Omier,1610612746,LAC,3,3,0,14.0,20,11,1,0,0,1,2,1,0.05,0.05
1626181,Norman Powell,1610612748,MIA,52,27,25,1564.0,1262,1937,135,11,22,235,342,168,0.107,0.133
1628384,OG Anunoby,1610612752,NYK,56,37,19,1851.0,1519,1586,125,11,23,244,335,158,0.082,0.104
1630167,Obi Toppin,1610612754,IND,12,0,12,198.0,309,261,21,1,3,35,54,25,0.068,0.081
1630534,Ochai Agbaji,1610612751,BKN,55,26,29,860.0,774,619,42,7,7,92,122,57,0.054,0.074
1641765,Olivier-Maxence Prosper,1610612763,MEM,44,15,29,773.0,722,646,41,2,6,70,103,49,0.057,0.068
1630209,Omer Yurtseven,1610612744,GSW,3,1,2,20.0,20,15,1,1,0,2,5,2,0.05,0.1
1630168,Onyeka Okongwu,1610612737,ATL,63,34,29,1976.0,2362,2216,204,15,23,290,523,242,0.086,0.102
1631115,Orlando Robinson,1610612753,ORL,4,2,2,25.0,39,27,3,1,0,7,8,4,0.077,0.103
1631131,Oscar Tshiebwe,1610612762,UTA,15,2,13,201.0,156,116,12,1,1,18,30,14,0.077,0.09
1642345,Oso Ighodaro,1610612756,PHX,70,39,31,1511.0,1797,1518,154,9,14,263,409,178,0.086,0.099
1631172,Ousmane Dieng,1610612749,MIL,44,29,15,685.0,723,670,65,3,8,127,170,76,0.09,0.105
1629023,P.J. Washington,1610612742,DAL,51,14,37,1572.0,1660,1309,95,12,15,151,251,120,0.057,0.072
1641790,PJ Hall,1610612766,CHA,19,7,12,213.0,206,155,10,1,2,20,25,12,0.049,0.058
1642359,Pacôme Dadiet,1610612752,NYK,24,15,9,90.0,101,84,10,0,1,13,22,11,0.099,0.109
1631094,Paolo Banchero,1610612753,ORL,59,31,28,2057.0,2940,3096,297,18,37,534,750,346,0.101,0.118
1627783,Pascal Siakam,1610612754,IND,55,14,41,1844.0,2470,2769,213,19,40,418,574,272,0.086,0.11
1626192,Pat Connaughton,1610612766,CHA,34,20,14,257.0,311,239,17,4,2,46,45,23,0.055,0.074
1630311,Pat Spencer,1610612744,GSW,53,26,27,926.0,1822,1894,182,16,28,379,490,226,0.1,0.124
1631116,Patrick Baldwin Jr.,1610612758,SAC,7,2,5,58.0,40,35,2,0,1,6,4,3,0.05,0.075
1630172,Patrick Williams,1610612741,CHI,60,21,39,1180.0,1305,1082,81,5,13,168,210,99,0.062,0.076
202331,Paul George,1610612755,PHI,27,16,11,824.0,1189,1097,100,16,15,178,268,131,0.084,0.11
1630194,Paul Reed,1610612765,DET,52,37,15,680.0,752,566,57,2,6,96,145,65,0.076,0.086
1630202,Payton Pritchard,1610612738,BOS,67,45,22,2184.0,3472,3994,359,25,50,649,937,433,0.103,0.125
1642362,Payton Sandfort,1610612760,OKC,1,1,0,5.0,2,5,0,0,0,0,0,0,0.0,0.0
1641796,Pelle Larsson,1610612748,MIA,59,34,25,1516.0,1542,1635,198,19,28,305,513,246,0.128,0.16
1631250,Pete Nance,1610612749,MIL,36,11,25,422.0,468,397,23,1,1,44,59,25,0.049,0.053
1631212,Peyton Watson,1610612743,DEN,49,31,18,1502.0,1803,1620,96,13,11,188,268,120,0.053,0.067
1630173,Precious Achiuwa,1610612758,SAC,62,16,46,1418.0,1191,949,81,2,4,107,194,87,0.068,0.073
1629656,Quentin Grimes,1610612755,PHI,63,34,29,1888.0,2147,2417,212,19,25,370,550,256,0.099,0.119
1631245,Quenton Jackson,1610612754,IND,38,7,31,663.0,1026,1068,93,4,14,160,238,112,0.091,0.109
1642366,Quinten Post,1610612744,GSW,65,32,33,1140.0,1567,1382,93,11,23,156,245,127,0.059,0.081
1629628,RJ Barrett,1610612761,TOR,44,27,17,1328.0,1543,1559,144,19,22,282,384,184,0.093,0.119
1642853,Rasheer Fleming,1610612756,PHX,44,24,20,460.0,216,254,10,1,4,25,25,15,0.046,0.069
1642484,RayJ Dennis,1610612737,ATL,16,3,13,180.0,368,410,30,5,8,68,80,43,0.082,0.117
1641712,Rayan Rupert,1610612763,MEM,58,28,30,867.0,797,580,44,8,4,97,127,56,0.055,0.07
1642263,Reed Sheppard,1610612745,HOU,68,41,27,1769.0,2606,2760,218,23,33,383,560,272,0.084,0.104
1642434,Riley Minix,1610612739,CLE,5,4,1,19.0,26,21,3,0,0,8,7,3,0.115,0.115
1642265,Rob Dillingham,1610612741,CHI,53,26,27,699.0,1028,1175,118,15,10,212,307,142,0.115,0.138
1629057,Robert Williams III,1610612757,POR,48,23,25,816.0,865,566,51,1,7,82,125,58,0.059,0.067
1642911,Rocco Zikarsky,1610612750,MIN,4,0,4,16.0,19,10,0,0,0,1,0,0,0.0,0.0
1631199,Ron Harper Jr.,1610612738,BOS,22,16,6,246.0,235,232,15,2,3,26,44,20,0.064,0.085
1641842,Ronald Holland II,1610612765,DET,65,46,19,1317.0,1439,1158,83,3,11,157,207,98,0.058,0.068
1626220,Royce O'Neale,1610612756,PHX,69,39,30,2007.0,3023,2051,192,9,27,349,484,227,0.064,0.075
203497,Rudy Gobert,1610612750,MIN,67,42,25,2107.0,2279,1385,117,6,19,156,307,140,0.051,0.061
1629060,Rui Hachimura,1610612747,LAL,58,40,18,1669.0,1157,1112,50,5,3,83,136,58,0.043,0.05
201566,Russell Westbrook,1610612758,SAC,63,16,47,1826.0,3113,3201,418,46,24,730,1006,487,0.134,0.156
1642346,Ryan Dunn,1610612756,PHX,61,35,26,1181.0,1136,895,85,6,7,136,219,98,0.075,0.086
1641750,Ryan Kalkbrenner,1610612766,CHA,57,31,26,1252.0,990,739,44,6,11,92,127,61,0.044,0.062
1642948,Ryan Nembhard,1610612742,DAL,49,18,31,908.0,1562,1723,238,17,23,367,588,278,0.152,0.178
1631157,Ryan Rollins,1610612749,MIL,67,26,41,2158.0,3421,3818,374,34,61,689,990,469,0.109,0.137
1630180,Saddiq Bey,1610612740,NOP,64,24,40,1987.0,1660,1934,165,7,15,262,425,187,0.099,0.113
1630573,Sam Hauser,1610612738,BOS,66,45,21,1625.0,1819,1358,97,3,9,151,253,109,0.053,0.06
1630241,Sam Merrill,1610612739,CLE,44,30,14,1145.0,1287,1351,101,19,12,180,262,132,0.078,0.103
1630572,Sandro Mamukelashvili,1610612761,TOR,66,37,29,1446.0,1673,1484,124,9,10,230,321,143,0.074,0.085
1630583,Santi Aldama,1610612763,MEM,43,19,24,1198.0,1700,1460,126,9,20,222,329,155,0.074,0.091
1630703,Scoot Henderson,1610612757,POR,18,10,8,420.0,702,860,73,11,14,160,200,98,0.104,0.14
1630567,Scottie Barnes,1610612761,TOR,66,38,28,2255.0,3287,2952,351,37,30,622,884,417,0.107,0.127
1630590,Scotty Pippen Jr.,1610612763,MEM,10,2,8,212.0,343,398,47,1,4,83,118,52,0.137,0.152
1642951,Sean Pedulla,1610612746,LAC,2,1,1,11.0,17,24,3,0,0,4,6,3,0.176,0.176
203552,Seth Curry,1610612744,GSW,4,0,4,51.0,43,49,7,0,0,9,15,7,0.163,0.163
1631101,Shaedon Sharpe,1610612757,POR,48,22,26,1439.0,1509,2035,126,14,25,270,354,165,0.083,0.109
1628983,Shai Gilgeous-Alexander,1610612760,OKC,58,47,11,1943.0,2267,3348,383,27,48,759,1020,459,0.169,0.202
1630536,Sharife Cooper,1610612764,WAS,28,5,23,436.0,693,703,67,4,5,117,178,76,0.097,0.11
1631321,Sidy Cissoko,1610612757,POR,63,31,32,1306.0,1188,1059,95,7,8,179,253,110,0.08,0.093
1631323,Simone Fontecchio,1610612748,MIA,62,33,29,1055.0,1044,1060,90,7,21,141,236,118,0.086,0.113
1642883,Sion James,1610612766,CHA,70,36,34,1609.0,1933,1537,138,13,12,253,395,163,0.071,0.084
1627746,Skal Labissiere,1610612764,WAS,3,2,1,38.0,55,42,3,1,0,7,10,4,0.055,0.073
1642461,Spencer Jones,1610612743,DEN,58,35,23,1326.0,688,541,46,4,7,90,125,57,0.067,0.083
1630649,Stanley Umude,1610612759,SAS,2,2,0,7.0,6,6,1,0,0,0,2,1,0.167,0.167
201939,Stephen Curry,1610612744,GSW,39,23,16,1222.0,1540,2232,189,20,53,349,478,262,0.123,0.17
1642264,Stephon Castle,1610612759,SAS,59,44,15,1759.0,2847,3049,420,35,42,732,1127,497,0.148,0.175
203500,Steven Adams,1610612745,HOU,32,21,11,730.0,678,435,48,3,9,69,110,58,0.071,0.086
1629004,Svi Mykhailiuk,1610612762,UTA,48,14,34,1123.0,978,958,91,10,12,179,239,112,0.093,0.115
204456,T.J. McConnell,1610612754,IND,51,13,38,880.0,1961,2123,258,25,27,468,702,310,0.132,0.158
1643007,Taelon Peter,1610612754,IND,31,4,27,348.0,438,416,32,1,9,53,83,42,0.073,0.096
201959,Taj Gibson,1610612763,MEM,3,1,2,29.0,21,19,1,0,0,4,2,1,0.048,0.048
1631106,Tari Eason,1610612745,HOU,46,27,19,1217.0,1272,1000,75,8,10,132,194,92,0.059,0.072
1627752,Taurean Prince,1610612749,MIL,14,6,8,275.0,237,211,13,2,3,29,35,18,0.055,0.076
1641707,Taylor Hendricks,1610612763,MEM,50,12,38,903.0,630,556,47,0,3,68,118,50,0.075,0.079
1629611,Terance Mann,1610612751,BKN,58,14,44,1413.0,1886,1750,181,9,14,336,475,204,0.096,0.108
1630545,Terrence Shannon Jr.,1610612750,MIN,31,18,13,363.0,279,332,20,0,3,51,52,24,0.072,0.086
203648,Thanasis Antetokounmpo,1610612749,MIL,28,8,20,94.0,94,85,5,1,0,22,16,6,0.053,0.064
1628418,Thomas Bryant,1610612739,CLE,52,31,21,590.0,682,590,29,4,3,48,80,36,0.043,0.053
1642275,Tidjane Salaün,1610612766,CHA,36,18,18,571.0,609,404,27,5,2,66,81,35,0.044,0.057
203501,Tim Hardaway Jr.,1610612743,DEN,69,41,28,1867.0,1382,1514,95,7,15,151,238,117,0.069,0.085
202699,Tobias Harris,1610612765,DET,52,36,16,1464.0,1526,1432,120,15,18,217,315,153,0.079,0.1
1642449,Tolu Smith,1610612765,DET,8,6,2,91.0,97,74,6,0,0,13,17,6,0.062,0.062
1628396,Tony Bradley,1610612754,IND,38,9,29,416.0,308,241,20,2,2,34,54,24,0.065,0.078
1641787,Tosan Evbuomwan,1610612766,CHA,5,4,1,8.0,7,5,0,1,0,3,2,1,0.0,0.143
1641739,Toumani Camara,1610612757,POR,70,34,36,2334.0,2961,2356,179,16,25,347,484,220,0.06,0.074
1629027,Trae Young,1610612764,WAS,15,2,13,384.0,646,797,120,14,12,222,319,146,0.186,0.226
1631218,Trayce Jackson-Davis,1610612761,TOR,45,24,21,454.0,574,464,36,3,3,79,98,42,0.063,0.073
1642848,Tre Johnson,1610612764,WAS,56,12,44,1348.0,1072,1361,112,10,11,205,283,131,0.104,0.122
1630200,Tre Jones,1610612741,CHI,53,24,29,1431.0,2472,2601,286,16,38,575,742,340,0.116,0.138
1630544,Tre Mann,1610612766,CHA,45,24,21,634.0,950,1020,84,8,11,172,228,103,0.088,0.108
1630570,Trendon Watford,1610612755,PHI,46,22,24,778.0,1465,1166,118,12,9,207,305,139,0.081,0.095
1642280,Trentyn Flowers,1610612741,CHI,2,0,2,6.0,4,6,1,0,0,1,2,1,0.25,0.25
1631211,Trevor Keels,1610612748,MIA,4,4,0,5.0,7,9,0,0,0,0,0,0,0.0,0.0
1641725,Trey Alexander,1610612740,NOP,5,1,4,42.0,39,30,5,0,0,4,13,5,0.128,0.128
1641998,Trey Jemison III,1610612752,NYK,11,9,2,61.0,42,33,3,0,0,6,6,3,0.071,0.071
1630530,Trey Murphy III,1610612740,NOP,62,21,41,2196.0,2518,2738,242,20,33,444,601,294,0.096,0.117
1642400,Tristan Enaruna,1610612739,CLE,6,6,0,34.0,30,34,3,0,0,5,8,3,0.1,0.1
1641774,Tristan Vukcevic,1610612764,WAS,44,8,36,589.0,622,705,51,8,4,69,130,63,0.082,0.101
1641783,Tristan da Silva,1610612753,ORL,64,36,28,1559.0,1277,1210,94,8,10,143,228,109,0.074,0.085
1629660,Ty Jerome,1610612763,MEM,13,3,10,290.0,425,571,74,6,6,101,187,86,0.174,0.202
1631102,TyTy Washington Jr.,1610612746,LAC,9,5,4,52.0,77,78,11,4,1,18,32,16,0.143,0.208
1631174,Tyler Burton,1610612763,MEM,4,1,3,91.0,76,69,2,0,2,6,6,4,0.026,0.053
1629639,Tyler Herro,1610612748,MIA,23,11,12,707.0,878,1017,89,9,10,140,228,108,0.101,0.123
1642278,Tyler Kolek,1610612752,NYK,56,35,21,683.0,1362,1321,159,13,17,298,413,189,0.117,0.139
1641890,Tyler Smith,1610612742,DAL,2,0,2,11.0,11,13,0,0,0,1,0,0,0.0,0.0
1631213,Tyrese Martin,1610612755,PHI,44,11,33,771.0,1145,1087,78,3,10,166,200,91,0.068,0.079
1630178,Tyrese Maxey,1610612755,PHI,61,33,28,2334.0,4094,4840,407,44,65,750,1074,516,0.099,0.126
1642878,Tyrese Proctor,1610612739,CLE,42,28,14,436.0,549,666,55,7,16,119,146,78,0.1,0.142
1630623,Tyson Etienne,1610612751,BKN,14,2,12,135.0,145,177,10,1,2,24,30,13,0.069,0.09
1626145,Tyus Jones,1610612743,DEN,61,31,30,925.0,1742,1631,151,19,21,254,396,190,0.087,0.109
1642845,VJ Edgecombe,1610612755,PHI,62,35,27,2159.0,3199,3212,241,20,32,399,618,293,0.075,0.092
1641705,Victor Wembanyama,1610612759,SAS,55,42,13,1615.0,1833,2006,160,10,34,301,416,204,0.087,0.111
1631246,Vince Williams Jr.,1610612762,UTA,40,16,24,819.0,1521,1564,166,14,25,282,438,205,0.109,0.135
1642884,Vladislav Goldin,1610612748,MIA,5,3,2,14.0,10,7,2,0,0,2,5,2,0.2,0.2
1630249,Vít Krejčí,1610612757,POR,64,31,33,1387.0,1420,1393,100,4,16,196,254,120,0.07,0.085
1631117,Walker Kessler,1610612762,UTA,5,2,3,154.0,203,165,15,4,2,29,45,21,0.074,0.103
1642383,Walter Clayton Jr.,1610612763,MEM,58,16,42,1135.0,1934,1963,226,26,22,393,584,274,0.117,0.142
1628976,Wendell Carter Jr.,1610612753,ORL,65,36,29,1925.0,1802,1639,137,3,15,194,342,154,0.076,0.085
1631111,Wendell Moore Jr.,1610612765,DET,5,4,1,54.0,47,34,3,0,0,5,9,3,0.064,0.064
1642954,Will Richard,1610612744,GSW,59,31,28,1190.0,1073,1066,84,12,12,158,236,108,0.078,0.101
1642860,Will Riley,1610612764,WAS,61,15,46,1227.0,1247,1262,100,8,17,190,264,126,0.08,0.101
1630214,Xavier Tillman,1610612766,CHA,24,17,7,148.0,151,120,8,1,1,21,22,10,0.053,0.066
1642905,Yang Hansen,1610612757,POR,39,20,19,277.0,216,241,22,0,1,27,54,23,0.102,0.106
1642949,Yanic Konan Niederhäuser,1610612746,LAC,41,22,19,424.0,313,251,12,0,5,18,29,17,0.038,0.054
1642530,Yuki Kawamura,1610612741,CHI,11,4,7,121.0,210,211,32,2,4,46,78,38,0.152,0.181
1642274,Yves Missi,1610612740,NOP,58,19,39,1110.0,1009,742,71,2,8,103,183,81,0.07,0.08
1642258,Zaccharie Risacher,1610612737,ATL,55,31,24,1301.0,929,944,69,8,9,117,183,86,0.074,0.093
1628380,Zach Collins,1610612741,CHI,10,6,4,184.0,216,199,15,2,1,24,40,18,0.069,0.083
1641744,Zach Edey,1610612763,MEM,11,7,4,284.0,257,223,12,0,1,21,31,13,0.047,0.051
203897,Zach LaVine,1610612758,SAC,39,9,30,1224.0,1258,1475,89,5,11,189,221,105,0.071,0.083
1630192,Zeke Nnaji,1610612743,DEN,47,33,14,575.0,486,416,24,3,3,35,68,30,0.049,0.062
1630533,Ziaire Williams,1610612751,BKN,49,13,36,1116.0,776,854,48,8,11,101,128,67,0.062,0.086
1629627,Zion Williamson,1610612740,NOP,54,22,32,1602.0,1596,1921,176,13,19,339,477,208,0.11,0.13
1642389,Zyon Pullin,1610612750,MIN,1,1,0,5.0,10,10,3,0,0,2,8,3,0.3,0.3
