PLAYER_ID,PLAYER_NAME,TEAM_ID,TEAM_ABBREVIATION,GP,W,L,MIN,POINTS,TOUCHES,FRONT_CT_TOUCHES,TIME_OF_POSS,AVG_SEC_PER_TOUCH,AVG_DRIB_PER_TOUCH,PTS_PER_TOUCH,ELBOW_TOUCHES,POST_TOUCHES,PAINT_TOUCHES,PTS_PER_ELBOW_TOUCH,PTS_PER_POST_TOUCH,PTS_PER_PAINT_TOUCH
1630639,A.J. Lawson,1610612761,TOR,14,6,8,110.0,49,143,94,3.7,1.53,0.76,0.343,3,0,12,0.0,0.0,0.917
1631260,AJ Green,1610612749,MIL,65,27,38,1866.0,619,2755,1504,81.2,1.77,0.87,0.225,19,0,24,0.105,0.0,0.5
1642358,AJ Johnson,1610612742,DAL,40,7,33,353.0,112,554,279,36.2,3.92,3.5,0.202,5,0,17,0.2,0.0,0.941
203932,Aaron Gordon,1610612743,DEN,28,19,9,768.0,471,1322,670,82.4,3.74,2.63,0.356,47,50,122,0.638,0.58,1.09
1628988,Aaron Holiday,1610612745,HOU,43,27,16,558.0,233,803,363,55.1,4.12,3.82,0.29,3,0,2,0.667,0.0,0.0
1630174,Aaron Nesmith,1610612754,IND,41,9,32,1207.0,557,2044,1275,63.8,1.87,1.17,0.273,18,0,41,0.444,0.0,0.512
1630598,Aaron Wiggins,1610612760,OKC,55,42,13,1258.0,547,1940,969,103.8,3.21,2.82,0.282,22,0,69,0.864,0.0,0.957
1642846,Ace Bailey,1610612762,UTA,61,18,43,1636.0,783,1912,1388,65.5,2.05,1.33,0.41,46,8,126,0.652,0.75,0.96
1641737,Adem Bona,1610612755,PHI,59,33,26,1025.0,275,983,522,24.7,1.51,0.45,0.28,45,5,195,0.533,0.4,0.877
1642876,Adou Thiero,1610612747,LAL,19,11,8,104.0,28,127,57,4.1,1.92,0.93,0.22,2,1,14,1.0,0.0,0.571
1642349,Ajay Mitchell,1610612760,OKC,48,42,6,1266.0,682,2249,993,179.5,4.79,4.88,0.303,30,0,45,0.667,0.0,0.889
201143,Al Horford,1610612744,GSW,43,22,21,933.0,357,1889,1190,47.8,1.52,0.47,0.189,58,97,115,0.483,0.33,0.574
1627936,Alex Caruso,1610612760,OKC,47,39,8,867.0,303,1430,707,61.3,2.57,1.81,0.212,37,1,47,0.486,0.0,0.617
1631457,Alex Morales,1610612753,ORL,1,0,1,12.0,2,16,8,0.7,2.57,2.0,0.125,0,0,1,0.0,0.0,0.0
1642259,Alex Sarr,1610612764,WAS,46,11,35,1260.0,761,2628,1571,89.2,2.04,1.15,0.29,226,42,260,0.65,0.81,1.015
1642918,Alijah Martin,1610612761,TOR,16,6,10,102.0,40,133,78,6.9,3.11,2.37,0.301,2,0,10,1.0,0.0,0.4
1631214,Alondes Williams,1610612764,WAS,4,2,2,101.0,44,116,61,3.8,1.97,1.33,0.379,0,1,9,0.0,0.0,1.333
1630578,Alperen Sengun,1610612745,HOU,59,36,23,1975.0,1196,4228,2734,232.4,3.3,2.14,0.283,323,326,375,0.526,0.61,0.72
1642873,Amari Williams,1610612738,BOS,19,13,6,120.0,24,144,101,3.4,1.43,0.47,0.167,9,0,21,0.667,0.0,0.714
1641708,Amen Thompson,1610612745,HOU,66,39,27,2453.0,1183,4811,1804,367.3,4.58,3.91,0.246,106,0,441,0.538,0.0,0.789
1629599,Amir Coffey,1610612756,PHX,43,18,25,437.0,125,405,282,12.9,1.91,1.01,0.309,3,0,12,1.0,0.0,0.5
1643158,Andersson Garcia,1610612762,UTA,5,1,4,169.0,26,209,100,5.7,1.65,0.85,0.124,3,0,26,1.333,0.0,0.231
203083,Andre Drummond,1610612755,PHI,51,25,26,1015.0,334,1148,702,29.2,1.53,0.39,0.291,47,10,253,0.447,1.1,0.826
1641748,Andre Jackson Jr.,1610612749,MIL,37,10,27,219.0,47,442,228,17.9,2.43,1.64,0.106,17,0,29,0.235,0.0,0.414
1629614,Andrew Nembhard,1610612754,IND,52,11,41,1621.0,886,4532,1863,314.0,4.16,3.8,0.195,16,9,30,0.625,0.222,0.733
203952,Andrew Wiggins,1610612748,MIA,57,30,27,1765.0,905,2576,1674,108.4,2.53,1.8,0.351,23,57,135,1.13,0.667,0.956
1629014,Anfernee Simons,1610612741,CHI,55,31,24,1372.0,785,2456,1218,175.0,4.28,3.77,0.32,12,0,22,0.917,0.0,0.591
1641710,Anthony Black,1610612753,ORL,60,33,27,1841.0,917,3507,1732,203.3,3.48,2.91,0.261,36,6,93,0.75,0.667,1.043
203076,Anthony Davis,1610612764,WAS,20,10,10,626.0,407,1187,758,49.3,2.49,1.22,0.343,85,64,156,0.682,0.359,1.122
1630162,Anthony Edwards,1610612750,MIN,58,35,23,2061.0,1710,4295,1919,354.5,4.95,4.91,0.398,31,73,52,1.0,0.548,0.827
1630264,Anthony Gill,1610612764,WAS,42,5,37,568.0,159,709,450,21.4,1.81,0.57,0.224,44,3,84,0.455,0.667,0.798
1641810,Antonio Reeves,1610612766,CHA,9,3,6,66.0,27,69,46,2.1,1.8,1.36,0.391,0,0,2,0.0,0.0,0.0
1630574,Ariel Hukporti,1610612752,NYK,48,31,17,430.0,88,423,301,13.6,1.92,0.53,0.208,47,4,105,0.149,0.0,0.619
1642854,Asa Newell,1610612737,ATL,40,20,20,445.0,201,567,346,14.7,1.55,0.69,0.354,24,7,60,1.083,0.0,0.95
1641709,Ausar Thompson,1610612765,DET,60,43,17,1535.0,601,2447,1143,139.6,3.42,2.78,0.246,87,10,268,0.644,0.5,0.735
1630559,Austin Reaves,1610612747,LAL,44,31,13,1513.0,1033,3187,1222,248.4,4.68,4.2,0.324,23,0,36,0.739,0.0,0.75
1630245,Ayo Dosunmu,1610612750,MIN,61,32,29,1615.0,881,3122,1588,169.3,3.25,2.83,0.282,31,0,54,0.774,0.0,0.778
1628389,Bam Adebayo,1610612748,MIA,61,32,29,1949.0,1230,3446,1901,143.1,2.49,1.6,0.357,138,147,261,0.768,0.476,0.939
1631248,Baylor Scheierman,1610612738,BOS,64,44,20,1115.0,312,1277,749,47.4,2.23,1.34,0.244,17,0,30,0.529,0.0,0.4
1642879,Ben Saraf,1610612751,BKN,32,8,24,587.0,186,1355,537,107.1,4.74,4.49,0.137,8,0,20,0.5,0.0,0.4
1641767,Ben Sheppard,1610612754,IND,58,13,45,1245.0,405,1993,1107,66.5,2.0,1.34,0.203,15,0,47,0.467,0.0,0.511
1631097,Bennedict Mathurin,1610612746,LAC,44,16,28,1372.0,815,2365,1336,118.4,3.0,2.26,0.345,61,9,111,0.754,0.556,1.09
1643016,Bez Mbeng,1610612762,UTA,4,1,3,122.0,11,155,71,6.5,2.51,2.04,0.071,1,0,3,0.0,0.0,0.667
1641731,Bilal Coulibaly,1610612764,WAS,47,13,34,1252.0,519,2129,958,109.6,3.09,2.38,0.244,22,2,97,1.0,1.0,0.938
202687,Bismack Biyombo,1610612759,SAS,20,16,4,117.0,17,137,63,4.2,1.83,0.4,0.124,8,1,18,0.0,0.0,0.611
1642396,Blake Hinson,1610612762,UTA,10,3,7,202.0,96,237,149,7.0,1.76,0.98,0.405,5,0,10,0.4,0.0,0.6
1631104,Blake Wesley,1610612757,POR,23,14,9,301.0,120,659,291,44.2,4.02,3.59,0.182,4,0,11,0.5,0.0,0.545
1626171,Bobby Portis,1610612749,MIL,66,26,40,1600.0,904,3043,1739,96.0,1.89,0.99,0.297,71,164,180,0.648,0.634,0.928
1641752,Bobi Klintman,1610612765,DET,11,7,4,69.0,20,97,55,2.5,1.53,0.6,0.206,3,0,8,0.0,0.0,0.0
203992,Bogdan Bogdanović,1610612746,LAC,20,5,15,421.0,154,743,326,47.5,3.84,3.26,0.207,5,0,6,0.0,0.0,0.667
1630538,Bones Hyland,1610612750,MIN,61,38,23,925.0,465,2184,977,141.0,3.87,3.13,0.213,7,1,19,0.857,2.0,0.421
203078,Bradley Beal,1610612746,LAC,6,2,4,121.0,49,177,109,8.6,2.92,2.54,0.277,1,0,7,0.0,0.0,1.143
1642382,Branden Carlson,1610612760,OKC,35,27,8,376.0,170,523,280,11.0,1.27,0.24,0.325,20,1,83,0.7,0.0,1.06
1641764,Brandin Podziemski,1610612744,GSW,69,33,36,1941.0,892,4156,2010,250.3,3.61,2.9,0.215,55,8,112,0.527,0.5,0.607
1629634,Brandon Clarke,1610612763,MEM,2,1,1,20.0,8,27,18,1.0,2.24,1.04,0.296,4,0,5,0.5,0.0,0.8
1627742,Brandon Ingram,1610612761,TOR,66,38,28,2251.0,1443,3687,2505,209.5,3.41,2.31,0.391,67,101,110,0.537,0.485,0.955
1641706,Brandon Miller,1610612766,CHA,53,33,20,1596.0,1081,3155,1744,171.3,3.26,2.46,0.343,70,14,103,0.571,0.357,0.835
1630314,Brandon Williams,1610612742,DAL,60,21,39,1320.0,769,2884,997,243.6,5.07,5.31,0.267,17,0,35,0.706,0.0,0.629
1641729,Brice Sensabaugh,1610612762,UTA,66,18,48,1497.0,920,2241,1408,91.4,2.45,1.78,0.411,36,1,55,0.75,0.0,0.636
1642355,Bronny James,1610612747,LAL,32,17,15,224.0,66,415,193,30.4,4.39,3.96,0.159,0,0,9,0.0,0.0,0.667
201572,Brook Lopez,1610612746,LAC,63,33,30,1302.0,481,1512,1017,42.7,1.7,0.6,0.318,56,80,102,0.446,0.838,0.853
1642964,Brooks Barnhizer,1610612760,OKC,34,25,9,271.0,47,289,131,12.6,2.61,2.19,0.163,7,0,16,0.0,0.0,0.5
1628971,Bruce Brown,1610612743,DEN,70,42,28,1726.0,528,2599,1156,152.7,3.52,2.93,0.203,57,0,171,0.684,0.0,0.772
1631121,Bryce McGowens,1610612740,NOP,42,14,28,880.0,340,1147,544,42.7,2.23,1.46,0.296,7,1,22,0.714,0.0,1.045
1642267,Bub Carrington,1610612764,WAS,69,16,53,1900.0,688,4079,1485,283.7,4.17,3.83,0.169,12,5,35,0.5,0.4,0.514
1631205,Buddy Boeheim,1610612760,OKC,4,2,2,15.0,6,12,10,0.3,1.34,0.59,0.5,0,0,0,0.0,0.0,0.0
1627741,Buddy Hield,1610612737,ATL,46,22,24,775.0,354,1407,826,46.6,1.99,1.26,0.252,25,1,43,0.96,0.0,0.884
203468,CJ McCollum,1610612737,ATL,64,29,35,1909.0,1193,3668,1639,282.3,4.62,4.22,0.325,38,3,44,0.763,0.667,0.614
1630595,Cade Cunningham,1610612765,DET,61,44,17,2096.0,1497,5502,2307,447.4,4.88,4.43,0.272,60,71,89,0.683,0.606,0.787
1631216,Caleb Houstan,1610612737,ATL,14,9,5,59.0,23,63,50,1.7,1.63,0.42,0.365,2,0,4,1.0,0.0,0.0
1631126,Caleb Love,1610612757,POR,45,21,24,999.0,507,1828,843,113.2,3.72,3.43,0.277,11,0,13,0.909,0.0,0.923
1628997,Caleb Martin,1610612742,DAL,58,20,38,856.0,227,1040,444,54.4,3.14,2.45,0.218,16,1,31,0.188,0.0,0.323
1642353,Cam Christie,1610612746,LAC,47,22,25,434.0,142,651,327,32.0,2.95,2.41,0.218,5,0,28,0.8,0.0,0.679
1642285,Cam Spencer,1610612763,MEM,65,23,42,1546.0,740,3485,1827,207.5,3.57,3.28,0.212,22,0,49,0.455,0.0,0.551
1630560,Cam Thomas,1610612749,MIL,41,11,30,865.0,560,1677,987,115.3,4.12,3.65,0.334,12,8,15,0.583,1.25,0.933
1641715,Cam Whitmore,1610612764,WAS,21,3,18,354.0,193,432,244,19.8,2.75,2.35,0.447,8,2,48,1.25,2.0,1.0
1629661,Cameron Johnson,1610612743,DEN,44,27,17,1340.0,520,1676,1074,64.0,2.29,1.64,0.31,28,0,44,0.786,0.0,0.909
1626166,Cameron Payne,1610612755,PHI,15,7,8,260.0,113,621,248,45.7,4.42,3.55,0.182,1,0,3,0.0,0.0,0.667
1627747,Caris LeVert,1610612765,DET,49,35,14,953.0,363,1698,977,103.6,3.66,3.13,0.214,19,1,36,0.632,0.0,0.75
1642868,Carter Bryant,1610612759,SAS,59,46,13,620.0,229,737,454,24.5,2.0,1.06,0.311,20,0,45,0.3,0.0,0.8
1641717,Cason Wallace,1610612760,OKC,67,52,15,1826.0,577,2569,1170,145.3,3.39,2.99,0.225,36,2,79,0.444,1.0,0.582
1642907,Cedric Coward,1610612763,MEM,54,19,35,1403.0,721,2994,1438,134.1,2.69,1.99,0.241,31,8,134,0.742,0.875,0.933
1643052,Chaney Johnson,1610612751,BKN,6,1,5,123.0,47,179,107,5.7,1.9,0.92,0.263,12,0,21,0.167,0.0,0.762
1629646,Charles Bassey,1610612738,BOS,4,1,3,37.0,11,41,17,0.8,1.23,0.39,0.268,3,0,12,0.333,0.0,0.75
1642404,Chaz Lanier,1610612765,DET,25,21,4,193.0,65,192,160,6.3,1.96,1.08,0.339,2,0,1,1.0,0.0,0.0
1631096,Chet Holmgren,1610612760,OKC,60,48,12,1759.0,1034,2771,1479,101.7,2.2,1.1,0.373,106,63,336,0.679,0.841,1.125
1628449,Chris Boucher,1610612738,BOS,9,4,5,94.0,21,113,63,3.1,1.66,0.47,0.186,2,0,7,1.0,0.0,1.143
1641753,Chris Livingston,1610612739,CLE,3,2,1,17.0,9,21,13,0.7,2.08,1.86,0.429,0,0,0,0.0,0.0,0.0
1643024,Chris Mañon,1610612747,LAL,6,2,4,25.0,2,31,11,1.0,1.99,1.32,0.065,2,0,3,0.0,0.0,0.0
101108,Chris Paul,1610612746,LAC,16,4,12,228.0,47,510,207,42.1,4.96,4.26,0.092,6,3,4,0.0,0.0,0.0
1642959,Chris Youngblood,1610612757,POR,32,27,5,174.0,65,171,114,4.5,1.58,0.78,0.38,1,0,3,3.0,0.0,1.333
1631128,Christian Braun,1610612743,DEN,34,19,15,1088.0,396,1647,865,69.2,2.52,1.51,0.24,65,1,134,0.677,1.0,0.813
1631132,Christian Koloko,1610612737,ATL,23,13,10,314.0,62,354,188,7.8,1.32,0.36,0.175,20,1,93,0.15,0.0,0.473
1642935,Chucky Hepburn,1610612761,TOR,2,0,2,13.0,0,31,12,1.7,3.37,3.58,0.0,0,0,0,0.0,0.0,0.0
203991,Clint Capela,1610612745,HOU,62,37,25,776.0,235,964,544,24.1,1.5,0.41,0.244,72,6,255,0.472,0.667,0.773
1629632,Coby White,1610612766,CHA,39,21,18,1043.0,692,2161,1027,151.3,4.2,3.63,0.32,10,1,11,0.5,0.0,0.818
1628998,Cody Martin,1610612754,IND,4,0,4,55.0,7,73,33,2.9,2.37,1.88,0.096,1,0,2,0.0,0.0,0.0
1642262,Cody Williams,1610612762,UTA,56,15,41,1244.0,408,1474,741,55.4,2.25,1.58,0.277,35,0,107,0.571,0.0,0.86
1641732,Colby Jones,1610612765,DET,1,0,1,7.0,2,11,4,0.5,2.87,2.18,0.182,0,0,0,0.0,0.0,0.0
1630175,Cole Anthony,1610612749,MIL,35,12,23,527.0,234,1285,445,111.8,5.22,5.01,0.182,2,0,11,0.0,0.0,0.545
1630658,Colin Castleton,1610612753,ORL,1,0,1,10.0,2,15,7,0.4,1.62,0.53,0.133,1,0,3,0.0,0.0,0.667
1631221,Collin Gillespie,1610612756,PHX,69,38,31,1998.0,912,4222,1879,273.4,3.88,3.72,0.216,38,0,71,0.289,0.0,0.268
1642867,Collin Murray-Boyles,1610612761,TOR,47,25,22,1046.0,366,1575,999,37.1,1.41,0.45,0.232,103,14,310,0.456,0.714,0.594
1629012,Collin Sexton,1610612741,CHI,56,22,34,1275.0,813,2666,1174,206.4,4.64,4.43,0.305,27,1,46,0.704,0.0,0.804
1642843,Cooper Flagg,1610612742,DAL,58,19,39,1946.0,1167,3892,1728,242.9,3.74,3.03,0.3,62,29,112,0.935,0.586,1.045
1630557,Corey Kispert,1610612737,ATL,48,21,27,933.0,457,1234,772,34.8,1.69,0.95,0.37,15,0,42,0.8,0.0,1.214
1642504,Cormac Ryan,1610612749,MIL,1,0,1,8.0,5,10,8,0.3,1.66,1.7,0.5,0,0,0,0.0,0.0,0.0
1641854,Craig Porter Jr.,1610612739,CLE,58,39,19,1024.0,258,1998,901,102.4,3.07,2.48,0.129,41,1,85,0.439,0.0,0.353
1642938,Curtis Jones,1610612743,DEN,6,4,2,31.0,9,46,27,2.3,2.96,2.76,0.196,1,0,1,2.0,0.0,2.0
1626156,D'Angelo Russell,1610612764,WAS,26,9,17,495.0,264,1209,486,84.8,4.21,3.65,0.218,2,1,10,0.0,2.0,0.6
1641747,DaRon Holmes II,1610612743,DEN,19,11,8,194.0,83,251,180,7.0,1.67,0.62,0.331,14,1,18,0.0,0.0,0.389
1631342,Daeqwon Plowden,1610612758,SAC,21,6,15,514.0,181,639,349,19.5,1.83,1.12,0.283,15,0,31,0.933,0.0,1.097
1630625,Dalano Banton,1610612738,BOS,5,3,2,25.0,10,51,22,4.4,5.2,3.9,0.196,0,0,1,0.0,0.0,2.0
1631207,Dalen Terry,1610612755,PHI,43,18,25,511.0,160,865,457,36.8,2.55,2.28,0.185,9,0,28,0.778,0.0,0.357
1642261,Dalton Knecht,1610612747,LAL,48,29,19,509.0,201,645,363,24.0,2.24,1.32,0.312,13,0,21,0.615,0.0,1.143
1629655,Daniel Gafford,1610612742,DAL,49,11,38,1062.0,455,1374,752,37.8,1.65,0.51,0.331,88,36,290,0.75,0.667,1.093
1642450,Daniss Jenkins,1610612765,DET,59,44,15,1040.0,455,2282,978,185.5,4.88,4.62,0.199,17,0,27,0.353,0.0,1.0
1642874,Danny Wolf,1610612751,BKN,55,14,41,1150.0,491,1956,1114,85.7,2.63,1.85,0.251,37,15,90,0.541,0.4,0.778
203967,Dario Saric,1610612758,SAC,5,1,4,41.0,5,40,22,0.8,1.14,0.38,0.125,0,0,3,0.0,0.0,0.0
1642468,Darius Brown,1610612739,CLE,1,1,0,3.0,0,5,2,0.6,7.06,7.8,0.0,0,0,0,0.0,0.0,0.0
1629636,Darius Garland,1610612746,LAC,34,18,16,1010.0,619,2248,877,178.8,4.77,4.39,0.275,8,1,19,0.75,0.0,0.632
1642357,David Jones Garcia,1610612759,SAS,11,7,4,68.0,32,132,53,9.2,4.19,3.39,0.242,1,0,2,0.0,0.0,1.0
1631223,David Roddy,1610612743,DEN,2,1,1,12.0,2,31,12,1.6,3.11,1.74,0.065,0,0,1,0.0,0.0,0.0
1630558,Davion Mitchell,1610612748,MIA,59,33,26,1667.0,534,3818,1525,213.6,3.36,3.22,0.14,11,0,19,0.364,0.0,0.211
1630549,Day'Ron Sharpe,1610612751,BKN,62,17,45,1160.0,540,2177,1440,72.6,2.0,0.92,0.248,177,48,422,0.395,0.729,0.95
1628368,De'Aaron Fox,1610612759,SAS,61,46,15,1916.0,1162,4074,1518,294.9,4.34,3.9,0.285,35,2,48,0.657,1.0,0.938
1629631,De'Andre Hunter,1610612758,SAC,45,24,21,1175.0,615,1836,1024,73.3,2.4,1.71,0.335,37,4,58,0.946,0.0,0.879
1629001,De'Anthony Melton,1610612744,GSW,38,19,19,866.0,499,1923,869,122.4,3.82,3.38,0.259,34,2,62,0.294,2.0,0.581
201599,DeAndre Jordan,1610612740,NOP,10,6,4,163.0,41,190,101,4.1,1.28,0.21,0.216,10,1,38,0.6,1.0,0.921
1630610,DeJon Jarreau,1610612763,MEM,3,1,2,57.0,15,125,54,6.9,3.32,2.52,0.12,3,0,5,0.0,0.0,0.8
201942,DeMar DeRozan,1610612758,SAC,69,17,52,2184.0,1283,2986,1978,203.4,4.09,3.41,0.43,102,197,54,0.578,0.614,0.87
1629731,Dean Wade,1610612739,CLE,55,33,22,1235.0,322,1564,842,40.0,1.54,0.64,0.206,34,0,77,0.735,0.0,0.61
1629028,Deandre Ayton,1610612747,LAL,61,39,22,1682.0,759,2285,1072,56.6,1.49,0.39,0.332,231,62,570,0.602,0.855,1.032
1627749,Dejounte Murray,1610612740,NOP,9,5,4,246.0,175,604,189,57.1,5.67,5.44,0.29,1,1,3,2.0,0.0,0.667
1630166,Deni Avdija,1610612757,POR,54,27,27,1802.0,1305,4509,1887,312.7,4.16,3.72,0.289,60,28,86,0.617,0.357,0.767
203471,Dennis Schröder,1610612739,CLE,59,21,38,1479.0,673,3498,1385,267.5,4.59,4.06,0.192,6,3,13,0.333,0.0,0.385
1641726,Dereck Lively II,1610612742,DAL,7,3,4,115.0,30,170,103,4.8,1.7,0.42,0.176,14,0,33,0.143,0.0,0.848
1642852,Derik Queen,1610612740,NOP,70,25,45,1731.0,803,3449,1798,166.3,2.89,1.77,0.233,102,86,194,0.667,0.407,1.026
1627884,Derrick Jones Jr.,1610612746,LAC,38,18,20,1039.0,420,1296,664,43.6,2.02,1.13,0.324,28,0,101,1.071,0.0,1.059
1628401,Derrick White,1610612738,BOS,66,44,22,2260.0,1147,5264,2306,362.3,4.13,3.61,0.218,12,0,73,1.0,0.0,0.493
1630217,Desmond Bane,1610612753,ORL,69,38,31,2356.0,1419,4194,2290,230.1,3.29,2.34,0.338,33,1,102,0.788,0.0,0.912
1626164,Devin Booker,1610612756,PHX,54,32,22,1810.0,1391,3488,2139,273.0,4.7,4.07,0.399,38,45,71,0.737,0.333,0.732
1642269,Devin Carter,1610612758,SAC,27,4,23,386.0,183,806,376,50.8,3.78,3.34,0.227,8,1,39,0.75,0.0,0.872
1630170,Devin Vassell,1610612759,SAS,56,43,13,1724.0,798,2410,1445,92.9,2.31,1.64,0.331,25,1,25,0.44,0.0,0.48
1628415,Dillon Brooks,1610612756,PHX,50,30,20,1530.0,1044,2156,1206,126.7,3.53,2.88,0.484,18,58,45,0.833,0.897,0.889
1641794,Dillon Jones,1610612752,NYK,5,4,1,24.0,7,44,16,2.8,3.76,3.25,0.159,0,0,0,0.0,0.0,0.0
1627734,Domantas Sabonis,1610612758,SAC,19,3,16,564.0,301,1212,727,38.7,1.91,0.99,0.248,137,42,199,0.723,0.357,0.889
1631230,Dominick Barlow,1610612755,PHI,58,32,26,1415.0,478,1661,954,42.4,1.53,0.79,0.288,47,2,197,0.489,1.0,0.949
1642270,Donovan Clingan,1610612757,POR,65,33,32,1774.0,794,2723,1661,73.7,1.62,0.36,0.292,105,21,590,0.429,0.905,0.847
1628378,Donovan Mitchell,1610612739,CLE,61,38,23,2043.0,1711,4395,1921,330.3,4.51,4.12,0.389,28,0,57,0.857,0.0,0.93
1628978,Donte DiVincenzo,1610612750,MIN,70,43,27,2155.0,859,3882,2216,134.6,2.08,1.41,0.221,17,0,51,0.353,0.0,0.412
1627827,Dorian Finney-Smith,1610612745,HOU,32,20,12,562.0,106,670,346,17.6,1.57,0.52,0.158,10,0,37,0.0,0.0,0.486
203926,Doug McDermott,1610612758,SAC,18,4,14,220.0,82,294,213,5.5,1.12,0.39,0.279,2,0,3,1.0,0.0,0.667
1642962,Drake Powell,1610612751,BKN,52,13,39,1011.0,315,1391,721,75.7,3.26,2.61,0.226,14,0,16,0.571,0.0,1.125
203110,Draymond Green,1610612744,GSW,56,27,29,1524.0,481,3854,2081,129.5,2.02,1.1,0.125,109,10,127,0.193,0.0,0.567
1629234,Drew Eubanks,1610612758,SAC,42,10,32,552.0,219,666,428,18.0,1.62,0.65,0.329,80,6,155,0.588,0.667,0.91
1641809,Drew Peterson,1610612766,CHA,6,1,5,64.0,5,78,48,2.5,1.9,1.09,0.064,2,0,3,0.0,0.0,0.0
1631166,Drew Timme,1610612747,LAL,21,13,8,179.0,72,262,154,8.4,1.93,0.91,0.275,7,12,19,0.571,0.5,1.158
1630696,Dru Smith,1610612748,MIA,66,36,30,1115.0,386,2267,1053,119.7,3.17,2.82,0.17,30,2,73,0.633,0.0,0.548
1629130,Duncan Robinson,1610612765,DET,67,49,18,1847.0,796,2174,1591,62.8,1.73,0.78,0.366,7,0,32,1.0,0.0,0.906
1641871,Duop Reath,1610612757,POR,32,16,16,258.0,94,305,187,7.6,1.49,0.51,0.308,9,2,17,0.667,1.5,0.824
203939,Dwight Powell,1610612742,DAL,53,16,37,713.0,168,839,495,22.5,1.61,0.76,0.2,68,0,146,0.515,0.0,0.637
1642928,Dylan Cardwell,1610612758,SAC,32,9,23,662.0,165,756,457,18.4,1.46,0.52,0.218,65,7,217,0.338,0.143,0.65
1642844,Dylan Harper,1610612759,SAS,57,43,14,1265.0,635,2661,1129,191.9,4.33,3.91,0.239,29,0,49,0.586,0.0,0.735
1630700,Dyson Daniels,1610612737,ATL,65,37,28,2164.0,756,4241,1819,237.9,3.37,2.84,0.178,129,2,323,0.698,0.0,0.746
1630604,E.J. Liddell,1610612751,BKN,16,2,14,122.0,45,167,94,6.0,2.16,1.41,0.269,3,0,7,0.333,0.0,1.0
1642856,Egor Dëmin,1610612751,BKN,52,14,38,1308.0,536,2810,1114,160.5,3.43,2.98,0.191,20,1,23,0.65,2.0,0.739
1641989,Elijah Harkless,1610612762,UTA,21,5,16,380.0,129,601,275,30.9,3.09,2.7,0.215,3,0,7,0.0,0.0,0.857
1641801,Emanuel Miller,1610612759,SAS,5,0,5,33.0,15,44,31,1.1,1.45,0.84,0.341,1,0,3,2.0,0.0,1.333
1642402,Enrique Freeman,1610612750,MIN,2,1,1,8.0,0,8,2,0.2,1.67,0.5,0.0,0,0,0,0.0,0.0,0.0
201569,Eric Gordon,1610612755,PHI,6,3,3,74.0,33,103,70,3.2,1.87,0.92,0.32,0,0,1,0.0,0.0,0.0
1630679,Ethan Thompson,1610612754,IND,24,5,19,417.0,123,607,326,22.7,2.25,1.57,0.203,5,0,18,0.6,0.0,0.556
1630596,Evan Mobley,1610612739,CLE,55,33,22,1785.0,1004,3641,1922,143.5,2.36,1.46,0.276,185,77,399,0.524,0.468,0.925
1630532,Franz Wagner,1610612753,ORL,28,16,12,891.0,596,1606,905,84.2,3.15,2.42,0.371,55,16,77,0.473,0.813,0.805
1641713,GG Jackson,1610612763,MEM,46,15,31,952.0,522,1711,920,66.0,2.32,1.58,0.305,19,5,59,0.947,0.2,0.949
1629216,Gabe Vincent,1610612737,ATL,41,28,13,709.0,182,930,479,51.6,3.33,2.78,0.196,5,0,5,0.4,0.0,0.0
202066,Garrett Temple,1610612761,TOR,17,8,9,52.0,9,105,40,6.5,3.69,3.08,0.086,0,1,1,0.0,2.0,1.0
1629726,Garrison Mathews,1610612754,IND,15,4,11,196.0,78,255,155,5.8,1.36,0.45,0.306,3,0,1,1.333,0.0,0.0
203914,Gary Harris,1610612749,MIL,45,15,30,617.0,116,654,415,21.2,1.95,1.15,0.177,4,0,15,0.0,0.0,0.4
1627780,Gary Payton II,1610612744,GSW,62,29,33,907.0,419,1706,1046,52.2,1.84,1.0,0.246,57,8,222,0.667,0.0,0.892
1629018,Gary Trent Jr.,1610612749,MIL,57,22,35,1192.0,424,1112,864,38.5,2.07,1.58,0.381,2,0,5,1.0,0.0,1.2
203507,Giannis Antetokounmpo,1610612749,MIL,36,17,19,1039.0,993,2553,1204,170.2,4.0,2.79,0.389,168,186,248,0.583,0.511,1.077
1629048,Goga Bitadze,1610612753,ORL,51,27,24,761.0,286,1079,662,27.9,1.55,0.49,0.265,48,13,217,0.5,1.231,1.032
1641711,Gradey Dick,1610612761,TOR,64,36,28,959.0,400,1074,737,29.2,1.63,1.0,0.372,24,0,52,1.083,0.0,0.673
1641761,Grant Nelson,1610612751,BKN,4,0,4,35.0,17,59,46,1.7,1.75,0.75,0.288,15,1,15,0.067,0.0,0.533
1629684,Grant Williams,1610612766,CHA,26,18,8,508.0,186,706,430,19.6,1.67,0.52,0.263,13,7,39,0.462,0.429,0.462
1628960,Grayson Allen,1610612756,PHX,44,24,20,1312.0,756,2473,1317,143.7,3.49,2.73,0.306,19,0,27,0.526,0.0,0.444
1627824,Guerschon Yabusele,1610612741,CHI,59,30,29,808.0,294,1141,719,32.9,1.73,0.8,0.258,33,18,74,0.424,0.389,0.405
1630611,Gui Santos,1610612744,GSW,58,26,32,1099.0,473,2041,1168,77.0,2.26,1.38,0.232,40,14,145,0.35,0.143,0.752
203084,Harrison Barnes,1610612759,SAS,65,47,18,1723.0,661,2127,1327,75.5,2.13,1.02,0.311,42,11,61,0.286,0.636,0.705
1631127,Harrison Ingram,1610612759,SAS,5,4,1,17.0,9,27,14,0.8,1.73,0.92,0.333,1,0,4,2.0,0.0,1.0
1629312,Haywood Highsmith,1610612756,PHX,6,3,3,80.0,33,92,52,3.1,1.99,1.09,0.359,1,0,6,0.0,0.0,0.833
1630529,Herbert Jones,1610612740,NOP,48,22,26,1388.0,431,2228,1126,102.5,2.76,1.73,0.193,20,1,51,0.35,0.0,0.824
1642864,Hugo González,1610612738,BOS,64,43,21,980.0,258,1141,552,31.8,1.67,0.79,0.226,17,0,82,0.824,0.0,0.756
1630621,Hunter Dickinson,1610612740,NOP,1,0,1,5.0,2,7,7,0.1,1.25,0.57,0.286,1,0,1,0.0,0.0,0.0
1642282,Hunter Sallis,1610612755,PHI,7,3,4,26.0,7,62,20,4.5,4.35,4.05,0.113,0,0,0,0.0,0.0,0.0
1641816,Hunter Tyson,1610612743,DEN,21,15,6,162.0,46,212,127,8.3,2.34,1.21,0.217,2,0,6,0.0,0.0,0.333
1630193,Immanuel Quickley,1610612761,TOR,65,38,27,2114.0,1106,4799,1864,356.0,4.45,3.89,0.23,37,0,53,0.622,0.0,0.774
1642403,Isaac Jones,1610612765,DET,5,3,2,24.0,7,15,8,0.3,1.27,0.2,0.467,0,0,3,0.0,0.0,1.333
1630171,Isaac Okoro,1610612741,CHI,55,25,30,1480.0,496,1620,1068,50.4,1.87,1.15,0.306,33,7,117,0.545,0.286,0.735
1642268,Isaiah Collier,1610612762,UTA,59,16,43,1517.0,688,4024,1358,354.5,5.29,4.99,0.171,16,4,26,0.875,0.5,0.769
1642384,Isaiah Crawford,1610612745,HOU,11,5,6,67.0,15,51,22,1.3,1.58,1.02,0.294,0,0,3,0.0,0.0,0.0
1628392,Isaiah Hartenstein,1610612760,OKC,38,31,7,951.0,368,1791,1062,50.3,1.68,0.52,0.205,135,13,329,0.511,0.462,0.827
1630543,Isaiah Jackson,1610612746,LAC,51,16,35,838.0,338,1103,669,29.6,1.61,0.61,0.306,71,20,251,0.507,1.2,0.892
1630198,Isaiah Joe,1610612760,OKC,61,47,14,1335.0,670,1775,1150,64.7,2.19,1.57,0.377,20,0,34,0.5,0.0,0.471
1630587,Isaiah Livers,1610612756,PHX,34,20,14,333.0,65,363,190,11.4,1.89,1.14,0.179,6,0,30,0.333,0.0,0.433
1641815,Isaiah Stevens,1610612758,SAC,3,0,3,43.0,10,94,39,5.1,3.25,3.16,0.106,2,0,2,1.0,0.0,1.0
1630191,Isaiah Stewart,1610612765,DET,55,39,16,1273.0,552,1434,957,39.9,1.67,0.75,0.385,123,58,271,0.52,0.69,1.081
1627826,Ivica Zubac,1610612754,IND,48,17,31,1447.0,677,2304,1455,69.3,1.81,0.69,0.294,227,232,524,0.542,0.547,0.834
1631120,JD Davison,1610612745,HOU,25,20,5,184.0,55,341,136,27.2,4.78,4.38,0.161,2,0,3,0.0,0.0,0.0
1629630,Ja Morant,1610612763,MEM,20,7,13,568.0,389,1431,509,123.7,5.19,4.64,0.272,6,7,18,0.667,0.571,0.778
1642266,Ja'Kobe Walter,1610612761,TOR,58,34,24,1096.0,383,1311,723,41.2,1.88,1.08,0.292,24,0,77,1.0,0.0,0.74
1631095,Jabari Smith Jr.,1610612745,HOU,64,38,26,2238.0,993,3241,1620,115.2,2.13,1.25,0.306,80,33,163,0.638,0.606,0.902
1631133,Jabari Walker,1610612755,PHI,56,31,25,701.0,252,843,502,21.8,1.55,0.6,0.299,22,2,108,0.636,0.0,0.917
1631210,Jacob Toppin,1610612737,ATL,5,3,2,17.0,8,35,19,1.2,2.01,1.09,0.229,1,0,3,0.0,0.0,2.0
1630702,Jaden Hardy,1610612764,WAS,48,12,36,709.0,402,1026,485,55.8,3.26,2.91,0.392,3,0,5,0.667,0.0,1.2
1631093,Jaden Ivey,1610612741,CHI,37,23,14,670.0,316,1119,634,61.2,3.28,2.73,0.282,11,0,34,0.818,0.0,1.029
1630183,Jaden McDaniels,1610612750,MIN,68,41,27,2152.0,990,3166,1761,115.1,2.18,1.53,0.313,31,8,114,0.839,0.5,0.965
1630256,Jae'Sean Tate,1610612745,HOU,34,24,10,287.0,92,372,195,15.6,2.52,1.66,0.247,9,6,36,1.667,0.667,0.917
1642942,Jahmai Mashack,1610612763,MEM,24,9,15,449.0,119,641,357,23.2,2.17,1.51,0.186,17,0,42,0.588,0.0,0.571
1642443,Jahmir Young,1610612748,MIA,11,8,3,51.0,20,113,56,5.8,3.07,3.05,0.177,1,0,3,0.0,0.0,0.0
1643141,Jahmyl Telfort,1610612746,LAC,8,2,6,32.0,1,30,11,1.7,3.37,2.4,0.033,0,0,0,0.0,0.0,0.0
1631170,Jaime Jaquez Jr.,1610612748,MIA,64,36,28,1830.0,958,4261,1853,232.4,3.27,3.05,0.225,48,35,123,0.729,0.514,1.0
1631222,Jake LaRavia,1610612747,LAL,70,45,25,1732.0,601,2586,1348,92.2,2.14,1.3,0.232,37,3,175,1.0,0.667,0.92
1627751,Jakob Poeltl,1610612761,TOR,33,20,13,845.0,340,1236,748,32.2,1.56,0.33,0.275,113,14,243,0.752,0.357,0.914
1628973,Jalen Brunson,1610612752,NYK,64,43,21,2231.0,1684,5850,2216,506.7,5.2,4.83,0.288,26,38,30,0.538,0.605,0.467
1631105,Jalen Duren,1610612765,DET,59,41,18,1637.0,1128,2829,1455,94.8,2.01,1.09,0.399,228,67,617,0.75,0.821,1.084
1630224,Jalen Green,1610612756,PHX,22,12,10,561.0,378,1036,516,82.9,4.8,4.62,0.365,6,1,12,1.333,0.0,0.75
1630552,Jalen Johnson,1610612737,ATL,62,36,26,2187.0,1418,5590,2470,305.7,3.28,2.36,0.254,145,58,184,0.828,0.672,1.109
1629618,Jalen Pickett,1610612743,DEN,44,28,16,736.0,231,1312,610,89.1,4.08,3.52,0.176,16,4,26,0.375,0.0,0.538
1641771,Jalen Slawson,1610612754,IND,5,0,5,128.0,38,208,103,5.7,1.64,0.66,0.183,2,0,9,1.0,0.0,0.667
1630188,Jalen Smith,1610612741,CHI,51,25,26,1064.0,526,1789,1110,41.5,1.39,0.53,0.294,82,10,190,0.549,0.8,0.795
1630591,Jalen Suggs,1610612753,ORL,46,27,19,1234.0,636,2879,1192,180.7,3.77,3.08,0.221,10,4,40,0.2,0.5,1.0
1631114,Jalen Williams,1610612760,OKC,26,19,7,755.0,455,1453,634,100.7,4.16,3.91,0.313,20,0,38,0.7,0.0,0.895
1630592,Jalen Wilson,1610612751,BKN,45,8,37,638.0,245,858,483,39.1,2.74,1.84,0.286,6,2,17,0.0,0.0,0.765
1631288,Jamal Cain,1610612753,ORL,27,15,12,215.0,94,252,156,10.3,2.46,1.46,0.373,6,0,21,0.667,0.0,0.81
1627750,Jamal Murray,1610612743,DEN,65,38,27,2273.0,1629,4924,2187,421.1,5.13,4.76,0.331,59,38,59,0.847,0.868,0.966
1642347,Jamal Shead,1610612761,TOR,68,39,29,1494.0,450,3292,1259,243.0,4.43,3.79,0.137,20,0,38,0.3,0.0,0.526
1631123,Jamaree Bouyea,1610612756,PHX,36,18,18,527.0,213,984,457,66.6,4.06,3.53,0.216,5,0,11,0.4,0.0,0.636
201935,James Harden,1610612739,CLE,60,33,27,2097.0,1453,4571,1806,432.0,5.67,5.07,0.318,23,30,24,0.522,0.6,0.75
1630164,James Wiseman,1610612754,IND,4,0,4,58.0,13,61,38,1.5,1.51,0.59,0.213,1,2,13,1.0,0.0,0.769
1642364,Jamir Watkins,1610612764,WAS,37,9,28,699.0,229,828,435,25.0,1.81,0.96,0.277,27,0,42,0.556,0.0,0.762
1642419,Jamison Battle,1610612761,TOR,50,29,21,440.0,149,475,290,10.9,1.37,0.59,0.314,8,0,37,1.0,0.0,0.73
1641716,Jarace Walker,1610612754,IND,69,14,55,1765.0,781,2891,1599,110.2,2.29,1.61,0.27,47,13,78,0.489,0.231,0.615
1642272,Jared McCain,1610612760,OKC,55,37,18,958.0,460,1652,823,88.9,3.23,3.05,0.278,11,0,13,0.364,0.0,0.385
1628991,Jaren Jackson Jr.,1610612762,UTA,48,19,29,1455.0,931,2340,1463,91.0,2.33,1.49,0.398,44,152,124,0.614,0.645,0.887
1629020,Jarred Vanderbilt,1610612747,LAL,55,33,22,978.0,246,1257,599,39.6,1.89,0.99,0.196,24,0,135,0.417,0.0,0.637
1628386,Jarrett Allen,1610612739,CLE,51,33,18,1405.0,779,1968,1347,51.9,1.58,0.57,0.396,216,47,482,0.769,0.809,1.01
1642859,Jase Richardson,1610612753,ORL,46,21,25,519.0,210,804,418,48.1,3.59,3.29,0.261,7,0,16,0.571,0.0,1.0
1642914,Javon Small,1610612763,MEM,33,12,21,626.0,293,1239,587,87.0,4.21,3.96,0.236,13,0,27,0.538,0.0,0.778
1631451,Javonte Cooke,1610612757,POR,19,6,13,94.0,23,175,74,10.6,3.64,2.71,0.131,2,0,6,0.0,0.0,1.333
1629750,Javonte Green,1610612765,DET,69,50,19,1224.0,471,1708,876,43.9,1.54,0.62,0.276,40,0,109,0.775,0.0,0.761
1629637,Jaxson Hayes,1610612747,LAL,58,38,20,1019.0,389,1124,672,25.5,1.36,0.36,0.346,90,10,316,0.644,0.0,0.997
1630643,Jay Huff,1610612754,IND,70,15,55,1448.0,661,2006,1480,47.9,1.43,0.43,0.33,48,40,197,0.5,0.725,0.919
1627759,Jaylen Brown,1610612738,BOS,62,40,22,2116.0,1766,4254,2385,305.9,4.31,3.63,0.415,47,72,83,0.532,0.556,0.675
1641740,Jaylen Clark,1610612750,MIN,60,35,25,749.0,231,659,427,18.9,1.72,1.09,0.351,10,0,61,0.2,0.0,0.738
1642377,Jaylen Wells,1610612763,MEM,66,24,42,1756.0,846,2108,1465,90.9,2.59,2.02,0.401,30,1,87,1.067,0.0,0.966
1631119,Jaylin Williams,1610612760,OKC,55,45,10,1120.0,411,2375,1310,64.0,1.62,0.43,0.173,52,5,63,0.558,0.2,0.429
1642281,Jaylon Tyson,1610612739,CLE,64,40,24,1727.0,839,2578,1405,91.4,2.13,1.48,0.325,98,1,188,0.663,0.0,0.755
1643257,Jayson Kent,1610612757,POR,1,1,0,3.0,2,3,1,0.0,0.87,0.0,0.667,0,0,1,0.0,0.0,2.0
1628369,Jayson Tatum,1610612738,BOS,6,5,1,176.0,124,393,191,22.4,3.42,2.22,0.316,4,3,11,0.5,0.667,1.0
201145,Jeff Green,1610612745,HOU,25,17,8,134.0,59,133,88,3.9,1.76,0.47,0.444,3,5,11,0.667,0.8,0.727
203924,Jerami Grant,1610612757,POR,54,25,29,1610.0,997,2519,1520,121.1,2.88,2.08,0.396,39,30,58,0.41,0.5,1.138
1642847,Jeremiah Fears,1610612740,NOP,71,25,46,1774.0,926,3868,1265,301.2,4.67,4.73,0.239,25,4,68,0.84,0.0,0.721
1630526,Jeremiah Robinson-Earl,1610612742,DAL,22,8,14,361.0,101,477,224,11.4,1.44,0.73,0.212,4,0,40,1.0,0.0,0.875
1631110,Jeremy Sochan,1610612752,NYK,39,27,12,416.0,129,599,333,22.3,2.24,1.37,0.215,31,5,77,0.774,1.0,0.753
1630579,Jericho Sims,1610612749,MIL,54,21,33,956.0,219,1290,675,32.0,1.49,0.59,0.17,83,1,217,0.241,0.0,0.742
1641724,Jett Howard,1610612753,ORL,47,25,22,598.0,253,660,455,25.8,2.34,1.83,0.383,6,2,13,1.0,1.0,0.846
1628975,Jevon Carter,1610612753,ORL,40,19,21,608.0,255,1122,530,64.7,3.46,2.96,0.227,4,0,10,0.5,0.0,0.5
202710,Jimmy Butler III,1610612744,GSW,38,23,15,1182.0,760,2441,1544,151.4,3.72,2.58,0.311,64,67,246,0.703,0.433,0.813
1642866,Joan Beringer,1610612750,MIN,32,17,15,218.0,93,261,154,5.3,1.22,0.42,0.356,13,5,90,0.769,0.4,0.844
1629111,Jock Landale,1610612737,ATL,62,31,31,1370.0,662,1979,1371,45.0,1.36,0.37,0.335,104,114,458,0.577,0.64,0.782
204060,Joe Ingles,1610612750,MIN,24,12,12,98.0,19,168,88,7.4,2.66,1.43,0.113,1,0,1,2.0,0.0,0.0
203954,Joel Embiid,1610612755,PHI,33,21,12,1029.0,878,2278,1648,91.5,2.41,1.18,0.385,106,178,128,0.877,0.663,1.141
1628381,John Collins,1610612746,LAC,58,25,33,1596.0,801,2125,1061,64.8,1.83,0.83,0.377,56,65,211,1.107,1.031,1.109
1629723,John Konchar,1610612762,UTA,44,17,27,759.0,136,1053,537,27.5,1.56,0.79,0.129,22,0,57,0.5,0.0,0.719
1642967,John Poulakidas,1610612742,DAL,3,1,2,47.0,13,54,29,1.9,2.14,1.17,0.241,1,0,1,0.0,0.0,0.0
1642910,John Tonje,1610612738,BOS,3,3,0,11.0,2,15,9,0.6,2.44,1.2,0.133,0,0,0,0.0,0.0,0.0
1641780,Johni Broome,1610612755,PHI,11,5,6,55.0,10,99,60,2.7,1.65,0.76,0.101,8,4,13,0.0,0.5,0.308
1642277,Johnny Furphy,1610612754,IND,35,10,25,643.0,180,958,498,26.3,1.65,0.84,0.188,10,2,68,0.2,0.0,0.632
1630548,Johnny Juzang,1610612750,MIN,21,13,8,88.0,43,121,64,6.2,3.07,2.6,0.355,2,0,5,2.0,0.0,1.2
202685,Jonas Valančiūnas,1610612743,DEN,58,35,23,773.0,480,1559,973,54.1,2.08,0.66,0.308,130,119,226,0.631,0.815,1.027
1628371,Jonathan Isaac,1610612753,ORL,52,29,23,521.0,134,613,307,13.6,1.33,0.34,0.219,34,0,91,0.265,0.0,0.769
1630228,Jonathan Kuminga,1610612737,ATL,26,15,11,612.0,331,1148,647,61.3,3.2,2.38,0.288,33,19,67,0.515,0.526,0.925
1642367,Jonathan Mogbo,1610612761,TOR,29,13,16,169.0,35,227,107,7.5,1.99,1.05,0.154,14,0,37,0.429,0.0,0.568
203903,Jordan Clarkson,1610612752,NYK,60,37,23,1078.0,540,1403,868,65.2,2.79,2.1,0.385,19,0,58,0.632,0.0,0.914
1630692,Jordan Goodwin,1610612756,PHX,60,34,26,1339.0,516,2351,1142,106.8,2.72,2.08,0.219,21,0,111,0.286,0.0,0.712
1641722,Jordan Hawkins,1610612740,NOP,43,12,31,517.0,163,639,382,22.3,2.1,1.6,0.255,8,0,14,0.25,0.0,0.5
1629162,Jordan McLaughlin,1610612759,SAS,36,30,6,221.0,70,473,222,31.5,3.99,3.34,0.148,3,0,3,0.0,0.0,0.667
1641757,Jordan Miller,1610612746,LAC,49,29,20,1063.0,478,1614,765,92.0,3.42,3.0,0.296,27,5,71,0.815,1.2,1.113
1629673,Jordan Poole,1610612740,NOP,35,15,20,843.0,467,1587,717,108.7,4.11,3.58,0.294,3,0,8,1.333,0.0,1.0
1641775,Jordan Walsh,1610612738,BOS,58,38,20,998.0,308,1051,588,31.6,1.81,0.87,0.293,20,0,103,0.3,0.0,0.854
1630631,Jose Alvarado,1610612752,NYK,59,22,37,1202.0,435,2484,904,184.8,4.46,4.5,0.175,14,0,17,0.857,0.0,0.588
1630581,Josh Giddey,1610612741,CHI,48,20,28,1533.0,843,4495,1909,269.9,3.6,3.11,0.188,44,5,82,0.455,0.0,0.646
1630182,Josh Green,1610612766,CHA,46,29,17,765.0,221,686,418,20.6,1.8,1.02,0.322,17,0,24,0.353,0.0,0.333
1628404,Josh Hart,1610612752,NYK,56,37,19,1678.0,679,3373,1575,145.5,2.59,1.91,0.201,56,1,127,0.429,0.0,0.598
1631169,Josh Minott,1610612751,BKN,42,22,20,665.0,262,716,406,22.2,1.86,0.95,0.366,12,0,64,0.417,0.0,1.063
1629006,Josh Okogie,1610612745,HOU,65,39,26,1199.0,321,1241,689,39.2,1.9,1.08,0.259,35,1,92,0.171,0.0,0.446
201950,Jrue Holiday,1610612757,POR,41,20,21,1186.0,665,2786,1087,187.3,4.03,3.81,0.239,54,19,98,0.37,0.263,0.48
1630577,Julian Champagnie,1610612759,SAS,70,52,18,1949.0,785,2625,1360,63.4,1.45,0.56,0.299,21,0,80,0.667,0.0,0.95
1641763,Julian Phillips,1610612750,MIN,42,16,26,363.0,116,317,192,8.2,1.55,0.76,0.366,3,0,41,0.667,0.0,0.78
1642882,Julian Reese,1610612764,WAS,5,0,5,148.0,46,189,125,5.8,1.85,0.52,0.243,25,2,39,0.48,1.0,0.769
1631124,Julian Strawther,1610612743,DEN,46,27,19,691.0,317,966,532,44.9,2.79,2.24,0.328,9,0,16,0.333,0.0,1.063
203944,Julius Randle,1610612750,MIN,70,43,27,2309.0,1487,4249,2725,233.4,3.3,2.25,0.35,138,173,220,0.63,0.428,0.945
1630551,Justin Champagnie,1610612764,WAS,60,13,47,1167.0,502,1726,855,46.1,1.6,0.66,0.291,32,1,180,0.656,0.0,1.083
1642348,Justin Edwards,1610612755,PHI,52,30,22,794.0,294,1142,692,36.8,1.93,1.3,0.257,9,0,33,0.333,0.0,0.667
203994,Jusuf Nurkić,1610612762,UTA,41,14,27,1083.0,447,2372,1412,73.4,1.86,0.72,0.188,123,47,243,0.748,0.723,0.815
1642354,KJ Simpson,1610612743,DEN,17,7,10,246.0,89,540,239,40.5,4.5,4.31,0.165,4,0,8,0.5,0.0,1.0
1642955,Kadary Richmond,1610612764,WAS,3,2,1,67.0,25,85,38,2.7,1.89,1.23,0.294,1,0,4,2.0,0.0,1.5
1642880,Kam Jones,1610612754,IND,30,4,26,463.0,123,904,414,59.3,3.94,3.38,0.136,8,1,14,0.5,2.0,0.714
1626157,Karl-Anthony Towns,1610612752,NYK,65,42,23,2031.0,1302,3368,2304,122.5,2.18,0.8,0.387,131,164,320,0.702,0.561,0.944
1631255,Karlo Matković,1610612740,NOP,57,24,33,828.0,320,944,552,21.5,1.36,0.46,0.339,36,5,144,0.361,0.4,1.035
1642857,Kasparas Jakučionis,1610612748,MIA,43,24,19,764.0,261,1398,662,61.2,2.63,2.24,0.187,7,0,35,0.0,0.0,0.457
202695,Kawhi Leonard,1610612746,LAC,54,30,24,1742.0,1525,3133,1685,236.3,4.53,3.99,0.487,78,84,106,1.038,0.798,1.151
1630811,Keaton Wallace,1610612737,ATL,47,27,20,478.0,165,1097,429,77.6,4.24,3.97,0.15,2,0,3,1.0,0.0,0.0
1631099,Keegan Murray,1610612758,SAC,23,5,18,793.0,321,1055,594,41.2,2.34,1.58,0.304,23,6,43,0.609,0.667,0.674
1642276,Kel'el Ware,1610612748,MIA,65,34,31,1480.0,735,2041,998,44.0,1.29,0.31,0.36,33,28,406,0.515,0.5,1.067
1629640,Keldon Johnson,1610612759,SAS,70,52,18,1621.0,888,2530,1302,95.6,2.27,1.28,0.351,43,11,154,0.721,1.455,1.039
203482,Kelly Olynyk,1610612759,SAS,37,28,9,336.0,121,613,370,24.0,2.35,0.99,0.197,29,9,44,0.207,0.778,0.841
1626162,Kelly Oubre Jr.,1610612755,PHI,41,22,19,1330.0,602,1955,1122,78.3,2.4,1.47,0.308,12,4,70,0.667,0.5,1.1
1629026,Kenrich Williams,1610612760,OKC,46,33,13,731.0,307,1021,581,43.4,2.55,1.73,0.301,21,2,72,0.524,1.0,0.792
203484,Kentavious Caldwell-Pope,1610612763,MEM,51,20,31,1088.0,428,2061,1214,95.8,2.79,1.95,0.208,11,2,20,0.364,0.0,0.9
1631165,Keon Ellis,1610612739,CLE,61,23,38,1200.0,381,1466,761,53.1,2.17,1.51,0.26,27,0,45,0.704,0.0,0.556
1642352,Keshad Johnson,1610612748,MIA,25,13,12,203.0,96,365,210,12.7,2.09,1.16,0.263,8,1,30,0.25,0.0,0.767
1642933,Keshon Gilbert,1610612737,ATL,3,0,3,48.0,6,52,23,2.2,2.51,2.14,0.115,1,0,3,0.0,0.0,1.333
201142,Kevin Durant,1610612745,HOU,65,38,27,2373.0,1671,4176,2820,267.2,3.84,2.62,0.4,117,98,49,0.897,0.837,1.306
1628989,Kevin Huerter,1610612765,DET,58,32,26,1278.0,566,2149,1337,74.5,2.08,1.3,0.263,26,0,88,1.0,0.0,1.125
201567,Kevin Love,1610612762,UTA,37,10,27,613.0,248,1129,604,31.7,1.68,0.44,0.22,12,3,59,0.25,0.333,0.661
1641755,Kevin McCullar Jr.,1610612752,NYK,20,11,9,130.0,36,216,116,8.1,2.26,1.65,0.167,2,0,11,0.0,0.0,0.727
1629645,Kevin Porter Jr.,1610612749,MIL,38,18,20,1261.0,661,3025,1221,255.4,5.06,5.03,0.219,18,2,43,0.444,2.0,0.698
1626172,Kevon Looney,1610612740,NOP,18,2,16,251.0,52,407,262,10.7,1.58,0.6,0.128,21,0,53,0.19,0.0,0.792
1641718,Keyonte George,1610612762,UTA,54,16,38,1786.0,1275,4252,1869,317.6,4.48,3.9,0.3,28,0,35,1.179,0.0,1.114
1642863,Khaman Maluach,1610612756,PHX,35,17,18,260.0,79,309,165,8.3,1.61,0.5,0.256,12,3,69,0.833,0.0,0.841
203114,Khris Middleton,1610612742,DAL,52,16,36,1252.0,566,1745,1140,89.9,3.09,2.23,0.324,22,93,56,0.5,0.581,0.696
1630165,Killian Hayes,1610612758,SAC,12,6,6,210.0,61,444,155,32.9,4.45,3.9,0.137,3,0,5,0.667,0.0,0.8
202691,Klay Thompson,1610612742,DAL,60,18,42,1315.0,711,1528,1142,51.6,2.03,1.32,0.465,16,2,27,0.438,0.0,0.815
1641738,Kobe Brown,1610612754,IND,51,15,36,707.0,246,1026,538,43.8,2.56,1.77,0.24,12,8,70,0.333,0.25,0.714
1641723,Kobe Bufkin,1610612747,LAL,11,7,4,90.0,33,148,59,11.2,4.55,4.23,0.223,1,0,2,2.0,0.0,1.0
1642920,Kobe Sanders,1610612746,LAC,58,30,28,1192.0,399,1660,782,97.0,3.51,2.99,0.24,21,0,41,0.571,0.0,0.878
1642886,Koby Brea,1610612756,PHX,5,1,4,23.0,16,38,19,2.2,3.45,2.9,0.421,0,0,0,0.0,0.0,0.0
1642851,Kon Knueppel,1610612766,CHA,69,36,33,2189.0,1329,3593,2180,150.2,2.51,1.82,0.37,55,3,95,0.691,2.0,0.663
1627739,Kris Dunn,1610612746,LAC,70,34,36,1931.0,540,3665,1375,221.7,3.63,2.94,0.147,68,8,107,0.397,0.25,0.561
1631200,Kris Murray,1610612757,POR,45,20,25,1069.0,267,924,578,31.7,2.06,1.31,0.289,27,1,117,0.407,0.0,0.573
204001,Kristaps Porziņģis,1610612744,GSW,23,10,13,544.0,390,904,662,26.9,1.79,0.68,0.431,72,81,114,0.653,0.827,1.0
203937,Kyle Anderson,1610612750,MIN,32,10,22,625.0,210,1060,541,50.2,2.84,1.64,0.198,47,4,59,0.468,1.5,0.746
1642271,Kyle Filipowski,1610612762,UTA,68,21,47,1558.0,719,2687,1423,100.7,2.25,1.12,0.268,116,38,216,0.612,0.553,0.88
1628398,Kyle Kuzma,1610612749,MIL,64,27,37,1691.0,830,2807,1611,117.3,2.51,1.41,0.296,83,22,156,0.663,0.591,0.91
200768,Kyle Lowry,1610612755,PHI,11,6,5,99.0,14,150,81,4.9,1.98,1.19,0.093,1,0,0,0.0,0.0,0.0
1642273,Kyshawn George,1610612764,WAS,48,10,38,1391.0,710,2798,1372,159.2,3.41,2.67,0.254,27,32,50,0.37,0.469,0.82
1643018,LJ Cryer,1610612744,GSW,9,3,6,116.0,63,203,127,10.7,3.15,2.49,0.31,2,0,3,0.0,0.0,0.0
1630163,LaMelo Ball,1610612766,CHA,60,33,27,1654.0,1171,4335,1860,351.2,4.86,4.6,0.27,20,1,55,0.3,2.0,0.782
1642950,Lachlan Olbrich,1610612741,CHI,26,7,19,164.0,34,279,178,7.7,1.65,0.83,0.122,14,2,29,0.286,0.0,0.69
1629013,Landry Shamet,1610612752,NYK,45,29,16,1038.0,439,1252,767,45.5,2.18,1.67,0.351,11,0,34,1.182,0.0,0.824
1626204,Larry Nance Jr.,1610612739,CLE,29,21,8,353.0,95,450,298,13.7,1.82,0.89,0.211,18,3,52,0.111,0.0,0.462
1628374,Lauri Markkanen,1610612762,UTA,42,17,25,1443.0,1123,2223,1419,74.1,2.0,1.06,0.505,99,39,218,0.899,0.795,1.188
1643133,Lawson Lovering,1610612763,MEM,2,1,1,49.0,14,43,24,0.8,1.06,0.24,0.326,4,2,14,0.5,0.0,0.929
2544,LeBron James,1610612747,LAL,49,31,18,1635.0,1045,3410,1928,184.6,3.25,2.35,0.306,128,136,175,0.75,0.426,1.017
1641778,Leaky Black,1610612764,WAS,5,0,5,159.0,50,185,103,5.8,1.89,0.95,0.27,5,2,11,0.8,0.0,0.545
1631159,Leonard Miller,1610612741,CHI,34,15,19,387.0,175,583,267,16.6,1.71,0.86,0.3,8,3,47,0.875,0.667,1.128
1642862,Liam McNeeley,1610612766,CHA,28,10,18,342.0,115,434,224,14.6,2.02,1.27,0.265,5,0,9,0.4,0.0,0.444
1630322,Lindy Waters III,1610612759,SAS,35,26,9,245.0,82,343,208,12.4,2.17,1.49,0.239,0,0,4,0.0,0.0,0.5
1628366,Lonzo Ball,1610612739,CLE,35,19,16,728.0,160,1621,676,71.5,2.65,1.87,0.099,15,1,36,0.133,0.0,0.361
1629652,Luguentz Dort,1610612760,OKC,58,45,13,1612.0,491,1695,980,66.8,2.36,1.69,0.29,29,0,65,0.517,0.0,0.415
1629029,Luka Dončić,1610612747,LAL,58,39,19,2076.0,1940,5139,2037,439.6,5.13,4.26,0.378,45,130,56,1.0,0.838,0.804
1630568,Luka Garza,1610612738,BOS,59,39,20,923.0,435,1306,845,30.8,1.42,0.43,0.333,49,8,243,1.061,0.5,0.889
1628379,Luke Kennard,1610612747,LAL,66,37,29,1373.0,531,1754,1144,66.3,2.27,1.63,0.303,27,0,37,0.667,0.0,0.757
1628436,Luke Kornet,1610612759,SAS,59,44,15,1244.0,388,1594,1021,38.4,1.44,0.37,0.243,113,5,393,0.327,0.8,0.814
1631247,Luke Travers,1610612739,CLE,12,6,6,103.0,28,158,83,4.6,1.74,1.13,0.177,5,0,11,0.8,0.0,0.545
1630644,Mac McClung,1610612741,CHI,4,0,4,47.0,23,100,56,5.5,3.32,2.96,0.23,1,0,1,4.0,0.0,4.0
1641869,Malachi Smith,1610612751,BKN,3,0,3,45.0,7,79,37,4.7,3.59,3.57,0.089,1,0,3,0.0,0.0,0.0
1631103,Malaki Branham,1610612764,WAS,28,7,21,275.0,128,446,205,21.0,2.82,2.23,0.287,3,0,12,1.333,0.0,1.167
1642502,Malevy Leons,1610612744,GSW,16,5,11,146.0,40,197,128,6.0,1.84,0.86,0.203,0,1,30,0.0,0.0,0.467
1628370,Malik Monk,1610612758,SAC,53,15,38,1165.0,666,1984,1039,121.7,3.68,3.23,0.336,11,0,27,0.909,0.0,0.963
1630699,MarJon Beauchamp,1610612755,PHI,7,2,5,120.0,64,162,91,5.8,2.16,1.67,0.395,5,0,4,0.8,0.0,0.75
1631204,Marcus Sasser,1610612765,DET,28,20,8,352.0,155,627,330,40.4,3.86,3.43,0.247,4,0,2,1.0,0.0,0.0
203935,Marcus Smart,1610612747,LAL,59,38,21,1694.0,566,2603,1167,137.9,3.18,2.52,0.217,20,23,39,0.2,0.391,0.718
1641813,Mark Sears,1610612749,MIL,7,1,6,26.0,22,54,26,4.6,5.11,5.11,0.407,0,0,0,0.0,0.0,0.0
1631109,Mark Williams,1610612756,PHX,56,33,23,1322.0,648,1955,1093,49.1,1.51,0.35,0.331,128,25,423,1.102,0.64,1.116
1628963,Marvin Bagley III,1610612742,DAL,52,14,38,1035.0,516,1593,944,46.6,1.76,0.64,0.324,124,19,276,0.532,0.526,1.058
203486,Mason Plumlee,1610612759,SAS,17,8,9,139.0,27,204,109,6.5,1.9,0.53,0.132,10,1,32,0.2,2.0,0.625
1641824,Matas Buzelis,1610612741,CHI,69,27,42,2004.0,1113,3586,1817,154.3,2.58,1.78,0.31,58,3,152,1.086,0.0,0.974
1629680,Matisse Thybulle,1610612757,POR,18,9,9,224.0,85,317,176,9.5,1.8,1.27,0.268,6,0,7,0.0,0.0,0.0
1631108,Max Christie,1610612742,DAL,65,21,44,1917.0,823,2629,1418,114.2,2.61,2.03,0.313,15,3,38,0.8,0.0,0.737
1642917,Max Shulga,1610612738,BOS,5,4,1,8.0,0,13,4,1.2,5.53,4.15,0.0,0,0,0,0.0,0.0,0.0
1629622,Max Strus,1610612739,CLE,3,2,1,70.0,30,114,56,3.3,1.73,0.94,0.263,1,0,3,2.0,0.0,0.667
1628467,Maxi Kleber,1610612747,LAL,35,16,19,383.0,76,428,230,9.7,1.36,0.36,0.178,24,2,49,0.625,0.0,0.49
1642875,Maxime Raynaud,1610612758,SAC,62,17,45,1574.0,707,2576,1305,61.9,1.44,0.4,0.274,214,41,457,0.617,0.732,0.974
1642877,Micah Peavy,1610612740,NOP,52,16,36,706.0,204,773,522,25.5,1.98,1.11,0.264,9,0,65,0.222,0.0,0.815
1630695,Micah Potter,1610612754,IND,35,7,28,652.0,315,1009,630,24.0,1.43,0.38,0.312,42,29,120,0.762,0.862,0.975
1629008,Michael Porter Jr.,1610612751,BKN,52,14,38,1689.0,1259,3063,1921,109.0,2.14,1.16,0.411,59,18,184,1.102,0.667,1.201
1628969,Mikal Bridges,1610612752,NYK,70,45,25,2334.0,1034,3972,2130,168.0,2.54,1.87,0.26,91,15,167,0.835,0.667,0.934
201144,Mike Conley,1610612750,MIN,47,29,18,838.0,195,1747,826,107.2,3.68,3.26,0.112,4,1,11,0.0,0.0,0.0
1628970,Miles Bridges,1610612766,CHA,65,34,31,2057.0,1132,3453,1998,151.3,2.63,1.94,0.328,50,52,135,0.54,0.654,1.081
1642939,Miles Kelly,1610612742,DAL,14,7,7,134.0,43,155,110,4.1,1.59,1.0,0.277,2,0,4,0.0,0.0,1.75
1630540,Miles McBride,1610612752,NYK,35,22,13,981.0,451,1740,852,91.5,3.16,2.8,0.259,11,1,28,0.909,0.0,0.536
1629011,Mitchell Robinson,1610612752,NYK,51,34,17,992.0,272,939,604,22.2,1.42,0.4,0.29,37,1,307,0.27,0.0,0.801
1628964,Mo Bamba,1610612762,UTA,4,3,1,44.0,10,63,34,1.6,1.56,0.35,0.159,3,0,16,1.333,0.0,0.5
1642885,Mohamed Diawara,1610612752,NYK,59,36,23,505.0,201,789,435,29.1,2.21,1.43,0.255,5,4,21,0.4,1.0,0.476
1628420,Monte Morris,1610612754,IND,6,0,6,65.0,18,152,71,9.2,3.64,3.07,0.118,3,0,3,0.667,0.0,1.333
1629021,Moritz Wagner,1610612753,ORL,29,17,12,383.0,224,633,405,20.1,1.91,0.84,0.354,30,29,69,0.933,0.759,0.797
1630541,Moses Moody,1610612744,GSW,59,29,30,1506.0,705,1829,1353,68.7,2.25,1.48,0.385,23,2,81,0.696,0.0,0.691
1631243,Mouhamed Gueye,1610612737,ATL,65,36,29,994.0,295,1206,649,31.0,1.54,0.67,0.245,40,8,168,0.4,0.25,0.762
1630619,Moussa Cisse,1610612742,DAL,34,10,24,425.0,127,454,252,11.5,1.52,0.5,0.28,31,2,134,0.161,1.0,0.761
1631217,Moussa Diabaté,1610612766,CHA,62,33,29,1603.0,495,2261,1284,68.1,1.81,0.52,0.219,177,16,505,0.458,0.313,0.638
1626167,Myles Turner,1610612749,MIL,64,26,38,1748.0,771,2073,1514,52.6,1.52,0.63,0.372,92,69,203,0.598,0.58,0.857
1642066,Myron Gardner,1610612748,MIA,37,22,15,349.0,137,587,312,19.0,1.94,1.23,0.233,7,0,42,0.714,0.0,0.5
1642368,N'Faly Dante,1610612737,ATL,4,3,1,15.0,3,20,10,0.4,1.3,0.75,0.15,4,0,3,0.0,0.0,0.0
1641772,Nae'Qwan Tomlin,1610612739,CLE,54,35,19,848.0,312,944,562,28.1,1.79,1.09,0.331,33,1,159,0.485,2.0,0.893
1630230,Naji Marshall,1610612742,DAL,67,23,44,1973.0,1015,3162,1486,175.2,3.32,2.76,0.321,73,3,113,0.726,1.333,0.965
1631466,Nate Williams,1610612744,GSW,9,2,7,105.0,49,116,95,3.7,1.92,1.04,0.422,7,0,21,0.571,0.0,0.571
1629675,Naz Reid,1610612750,MIN,68,42,26,1770.0,932,3390,1698,100.8,1.78,1.05,0.275,52,72,111,0.577,0.819,0.901
1629674,Neemias Queta,1610612738,BOS,65,43,22,1637.0,643,2277,1427,63.2,1.67,0.58,0.282,158,11,534,0.709,0.182,0.964
1629651,Nic Claxton,1610612751,BKN,62,16,46,1764.0,738,3084,2184,125.3,2.44,1.07,0.239,284,28,450,0.408,0.393,0.884
1630208,Nick Richards,1610612741,CHI,46,19,27,665.0,263,922,524,21.6,1.4,0.48,0.285,61,9,210,0.787,0.556,0.819
1641733,Nick Smith Jr.,1610612747,LAL,25,12,13,318.0,146,593,209,49.2,4.98,4.73,0.246,4,0,6,1.0,0.0,0.667
1629638,Nickeil Alexander-Walker,1610612737,ATL,66,35,31,2195.0,1343,3966,1917,218.3,3.3,2.86,0.339,32,0,76,0.781,0.0,0.921
201587,Nicolas Batum,1610612746,LAC,64,33,31,1168.0,257,1544,754,33.1,1.29,0.27,0.166,14,0,12,0.143,0.0,0.167
1628502,Nigel Hayes-Davis,1610612756,PHX,27,15,12,195.0,34,230,114,8.7,2.28,1.43,0.148,12,3,13,0.333,1.0,0.769
203999,Nikola Jokić,1610612743,DEN,54,32,22,1875.0,1524,5399,3005,250.0,2.78,1.35,0.282,486,388,413,0.57,0.649,1.053
1631107,Nikola Jović,1610612748,MIA,45,23,22,791.0,339,1537,845,55.2,2.16,1.44,0.221,22,21,55,0.818,0.333,0.545
1642260,Nikola Topić,1610612760,OKC,5,3,2,53.0,16,126,58,7.5,3.57,3.4,0.127,3,0,5,0.0,0.0,0.4
202696,Nikola Vučević,1610612738,BOS,60,32,28,1740.0,935,3653,2744,89.7,1.47,0.56,0.256,237,243,417,0.54,0.366,0.753
1642363,Nique Clifford,1610612758,SAC,66,17,49,1574.0,512,2406,1142,116.7,2.91,2.3,0.213,25,0,70,0.84,0.0,0.757
1642855,Noa Essengue,1610612741,CHI,2,1,1,6.0,0,9,7,0.1,0.68,0.11,0.0,0,0,1,0.0,0.0,0.0
1641730,Noah Clowney,1610612751,BKN,62,16,46,1695.0,773,2375,1357,86.8,2.19,1.32,0.325,46,5,66,0.174,0.4,0.697
1642869,Noah Penda,1610612753,ORL,50,26,24,694.0,222,1165,590,36.4,1.87,1.1,0.191,21,7,75,0.095,0.286,0.44
1642849,Nolan Traore,1610612751,BKN,46,11,35,1015.0,380,2424,952,193.9,4.8,4.15,0.157,7,0,19,0.571,0.0,0.632
1641807,Norchad Omier,1610612746,LAC,3,3,0,14.0,8,26,13,0.7,1.6,0.54,0.308,1,2,6,2.0,2.0,1.0
1626181,Norman Powell,1610612748,MIA,52,27,25,1564.0,1160,2385,1628,99.7,2.51,2.12,0.486,29,3,24,0.655,1.333,1.083
1628384,OG Anunoby,1610612752,NYK,56,37,19,1851.0,944,2467,1507,86.9,2.11,1.37,0.383,64,30,155,0.734,0.4,0.852
1630167,Obi Toppin,1610612754,IND,12,0,12,198.0,107,422,236,13.3,1.88,1.08,0.254,7,13,28,0.571,0.154,0.929
1630534,Ochai Agbaji,1610612751,BKN,55,26,29,860.0,269,1067,593,27.9,1.57,0.82,0.252,25,0,72,0.4,0.0,0.931
1641765,Olivier-Maxence Prosper,1610612763,MEM,44,15,29,773.0,384,1085,584,34.5,1.91,1.25,0.354,41,5,98,0.805,0.8,0.816
1630209,Omer Yurtseven,1610612744,GSW,3,1,2,20.0,6,28,16,0.7,1.5,0.54,0.214,1,1,5,0.0,0.0,0.8
1630168,Onyeka Okongwu,1610612737,ATL,63,34,29,1976.0,993,3350,2178,82.5,1.48,0.57,0.296,137,61,350,0.672,0.541,0.86
1631115,Orlando Robinson,1610612753,ORL,4,2,2,25.0,7,45,28,1.3,1.72,0.67,0.156,0,1,4,0.0,0.0,1.0
1631131,Oscar Tshiebwe,1610612762,UTA,15,2,13,201.0,73,226,139,5.7,1.52,0.37,0.323,17,2,65,0.471,1.0,0.938
1642345,Oso Ighodaro,1610612756,PHX,70,39,31,1511.0,435,2266,1370,88.6,2.35,1.32,0.192,156,6,276,0.519,0.5,0.815
1631172,Ousmane Dieng,1610612749,MIL,44,29,15,685.0,255,1007,520,54.4,3.24,2.63,0.253,12,0,30,0.5,0.0,0.433
1629023,P.J. Washington,1610612742,DAL,51,14,37,1572.0,724,2540,1114,90.3,2.13,1.25,0.285,100,39,168,0.74,0.538,0.935
1641790,PJ Hall,1610612766,CHA,19,7,12,213.0,86,298,180,7.9,1.58,0.49,0.289,17,4,89,0.647,0.0,0.64
1642359,Pacôme Dadiet,1610612752,NYK,24,15,9,90.0,29,136,69,4.4,1.93,1.08,0.213,3,0,8,1.333,0.0,0.25
1631094,Paolo Banchero,1610612753,ORL,59,31,28,2057.0,1318,4479,2279,271.8,3.64,2.7,0.294,114,134,164,0.623,0.515,1.043
1627783,Pascal Siakam,1610612754,IND,55,14,41,1844.0,1318,3870,2166,177.6,2.75,2.02,0.341,104,165,166,0.663,0.594,0.976
1626192,Pat Connaughton,1610612766,CHA,34,20,14,257.0,101,411,224,13.2,1.93,1.02,0.246,10,0,14,0.4,0.0,0.286
1630311,Pat Spencer,1610612744,GSW,53,26,27,926.0,358,2310,1090,153.6,3.99,3.63,0.155,33,9,67,0.697,0.222,0.642
1631116,Patrick Baldwin Jr.,1610612758,SAC,7,2,5,58.0,19,62,38,1.6,1.54,0.79,0.306,1,0,6,1.0,0.0,0.333
1630172,Patrick Williams,1610612741,CHI,60,21,39,1180.0,415,1808,1010,60.8,2.02,1.36,0.23,21,8,50,0.238,0.25,0.5
202331,Paul George,1610612755,PHI,27,16,11,824.0,431,1667,796,81.2,2.92,2.11,0.259,21,26,26,0.81,0.577,0.577
1630194,Paul Reed,1610612765,DET,52,37,15,680.0,361,1088,619,34.1,1.88,0.87,0.332,107,7,199,0.664,0.286,0.819
1630202,Payton Pritchard,1610612738,BOS,67,45,22,2184.0,1119,4666,2084,350.6,4.51,4.48,0.24,29,2,48,0.552,0.0,0.625
1642362,Payton Sandfort,1610612760,OKC,1,1,0,5.0,3,6,5,0.1,0.89,0.17,0.5,0,0,1,0.0,0.0,0.0
1641796,Pelle Larsson,1610612748,MIA,59,34,25,1516.0,640,2207,1374,86.3,2.35,1.46,0.29,22,3,109,0.773,0.667,0.853
1631250,Pete Nance,1610612749,MIL,36,11,25,422.0,161,613,381,17.2,1.68,0.64,0.263,14,1,50,0.286,2.0,0.8
1631212,Peyton Watson,1610612743,DEN,49,31,18,1502.0,731,2574,1090,144.6,3.37,2.16,0.284,91,1,149,0.758,0.0,0.785
1630173,Precious Achiuwa,1610612758,SAC,62,16,46,1418.0,571,1778,946,63.2,2.13,1.23,0.321,89,20,259,0.753,0.4,0.911
1629656,Quentin Grimes,1610612755,PHI,63,34,29,1888.0,851,3105,1836,147.6,2.85,2.5,0.274,26,4,42,0.615,0.5,1.048
1631245,Quenton Jackson,1610612754,IND,38,7,31,663.0,328,1382,651,71.6,3.11,2.47,0.237,9,0,18,1.0,0.0,0.889
1642366,Quinten Post,1610612744,GSW,65,32,33,1140.0,505,2110,1354,55.0,1.56,0.6,0.239,51,47,142,0.353,0.468,0.817
1629628,RJ Barrett,1610612761,TOR,44,27,17,1328.0,838,2403,1275,104.4,2.61,1.85,0.349,48,23,105,0.792,0.783,1.286
1642853,Rasheer Fleming,1610612756,PHX,44,24,20,460.0,162,396,289,9.9,1.5,0.92,0.409,12,1,54,0.75,0.0,0.444
1642484,RayJ Dennis,1610612737,ATL,16,3,13,180.0,64,479,203,31.1,3.89,3.28,0.134,4,0,7,0.5,0.0,0.0
1641712,Rayan Rupert,1610612763,MEM,58,28,30,867.0,244,1111,557,36.8,1.99,1.56,0.22,11,0,58,0.182,0.0,0.534
1642263,Reed Sheppard,1610612745,HOU,68,41,27,1769.0,910,3615,1544,247.2,4.1,4.35,0.252,18,0,13,0.722,0.0,0.462
1642434,Riley Minix,1610612739,CLE,5,4,1,19.0,13,36,18,1.6,2.68,1.58,0.361,0,0,4,0.0,0.0,1.5
1642265,Rob Dillingham,1610612741,CHI,53,26,27,699.0,275,1445,599,102.3,4.25,4.35,0.19,9,0,14,0.444,0.0,0.429
1629057,Robert Williams III,1610612757,POR,48,23,25,816.0,324,1133,617,23.4,1.24,0.3,0.286,40,0,257,0.7,0.0,0.973
1642911,Rocco Zikarsky,1610612750,MIN,4,0,4,16.0,6,25,11,0.5,1.17,0.2,0.24,1,1,4,0.0,0.0,1.0
1631199,Ron Harper Jr.,1610612738,BOS,22,16,6,246.0,82,327,192,13.7,2.51,1.79,0.251,4,0,13,0.5,0.0,0.462
1641842,Ronald Holland II,1610612765,DET,65,46,19,1317.0,547,2075,1033,74.8,2.16,1.42,0.264,26,0,96,0.731,0.0,0.958
1626220,Royce O'Neale,1610612756,PHX,69,39,30,2007.0,685,3774,1826,137.7,2.19,1.25,0.182,23,0,42,0.261,0.0,0.381
203497,Rudy Gobert,1610612750,MIN,67,42,25,2107.0,732,2965,1561,67.5,1.37,0.27,0.247,144,24,571,0.674,0.333,1.047
1629060,Rui Hachimura,1610612747,LAL,58,40,18,1669.0,655,1745,970,52.3,1.8,0.92,0.375,44,35,104,1.045,0.486,1.038
201566,Russell Westbrook,1610612758,SAC,63,16,47,1826.0,960,4357,1693,337.9,4.65,4.27,0.22,18,39,98,0.944,0.615,0.622
1642346,Ryan Dunn,1610612756,PHX,61,35,26,1181.0,347,1540,787,53.9,2.1,1.41,0.225,36,0,128,0.722,0.0,0.719
1641750,Ryan Kalkbrenner,1610612766,CHA,57,31,26,1252.0,453,1357,845,40.1,1.78,0.39,0.334,82,13,377,0.61,0.538,1.05
1642948,Ryan Nembhard,1610612742,DAL,49,18,31,908.0,308,2011,706,175.2,5.23,5.09,0.153,4,0,7,0.0,0.0,0.286
1631157,Ryan Rollins,1610612749,MIL,67,26,41,2158.0,1123,4732,1948,350.3,4.44,3.92,0.237,13,0,50,0.615,0.0,0.5
1630180,Saddiq Bey,1610612740,NOP,64,24,40,1987.0,1113,2749,1839,115.7,2.53,1.7,0.405,48,142,147,0.625,0.627,0.986
1630573,Sam Hauser,1610612738,BOS,66,45,21,1625.0,605,2411,1320,60.2,1.5,0.57,0.251,22,0,53,0.636,0.0,0.811
1630241,Sam Merrill,1610612739,CLE,44,30,14,1145.0,562,1778,1053,50.1,1.69,1.19,0.316,31,1,44,0.484,0.0,0.886
1630572,Sandro Mamukelashvili,1610612761,TOR,66,37,29,1446.0,716,2338,1426,68.0,1.74,0.79,0.306,109,18,231,0.615,0.667,0.792
1630583,Santi Aldama,1610612763,MEM,43,19,24,1198.0,602,2326,1320,71.2,1.84,0.93,0.259,56,21,140,0.571,0.857,0.914
1630703,Scoot Henderson,1610612757,POR,18,10,8,420.0,246,1020,440,73.5,4.32,3.72,0.241,5,0,14,0.4,0.0,0.429
1630567,Scottie Barnes,1610612761,TOR,66,38,28,2255.0,1231,4639,2386,203.0,2.63,1.75,0.265,198,140,353,0.621,0.529,0.773
1630590,Scotty Pippen Jr.,1610612763,MEM,10,2,8,212.0,114,497,250,31.7,3.83,3.54,0.229,5,0,9,0.8,0.0,0.778
1642951,Sean Pedulla,1610612746,LAC,2,1,1,11.0,8,26,10,2.5,5.66,5.27,0.308,0,0,0,0.0,0.0,0.0
203552,Seth Curry,1610612744,GSW,4,0,4,51.0,27,63,50,2.1,2.03,1.1,0.429,0,0,1,0.0,0.0,2.0
1631101,Shaedon Sharpe,1610612757,POR,48,22,26,1439.0,1025,2672,1311,172.5,3.87,3.44,0.384,60,2,94,0.867,0.0,1.191
1628983,Shai Gilgeous-Alexander,1610612760,OKC,58,47,11,1943.0,1827,3908,1364,369.6,5.67,5.52,0.468,62,69,60,0.79,0.681,0.917
1630536,Sharife Cooper,1610612764,WAS,28,5,23,436.0,192,933,343,73.8,4.75,4.31,0.206,3,0,19,0.0,0.0,0.737
1631321,Sidy Cissoko,1610612757,POR,63,31,32,1306.0,362,1635,949,60.7,2.23,1.38,0.221,29,0,61,0.655,0.0,0.557
1631323,Simone Fontecchio,1610612748,MIA,62,33,29,1055.0,523,1590,1012,45.5,1.72,1.03,0.329,32,0,62,0.719,0.0,0.79
1642883,Sion James,1610612766,CHA,70,36,34,1609.0,375,2404,1115,134.1,3.35,2.57,0.156,40,1,52,0.45,0.0,0.481
1627746,Skal Labissiere,1610612764,WAS,3,2,1,38.0,13,67,44,2.1,1.89,0.78,0.194,7,0,8,0.857,0.0,1.0
1642461,Spencer Jones,1610612743,DEN,58,35,23,1326.0,339,1006,576,22.7,1.35,0.52,0.337,32,0,131,0.469,0.0,0.809
1630649,Stanley Umude,1610612759,SAS,2,2,0,7.0,2,8,6,0.2,1.73,1.0,0.25,0,0,1,0.0,0.0,0.0
201939,Stephen Curry,1610612744,GSW,39,23,16,1222.0,1061,2591,1171,173.3,4.01,3.99,0.409,37,0,61,0.838,0.0,1.262
1642264,Stephon Castle,1610612759,SAS,59,44,15,1759.0,972,3957,1581,291.0,4.41,3.7,0.246,62,8,130,0.742,0.5,1.046
203500,Steven Adams,1610612745,HOU,32,21,11,730.0,187,901,535,25.0,1.67,0.41,0.208,80,7,238,0.35,0.857,0.597
1629004,Svi Mykhailiuk,1610612762,UTA,48,14,34,1123.0,438,1386,774,49.8,2.16,1.37,0.316,13,0,38,0.462,0.0,0.868
204456,T.J. McConnell,1610612754,IND,51,13,38,880.0,474,2538,874,212.5,5.02,4.82,0.187,24,0,43,1.083,0.0,0.791
1643007,Taelon Peter,1610612754,IND,31,4,27,348.0,122,587,321,21.3,2.18,1.68,0.208,5,0,8,0.4,0.0,1.0
201959,Taj Gibson,1610612763,MEM,3,1,2,29.0,6,30,22,0.6,1.2,0.37,0.2,4,1,7,0.5,0.0,0.143
1631106,Tari Eason,1610612745,HOU,46,27,19,1217.0,485,1849,856,76.8,2.49,1.81,0.262,27,4,97,0.519,0.5,0.701
1627752,Taurean Prince,1610612749,MIL,14,6,8,275.0,84,320,211,10.2,1.91,0.82,0.263,1,0,0,0.0,0.0,0.0
1641707,Taylor Hendricks,1610612763,MEM,50,12,38,903.0,355,1001,578,28.1,1.69,0.95,0.355,36,7,92,0.694,0.571,0.837
1629611,Terance Mann,1610612751,BKN,58,14,44,1413.0,425,2402,1082,157.1,3.92,3.37,0.177,30,4,85,0.633,0.0,0.671
1630545,Terrence Shannon Jr.,1610612750,MIN,31,18,13,363.0,135,445,243,21.5,2.9,2.35,0.303,1,0,7,2.0,0.0,0.571
203648,Thanasis Antetokounmpo,1610612749,MIL,28,8,20,94.0,36,134,83,5.6,2.52,2.09,0.269,3,1,16,0.667,1.0,0.625
1628418,Thomas Bryant,1610612739,CLE,52,31,21,590.0,302,960,593,26.2,1.64,0.37,0.315,41,13,118,0.659,0.769,1.102
1642275,Tidjane Salaün,1610612766,CHA,36,18,18,571.0,222,824,395,23.0,1.67,0.7,0.269,15,1,48,0.533,0.0,0.708
203501,Tim Hardaway Jr.,1610612743,DEN,69,41,28,1867.0,949,2210,1367,68.9,1.87,1.03,0.429,29,1,31,1.31,2.0,1.484
202699,Tobias Harris,1610612765,DET,52,36,16,1464.0,682,2228,1320,100.0,2.69,1.68,0.306,44,164,91,0.705,0.799,0.89
1642449,Tolu Smith,1610612765,DET,8,6,2,91.0,35,136,87,3.7,1.65,0.71,0.257,12,2,38,0.5,0.0,0.658
1628396,Tony Bradley,1610612754,IND,38,9,29,416.0,151,449,296,10.3,1.38,0.45,0.336,31,6,112,0.839,1.333,0.777
1641787,Tosan Evbuomwan,1610612766,CHA,5,4,1,8.0,0,8,5,0.2,1.87,1.38,0.0,0,0,0,0.0,0.0,0.0
1641739,Toumani Camara,1610612757,POR,70,34,36,2334.0,894,3953,2007,139.1,2.11,1.33,0.226,69,3,188,0.725,0.0,0.739
1629027,Trae Young,1610612764,WAS,15,2,13,384.0,269,935,349,76.5,4.91,4.5,0.288,1,0,2,0.0,0.0,1.0
1631218,Trayce Jackson-Davis,1610612761,TOR,45,24,21,454.0,166,763,482,20.9,1.64,0.65,0.218,41,14,146,0.585,0.286,0.795
1642848,Tre Johnson,1610612764,WAS,56,12,44,1348.0,692,1841,1130,84.4,2.75,2.4,0.376,16,3,21,0.625,0.0,0.571
1630200,Tre Jones,1610612741,CHI,53,24,29,1431.0,684,3206,1385,200.7,3.76,3.46,0.213,23,0,58,0.913,0.0,1.0
1630544,Tre Mann,1610612766,CHA,45,24,21,634.0,273,1329,581,111.0,5.01,4.58,0.205,6,0,13,0.0,0.0,0.231
1630570,Trendon Watford,1610612755,PHI,46,22,24,778.0,297,1839,827,90.5,2.95,2.18,0.162,48,49,61,0.313,0.51,0.77
1642280,Trentyn Flowers,1610612741,CHI,2,0,2,6.0,4,8,7,0.3,2.59,1.62,0.5,0,0,2,0.0,0.0,2.0
1631211,Trevor Keels,1610612748,MIA,4,4,0,5.0,0,12,9,0.3,1.55,0.67,0.0,0,0,0,0.0,0.0,0.0
1641725,Trey Alexander,1610612740,NOP,5,1,4,42.0,14,51,23,2.4,2.82,1.88,0.275,0,0,0,0.0,0.0,0.0
1641998,Trey Jemison III,1610612752,NYK,11,9,2,61.0,9,54,34,1.6,1.78,0.85,0.167,4,0,11,0.0,0.0,0.364
1630530,Trey Murphy III,1610612740,NOP,62,21,41,2196.0,1362,3842,2022,178.5,2.79,2.24,0.355,41,0,156,0.951,0.0,1.282
1642400,Tristan Enaruna,1610612739,CLE,6,6,0,34.0,13,50,32,1.6,1.86,1.3,0.26,1,0,8,0.0,0.0,1.25
1641774,Tristan Vukcevic,1610612764,WAS,44,8,36,589.0,381,1018,670,31.5,1.86,0.86,0.374,76,5,87,0.763,0.8,1.138
1641783,Tristan da Silva,1610612753,ORL,64,36,28,1559.0,608,1931,1065,70.9,2.2,1.31,0.315,48,3,99,0.438,1.333,0.909
1629660,Ty Jerome,1610612763,MEM,13,3,10,290.0,262,665,284,56.0,5.06,4.53,0.394,3,0,4,0.667,0.0,1.0
1631102,TyTy Washington Jr.,1610612746,LAC,9,5,4,52.0,19,95,45,7.2,4.55,4.36,0.2,1,0,2,0.0,0.0,0.0
1631174,Tyler Burton,1610612763,MEM,4,1,3,91.0,20,117,76,3.3,1.69,0.89,0.171,0,0,3,0.0,0.0,0.667
1629639,Tyler Herro,1610612748,MIA,23,11,12,707.0,492,1360,687,71.1,3.14,2.47,0.362,9,2,16,0.667,0.0,0.875
1642278,Tyler Kolek,1610612752,NYK,56,35,21,683.0,246,1705,644,121.2,4.27,4.17,0.144,11,0,14,0.182,0.0,0.714
1641890,Tyler Smith,1610612742,DAL,2,0,2,11.0,3,20,13,0.5,1.44,0.55,0.15,1,0,2,0.0,0.0,0.0
1631213,Tyrese Martin,1610612755,PHI,44,11,33,771.0,288,1504,682,92.2,3.68,2.88,0.191,15,0,36,1.0,0.0,0.639
1630178,Tyrese Maxey,1610612755,PHI,61,33,28,2334.0,1767,5923,2534,442.2,4.48,3.87,0.298,13,11,21,0.769,0.727,0.667
1642878,Tyrese Proctor,1610612739,CLE,42,28,14,436.0,201,787,382,50.1,3.82,3.61,0.255,4,0,17,1.0,0.0,0.353
1630623,Tyson Etienne,1610612751,BKN,14,2,12,135.0,63,211,107,11.5,3.26,3.06,0.299,0,0,0,0.0,0.0,0.0
1626145,Tyus Jones,1610612743,DEN,61,31,30,925.0,185,2008,790,139.9,4.18,3.82,0.092,4,0,5,0.0,0.0,0.4
1642845,VJ Edgecombe,1610612755,PHI,62,35,27,2159.0,947,4314,2023,241.2,3.35,2.75,0.22,43,7,117,0.744,0.857,0.726
1641705,Victor Wembanyama,1610612759,SAS,55,42,13,1615.0,1339,3155,1926,124.0,2.36,1.26,0.424,242,168,314,0.624,0.554,1.14
1631246,Vince Williams Jr.,1610612762,UTA,40,16,24,819.0,300,1976,901,117.5,3.57,2.76,0.152,18,4,44,0.444,0.0,0.636
1642884,Vladislav Goldin,1610612748,MIA,5,3,2,14.0,4,14,8,0.4,1.59,0.21,0.286,0,1,5,0.0,2.0,0.8
1630249,Vít Krejčí,1610612757,POR,64,31,33,1387.0,548,1957,1277,63.9,1.96,1.18,0.28,18,0,38,0.611,0.0,0.5
1631117,Walker Kessler,1610612762,UTA,5,2,3,154.0,72,265,175,8.4,1.9,0.59,0.272,13,0,46,0.462,0.0,0.935
1642383,Walter Clayton Jr.,1610612763,MEM,58,16,42,1135.0,417,2504,1033,172.4,4.13,3.64,0.167,14,0,22,1.071,0.0,0.636
1628976,Wendell Carter Jr.,1610612753,ORL,65,36,29,1925.0,763,2573,1715,62.5,1.46,0.43,0.297,194,21,354,0.397,0.524,0.898
1631111,Wendell Moore Jr.,1610612765,DET,5,4,1,54.0,10,59,27,3.1,3.15,2.26,0.169,2,0,1,2.0,0.0,2.0
1642954,Will Richard,1610612744,GSW,59,31,28,1190.0,396,1473,957,46.5,1.89,1.19,0.269,27,2,143,0.704,0.0,0.881
1642860,Will Riley,1610612764,WAS,61,15,46,1227.0,543,1862,1036,89.8,2.89,2.08,0.292,29,0,71,1.172,0.0,1.169
1630214,Xavier Tillman,1610612766,CHA,24,17,7,148.0,35,202,125,5.8,1.74,0.66,0.173,5,1,24,0.0,0.0,0.625
1642905,Yang Hansen,1610612757,POR,39,20,19,277.0,85,360,233,12.4,2.06,0.79,0.236,20,23,52,0.65,0.609,0.808
1642949,Yanic Konan Niederhäuser,1610612746,LAC,41,22,19,424.0,176,473,276,13.8,1.76,0.68,0.372,40,4,115,0.675,1.0,0.948
1642530,Yuki Kawamura,1610612741,CHI,11,4,7,121.0,33,262,124,14.0,3.2,3.12,0.126,1,0,2,0.0,0.0,0.0
1642274,Yves Missi,1610612740,NOP,58,19,39,1110.0,322,1369,837,37.1,1.63,0.69,0.235,93,7,250,0.387,0.286,0.696
1642258,Zaccharie Risacher,1610612737,ATL,55,31,24,1301.0,543,1515,940,48.3,1.91,1.14,0.358,30,2,111,1.067,0.0,1.081
1628380,Zach Collins,1610612741,CHI,10,6,4,184.0,97,300,207,7.4,1.47,0.61,0.323,25,5,49,0.8,1.2,1.041
1641744,Zach Edey,1610612763,MEM,11,7,4,284.0,150,401,250,8.7,1.3,0.22,0.374,28,47,144,0.25,0.809,0.882
203897,Zach LaVine,1610612758,SAC,39,9,30,1224.0,748,1999,1109,100.1,3.01,2.26,0.374,11,7,32,1.091,0.286,0.688
1630192,Zeke Nnaji,1610612743,DEN,47,33,14,575.0,179,679,431,19.4,1.72,0.68,0.264,53,2,87,0.528,0.0,0.92
1630533,Ziaire Williams,1610612751,BKN,49,13,36,1116.0,469,1259,744,43.8,2.09,1.37,0.373,14,1,44,0.714,0.0,1.136
1629627,Zion Williamson,1610612740,NOP,54,22,32,1602.0,1149,2696,1418,158.3,3.52,3.0,0.426,101,89,210,0.752,0.438,1.038
1642389,Zyon Pullin,1610612750,MIN,1,1,0,5.0,4,14,7,0.6,2.43,2.14,0.286,0,0,0,0.0,0.0,0.0
