PLAYER_ID,PLAYER_NAME,TEAM_ID,TEAM_ABBREVIATION,GP,W,L,MIN,TOUCHES,POST_TOUCHES,POST_TOUCH_FGM,POST_TOUCH_FGA,POST_TOUCH_FG_PCT,POST_TOUCH_FTM,POST_TOUCH_FTA,POST_TOUCH_FT_PCT,POST_TOUCH_PTS,POST_TOUCH_PTS_PCT,POST_TOUCH_PASSES,POST_TOUCH_PASSES_PCT,POST_TOUCH_AST,POST_TOUCH_AST_PCT,POST_TOUCH_TOV,POST_TOUCH_TOV_PCT,POST_TOUCH_FOULS,POST_TOUCH_FOULS_PCT
1630639,A.J. Lawson,1610612761,TOR,14,6,8,110.0,143,0,0,0,0.0,0,0,0.0,0,0.0,0,0.0,0,0.0,0,0.0,0,0.0
1631260,AJ Green,1610612749,MIL,65,27,38,1866.0,2755,0,0,0,0.0,0,0,0.0,0,0.0,0,0.0,0,0.0,0,0.0,0,0.0
1642358,AJ Johnson,1610612742,DAL,40,7,33,353.0,554,0,0,0,0.0,0,0,0.0,0,0.0,0,0.0,0,0.0,0,0.0,0,0.0
203932,Aaron Gordon,1610612743,DEN,28,19,9,768.0,1322,50,8,29,0.276,12,14,0.857,29,0.58,9,0.18,3,0.06,4,0.08,7,0.14
1628988,Aaron Holiday,1610612745,HOU,43,27,16,558.0,803,0,0,0,0.0,0,0,0.0,0,0.0,0,0.0,0,0.0,0,0.0,0,0.0
1630174,Aaron Nesmith,1610612754,IND,41,9,32,1207.0,2044,0,0,0,0.0,0,0,0.0,0,0.0,0,0.0,0,0.0,0,0.0,0,0.0
1630598,Aaron Wiggins,1610612760,OKC,55,42,13,1258.0,1940,0,0,0,0.0,0,0,0.0,0,0.0,0,0.0,0,0.0,0,0.0,0,0.0
1642846,Ace Bailey,1610612762,UTA,61,18,43,1636.0,1912,8,3,6,0.5,0,0,0.0,6,0.75,2,0.25,0,0.0,0,0.0,0,0.0
1641737,Adem Bona,1610612755,PHI,59,33,26,1025.0,983,5,1,2,0.5,0,0,0.0,2,0.4,2,0.4,1,0.2,0,0.0,0,0.0
1642876,Adou Thiero,1610612747,LAL,19,11,8,104.0,127,1,0,0,0.0,0,0,0.0,0,0.0,1,1.0,0,0.0,0,0.0,0,0.0
1642349,Ajay Mitchell,1610612760,OKC,48,42,6,1266.0,2249,0,0,0,0.0,0,0,0.0,0,0.0,0,0.0,0,0.0,0,0.0,0,0.0
201143,Al Horford,1610612744,GSW,43,22,21,933.0,1889,97,14,27,0.519,4,4,1.0,32,0.33,59,0.608,15,0.155,4,0.041,2,0.021
1627936,Alex Caruso,1610612760,OKC,47,39,8,867.0,1430,1,0,0,0.0,0,0,0.0,0,0.0,1,1.0,1,1.0,0,0.0,0,0.0
1631457,Alex Morales,1610612753,ORL,1,0,1,12.0,16,0,0,0,0.0,0,0,0.0,0,0.0,0,0.0,0,0.0,0,0.0,0,0.0
1642259,Alex Sarr,1610612764,WAS,46,11,35,1260.0,2628,42,15,27,0.556,4,6,0.667,34,0.81,10,0.238,1,0.024,0,0.0,3,0.071
1642918,Alijah Martin,1610612761,TOR,16,6,10,102.0,133,0,0,0,0.0,0,0,0.0,0,0.0,0,0.0,0,0.0,0,0.0,0,0.0
1631214,Alondes Williams,1610612764,WAS,4,2,2,101.0,116,1,0,0,0.0,0,0,0.0,0,0.0,1,1.0,1,1.0,0,0.0,0,0.0
1630578,Alperen Sengun,1610612745,HOU,59,36,23,1975.0,4228,326,85,152,0.559,25,38,0.658,199,0.61,126,0.387,31,0.095,17,0.052,19,0.058
1642873,Amari Williams,1610612738,BOS,19,13,6,120.0,144,0,0,0,0.0,0,0,0.0,0,0.0,0,0.0,0,0.0,0,0.0,0,0.0
1641708,Amen Thompson,1610612745,HOU,66,39,27,2453.0,4811,0,0,0,0.0,0,0,0.0,0,0.0,0,0.0,0,0.0,0,0.0,0,0.0
1629599,Amir Coffey,1610612756,PHX,43,18,25,437.0,405,0,0,0,0.0,0,0,0.0,0,0.0,0,0.0,0,0.0,0,0.0,0,0.0
1643158,Andersson Garcia,1610612762,UTA,5,1,4,169.0,209,0,0,0,0.0,0,0,0.0,0,0.0,0,0.0,0,0.0,0,0.0,0,0.0
203083,Andre Drummond,1610612755,PHI,51,25,26,1015.0,1148,10,5,7,0.714,1,2,0.5,11,1.1,0,0.0,0,0.0,1,0.1,1,0.1
1641748,Andre Jackson Jr.,1610612749,MIL,37,10,27,219.0,442,0,0,0,0.0,0,0,0.0,0,0.0,0,0.0,0,0.0,0,0.0,0,0.0
1629614,Andrew Nembhard,1610612754,IND,52,11,41,1621.0,4532,9,1,6,0.167,0,0,0.0,2,0.222,3,0.333,2,0.222,0,0.0,0,0.0
203952,Andrew Wiggins,1610612748,MIA,57,30,27,1765.0,2576,57,15,30,0.5,8,10,0.8,38,0.667,17,0.298,2,0.035,4,0.07,5,0.088
1629014,Anfernee Simons,1610612741,CHI,55,31,24,1372.0,2456,0,0,0,0.0,0,0,0.0,0,0.0,0,0.0,0,0.0,0,0.0,0,0.0
1641710,Anthony Black,1610612753,ORL,60,33,27,1841.0,3507,6,2,4,0.5,0,0,0.0,4,0.667,2,0.333,0,0.0,0,0.0,0,0.0
203076,Anthony Davis,1610612764,WAS,20,10,10,626.0,1187,64,10,25,0.4,1,2,0.5,23,0.359,25,0.391,6,0.094,6,0.094,1,0.016
1630162,Anthony Edwards,1610612750,MIN,58,35,23,2061.0,4295,73,15,36,0.417,10,14,0.714,40,0.548,24,0.329,4,0.055,3,0.041,7,0.096
1630264,Anthony Gill,1610612764,WAS,42,5,37,568.0,709,3,1,2,0.5,0,0,0.0,2,0.667,1,0.333,0,0.0,0,0.0,0,0.0
1641810,Antonio Reeves,1610612766,CHA,9,3,6,66.0,69,0,0,0,0.0,0,0,0.0,0,0.0,0,0.0,0,0.0,0,0.0,0,0.0
1630574,Ariel Hukporti,1610612752,NYK,48,31,17,430.0,423,4,0,1,0.0,0,0,0.0,0,0.0,1,0.25,0,0.0,1,0.25,0,0.0
1642854,Asa Newell,1610612737,ATL,40,20,20,445.0,567,7,0,1,0.0,0,0,0.0,0,0.0,4,0.571,1,0.143,0,0.0,0,0.0
1641709,Ausar Thompson,1610612765,DET,60,43,17,1535.0,2447,10,0,0,0.0,5,8,0.625,5,0.5,4,0.4,0,0.0,0,0.0,4,0.4
1630559,Austin Reaves,1610612747,LAL,44,31,13,1513.0,3187,0,0,0,0.0,0,0,0.0,0,0.0,0,0.0,0,0.0,0,0.0,0,0.0
1630245,Ayo Dosunmu,1610612750,MIN,61,32,29,1615.0,3122,0,0,0,0.0,0,0,0.0,0,0.0,0,0.0,0,0.0,0,0.0,0,0.0
1628389,Bam Adebayo,1610612748,MIA,61,32,29,1949.0,3446,147,25,63,0.397,19,24,0.792,70,0.476,57,0.388,12,0.082,10,0.068,12,0.082
1631248,Baylor Scheierman,1610612738,BOS,64,44,20,1115.0,1277,0,0,0,0.0,0,0,0.0,0,0.0,0,0.0,0,0.0,0,0.0,0,0.0
1642879,Ben Saraf,1610612751,BKN,32,8,24,587.0,1355,0,0,0,0.0,0,0,0.0,0,0.0,0,0.0,0,0.0,0,0.0,0,0.0
1641767,Ben Sheppard,1610612754,IND,58,13,45,1245.0,1993,0,0,0,0.0,0,0,0.0,0,0.0,0,0.0,0,0.0,0,0.0,0,0.0
1631097,Bennedict Mathurin,1610612746,LAC,44,16,28,1372.0,2365,9,1,2,0.5,3,4,0.75,5,0.556,3,0.333,0,0.0,2,0.222,2,0.222
1643016,Bez Mbeng,1610612762,UTA,4,1,3,122.0,155,0,0,0,0.0,0,0,0.0,0,0.0,0,0.0,0,0.0,0,0.0,0,0.0
1641731,Bilal Coulibaly,1610612764,WAS,47,13,34,1252.0,2129,2,0,0,0.0,2,2,1.0,2,1.0,1,0.5,1,0.5,0,0.0,1,0.5
202687,Bismack Biyombo,1610612759,SAS,20,16,4,117.0,137,1,0,0,0.0,0,0,0.0,0,0.0,1,1.0,0,0.0,0,0.0,0,0.0
1642396,Blake Hinson,1610612762,UTA,10,3,7,202.0,237,0,0,0,0.0,0,0,0.0,0,0.0,0,0.0,0,0.0,0,0.0,0,0.0
1631104,Blake Wesley,1610612757,POR,23,14,9,301.0,659,0,0,0,0.0,0,0,0.0,0,0.0,0,0.0,0,0.0,0,0.0,0,0.0
1626171,Bobby Portis,1610612749,MIL,66,26,40,1600.0,3043,164,45,84,0.536,13,14,0.929,104,0.634,62,0.378,17,0.104,8,0.049,7,0.043
1641752,Bobi Klintman,1610612765,DET,11,7,4,69.0,97,0,0,0,0.0,0,0,0.0,0,0.0,0,0.0,0,0.0,0,0.0,0,0.0
203992,Bogdan Bogdanović,1610612746,LAC,20,5,15,421.0,743,0,0,0,0.0,0,0,0.0,0,0.0,0,0.0,0,0.0,0,0.0,0,0.0
1630538,Bones Hyland,1610612750,MIN,61,38,23,925.0,2184,1,1,1,1.0,0,0,0.0,2,2.0,0,0.0,0,0.0,0,0.0,0,0.0
203078,Bradley Beal,1610612746,LAC,6,2,4,121.0,177,0,0,0,0.0,0,0,0.0,0,0.0,0,0.0,0,0.0,0,0.0,0,0.0
1642382,Branden Carlson,1610612760,OKC,35,27,8,376.0,523,1,0,1,0.0,0,0,0.0,0,0.0,0,0.0,0,0.0,0,0.0,0,0.0
1641764,Brandin Podziemski,1610612744,GSW,69,33,36,1941.0,4156,8,2,2,1.0,0,0,0.0,4,0.5,6,0.75,1,0.125,0,0.0,0,0.0
1629634,Brandon Clarke,1610612763,MEM,2,1,1,20.0,27,0,0,0,0.0,0,0,0.0,0,0.0,0,0.0,0,0.0,0,0.0,0,0.0
1627742,Brandon Ingram,1610612761,TOR,66,38,28,2251.0,3687,101,20,49,0.408,8,10,0.8,49,0.485,36,0.356,8,0.079,6,0.059,5,0.05
1641706,Brandon Miller,1610612766,CHA,53,33,20,1596.0,3155,14,2,8,0.25,1,2,0.5,5,0.357,4,0.286,0,0.0,1,0.071,1,0.071
1630314,Brandon Williams,1610612742,DAL,60,21,39,1320.0,2884,0,0,0,0.0,0,0,0.0,0,0.0,0,0.0,0,0.0,0,0.0,0,0.0
1641729,Brice Sensabaugh,1610612762,UTA,66,18,48,1497.0,2241,1,0,1,0.0,0,0,0.0,0,0.0,0,0.0,0,0.0,0,0.0,0,0.0
1642355,Bronny James,1610612747,LAL,32,17,15,224.0,415,0,0,0,0.0,0,0,0.0,0,0.0,0,0.0,0,0.0,0,0.0,0,0.0
201572,Brook Lopez,1610612746,LAC,63,33,30,1302.0,1512,80,29,47,0.617,6,8,0.75,67,0.838,24,0.3,7,0.088,2,0.025,4,0.05
1642964,Brooks Barnhizer,1610612760,OKC,34,25,9,271.0,289,0,0,0,0.0,0,0,0.0,0,0.0,0,0.0,0,0.0,0,0.0,0,0.0
1628971,Bruce Brown,1610612743,DEN,70,42,28,1726.0,2599,0,0,0,0.0,0,0,0.0,0,0.0,0,0.0,0,0.0,0,0.0,0,0.0
1631121,Bryce McGowens,1610612740,NOP,42,14,28,880.0,1147,1,0,1,0.0,0,0,0.0,0,0.0,0,0.0,0,0.0,0,0.0,0,0.0
1642267,Bub Carrington,1610612764,WAS,69,16,53,1900.0,4079,5,1,4,0.25,0,0,0.0,2,0.4,1,0.2,0,0.0,0,0.0,0,0.0
1631205,Buddy Boeheim,1610612760,OKC,4,2,2,15.0,12,0,0,0,0.0,0,0,0.0,0,0.0,0,0.0,0,0.0,0,0.0,0,0.0
1627741,Buddy Hield,1610612737,ATL,46,22,24,775.0,1407,1,0,0,0.0,0,0,0.0,0,0.0,1,1.0,0,0.0,0,0.0,0,0.0
203468,CJ McCollum,1610612737,ATL,64,29,35,1909.0,3668,3,1,2,0.5,0,0,0.0,2,0.667,1,0.333,0,0.0,0,0.0,0,0.0
1630595,Cade Cunningham,1610612765,DET,61,44,17,2096.0,5502,71,20,37,0.541,1,2,0.5,43,0.606,28,0.394,12,0.169,2,0.028,1,0.014
1631216,Caleb Houstan,1610612737,ATL,14,9,5,59.0,63,0,0,0,0.0,0,0,0.0,0,0.0,0,0.0,0,0.0,0,0.0,0,0.0
1631126,Caleb Love,1610612757,POR,45,21,24,999.0,1828,0,0,0,0.0,0,0,0.0,0,0.0,0,0.0,0,0.0,0,0.0,0,0.0
1628997,Caleb Martin,1610612742,DAL,58,20,38,856.0,1040,1,0,1,0.0,0,0,0.0,0,0.0,0,0.0,0,0.0,0,0.0,0,0.0
1642353,Cam Christie,1610612746,LAC,47,22,25,434.0,651,0,0,0,0.0,0,0,0.0,0,0.0,0,0.0,0,0.0,0,0.0,0,0.0
1642285,Cam Spencer,1610612763,MEM,65,23,42,1546.0,3485,0,0,0,0.0,0,0,0.0,0,0.0,0,0.0,0,0.0,0,0.0,0,0.0
1630560,Cam Thomas,1610612749,MIL,41,11,30,865.0,1677,8,3,5,0.6,4,4,1.0,10,1.25,1,0.125,0,0.0,0,0.0,2,0.25
1641715,Cam Whitmore,1610612764,WAS,21,3,18,354.0,432,2,2,2,1.0,0,0,0.0,4,2.0,0,0.0,0,0.0,0,0.0,0,0.0
1629661,Cameron Johnson,1610612743,DEN,44,27,17,1340.0,1676,0,0,0,0.0,0,0,0.0,0,0.0,0,0.0,0,0.0,0,0.0,0,0.0
1626166,Cameron Payne,1610612755,PHI,15,7,8,260.0,621,0,0,0,0.0,0,0,0.0,0,0.0,0,0.0,0,0.0,0,0.0,0,0.0
1627747,Caris LeVert,1610612765,DET,49,35,14,953.0,1698,1,0,0,0.0,0,0,0.0,0,0.0,0,0.0,0,0.0,1,1.0,0,0.0
1642868,Carter Bryant,1610612759,SAS,59,46,13,620.0,737,0,0,0,0.0,0,0,0.0,0,0.0,0,0.0,0,0.0,0,0.0,0,0.0
1641717,Cason Wallace,1610612760,OKC,67,52,15,1826.0,2569,2,1,1,1.0,0,0,0.0,2,1.0,1,0.5,0,0.0,0,0.0,0,0.0
1642907,Cedric Coward,1610612763,MEM,54,19,35,1403.0,2994,8,2,3,0.667,2,2,1.0,7,0.875,3,0.375,1,0.125,1,0.125,1,0.125
1643052,Chaney Johnson,1610612751,BKN,6,1,5,123.0,179,0,0,0,0.0,0,0,0.0,0,0.0,0,0.0,0,0.0,0,0.0,0,0.0
1629646,Charles Bassey,1610612738,BOS,4,1,3,37.0,41,0,0,0,0.0,0,0,0.0,0,0.0,0,0.0,0,0.0,0,0.0,0,0.0
1642404,Chaz Lanier,1610612765,DET,25,21,4,193.0,192,0,0,0,0.0,0,0,0.0,0,0.0,0,0.0,0,0.0,0,0.0,0,0.0
1631096,Chet Holmgren,1610612760,OKC,60,48,12,1759.0,2771,63,21,33,0.636,11,14,0.786,53,0.841,15,0.238,3,0.048,2,0.032,7,0.111
1628449,Chris Boucher,1610612738,BOS,9,4,5,94.0,113,0,0,0,0.0,0,0,0.0,0,0.0,0,0.0,0,0.0,0,0.0,0,0.0
1641753,Chris Livingston,1610612739,CLE,3,2,1,17.0,21,0,0,0,0.0,0,0,0.0,0,0.0,0,0.0,0,0.0,0,0.0,0,0.0
1643024,Chris Mañon,1610612747,LAL,6,2,4,25.0,31,0,0,0,0.0,0,0,0.0,0,0.0,0,0.0,0,0.0,0,0.0,0,0.0
101108,Chris Paul,1610612746,LAC,16,4,12,228.0,510,3,0,1,0.0,0,0,0.0,0,0.0,2,0.667,1,0.333,0,0.0,0,0.0
1642959,Chris Youngblood,1610612757,POR,32,27,5,174.0,171,0,0,0,0.0,0,0,0.0,0,0.0,0,0.0,0,0.0,0,0.0,0,0.0
1631128,Christian Braun,1610612743,DEN,34,19,15,1088.0,1647,1,0,0,0.0,1,2,0.5,1,1.0,0,0.0,0,0.0,0,0.0,1,1.0
1631132,Christian Koloko,1610612737,ATL,23,13,10,314.0,354,1,0,0,0.0,0,0,0.0,0,0.0,0,0.0,0,0.0,1,1.0,0,0.0
1642935,Chucky Hepburn,1610612761,TOR,2,0,2,13.0,31,0,0,0,0.0,0,0,0.0,0,0.0,0,0.0,0,0.0,0,0.0,0,0.0
203991,Clint Capela,1610612745,HOU,62,37,25,776.0,964,6,2,3,0.667,0,2,0.0,4,0.667,2,0.333,0,0.0,0,0.0,1,0.167
1629632,Coby White,1610612766,CHA,39,21,18,1043.0,2161,1,0,0,0.0,0,0,0.0,0,0.0,1,1.0,1,1.0,0,0.0,0,0.0
1628998,Cody Martin,1610612754,IND,4,0,4,55.0,73,0,0,0,0.0,0,0,0.0,0,0.0,0,0.0,0,0.0,0,0.0,0,0.0
1642262,Cody Williams,1610612762,UTA,56,15,41,1244.0,1474,0,0,0,0.0,0,0,0.0,0,0.0,0,0.0,0,0.0,0,0.0,0,0.0
1641732,Colby Jones,1610612765,DET,1,0,1,7.0,11,0,0,0,0.0,0,0,0.0,0,0.0,0,0.0,0,0.0,0,0.0,0,0.0
1630175,Cole Anthony,1610612749,MIL,35,12,23,527.0,1285,0,0,0,0.0,0,0,0.0,0,0.0,0,0.0,0,0.0,0,0.0,0,0.0
1630658,Colin Castleton,1610612753,ORL,1,0,1,10.0,15,0,0,0,0.0,0,0,0.0,0,0.0,0,0.0,0,0.0,0,0.0,0,0.0
1631221,Collin Gillespie,1610612756,PHX,69,38,31,1998.0,4222,0,0,0,0.0,0,0,0.0,0,0.0,0,0.0,0,0.0,0,0.0,0,0.0
1642867,Collin Murray-Boyles,1610612761,TOR,47,25,22,1046.0,1575,14,5,6,0.833,0,0,0.0,10,0.714,2,0.143,0,0.0,2,0.143,0,0.0
1629012,Collin Sexton,1610612741,CHI,56,22,34,1275.0,2666,1,0,0,0.0,1,2,0.5,0,0.0,0,0.0,0,0.0,0,0.0,1,1.0
1642843,Cooper Flagg,1610612742,DAL,58,19,39,1946.0,3892,29,8,14,0.571,0,0,0.0,17,0.586,10,0.345,5,0.172,3,0.103,0,0.0
1630557,Corey Kispert,1610612737,ATL,48,21,27,933.0,1234,0,0,0,0.0,0,0,0.0,0,0.0,0,0.0,0,0.0,0,0.0,0,0.0
1642504,Cormac Ryan,1610612749,MIL,1,0,1,8.0,10,0,0,0,0.0,0,0,0.0,0,0.0,0,0.0,0,0.0,0,0.0,0,0.0
1641854,Craig Porter Jr.,1610612739,CLE,58,39,19,1024.0,1998,1,0,1,0.0,0,0,0.0,0,0.0,0,0.0,0,0.0,0,0.0,0,0.0
1642938,Curtis Jones,1610612743,DEN,6,4,2,31.0,46,0,0,0,0.0,0,0,0.0,0,0.0,0,0.0,0,0.0,0,0.0,0,0.0
1626156,D'Angelo Russell,1610612764,WAS,26,9,17,495.0,1209,1,1,1,1.0,0,0,0.0,2,2.0,0,0.0,0,0.0,0,0.0,0,0.0
1641747,DaRon Holmes II,1610612743,DEN,19,11,8,194.0,251,1,0,0,0.0,0,0,0.0,0,0.0,1,1.0,0,0.0,0,0.0,0,0.0
1631342,Daeqwon Plowden,1610612758,SAC,21,6,15,514.0,639,0,0,0,0.0,0,0,0.0,0,0.0,0,0.0,0,0.0,0,0.0,0,0.0
1630625,Dalano Banton,1610612738,BOS,5,3,2,25.0,51,0,0,0,0.0,0,0,0.0,0,0.0,0,0.0,0,0.0,0,0.0,0,0.0
1631207,Dalen Terry,1610612755,PHI,43,18,25,511.0,865,0,0,0,0.0,0,0,0.0,0,0.0,0,0.0,0,0.0,0,0.0,0,0.0
1642261,Dalton Knecht,1610612747,LAL,48,29,19,509.0,645,0,0,0,0.0,0,0,0.0,0,0.0,0,0.0,0,0.0,0,0.0,0,0.0
1629655,Daniel Gafford,1610612742,DAL,49,11,38,1062.0,1374,36,11,17,0.647,2,2,1.0,24,0.667,11,0.306,2,0.056,5,0.139,1,0.028
1642450,Daniss Jenkins,1610612765,DET,59,44,15,1040.0,2282,0,0,0,0.0,0,0,0.0,0,0.0,0,0.0,0,0.0,0,0.0,0,0.0
1642874,Danny Wolf,1610612751,BKN,55,14,41,1150.0,1956,15,2,6,0.333,2,2,1.0,6,0.4,6,0.4,0,0.0,2,0.133,1,0.067
203967,Dario Saric,1610612758,SAC,5,1,4,41.0,40,0,0,0,0.0,0,0,0.0,0,0.0,0,0.0,0,0.0,0,0.0,0,0.0
1642468,Darius Brown,1610612739,CLE,1,1,0,3.0,5,0,0,0,0.0,0,0,0.0,0,0.0,0,0.0,0,0.0,0,0.0,0,0.0
1629636,Darius Garland,1610612746,LAC,34,18,16,1010.0,2248,1,0,0,0.0,0,0,0.0,0,0.0,1,1.0,0,0.0,0,0.0,0,0.0
1642357,David Jones Garcia,1610612759,SAS,11,7,4,68.0,132,0,0,0,0.0,0,0,0.0,0,0.0,0,0.0,0,0.0,0,0.0,0,0.0
1631223,David Roddy,1610612743,DEN,2,1,1,12.0,31,0,0,0,0.0,0,0,0.0,0,0.0,0,0.0,0,0.0,0,0.0,0,0.0
1630558,Davion Mitchell,1610612748,MIA,59,33,26,1667.0,3818,0,0,0,0.0,0,0,0.0,0,0.0,0,0.0,0,0.0,0,0.0,0,0.0
1630549,Day'Ron Sharpe,1610612751,BKN,62,17,45,1160.0,2177,48,11,20,0.55,12,14,0.857,35,0.729,12,0.25,5,0.104,4,0.083,7,0.146
1628368,De'Aaron Fox,1610612759,SAS,61,46,15,1916.0,4074,2,1,2,0.5,0,0,0.0,2,1.0,0,0.0,0,0.0,0,0.0,0,0.0
1629631,De'Andre Hunter,1610612758,SAC,45,24,21,1175.0,1836,4,0,2,0.0,0,0,0.0,0,0.0,0,0.0,0,0.0,0,0.0,0,0.0
1629001,De'Anthony Melton,1610612744,GSW,38,19,19,866.0,1923,2,2,2,1.0,0,0,0.0,4,2.0,0,0.0,0,0.0,0,0.0,0,0.0
201599,DeAndre Jordan,1610612740,NOP,10,6,4,163.0,190,1,0,0,0.0,1,2,0.5,1,1.0,0,0.0,0,0.0,0,0.0,1,1.0
1630610,DeJon Jarreau,1610612763,MEM,3,1,2,57.0,125,0,0,0,0.0,0,0,0.0,0,0.0,0,0.0,0,0.0,0,0.0,0,0.0
201942,DeMar DeRozan,1610612758,SAC,69,17,52,2184.0,2986,197,43,87,0.494,27,34,0.794,121,0.614,81,0.411,14,0.071,5,0.025,18,0.091
1629731,Dean Wade,1610612739,CLE,55,33,22,1235.0,1564,0,0,0,0.0,0,0,0.0,0,0.0,0,0.0,0,0.0,0,0.0,0,0.0
1629028,Deandre Ayton,1610612747,LAL,61,39,22,1682.0,2285,62,25,40,0.625,2,2,1.0,53,0.855,12,0.194,1,0.016,4,0.065,1,0.016
1627749,Dejounte Murray,1610612740,NOP,9,5,4,246.0,604,1,0,0,0.0,0,0,0.0,0,0.0,1,1.0,0,0.0,0,0.0,0,0.0
1630166,Deni Avdija,1610612757,POR,54,27,27,1802.0,4509,28,4,6,0.667,2,2,1.0,10,0.357,16,0.571,0,0.0,1,0.036,1,0.036
203471,Dennis Schröder,1610612739,CLE,59,21,38,1479.0,3498,3,0,0,0.0,0,0,0.0,0,0.0,2,0.667,0,0.0,1,0.333,0,0.0
1641726,Dereck Lively II,1610612742,DAL,7,3,4,115.0,170,0,0,0,0.0,0,0,0.0,0,0.0,0,0.0,0,0.0,0,0.0,0,0.0
1642852,Derik Queen,1610612740,NOP,70,25,45,1731.0,3449,86,12,35,0.343,10,12,0.833,35,0.407,34,0.395,11,0.128,7,0.081,7,0.081
1627884,Derrick Jones Jr.,1610612746,LAC,38,18,20,1039.0,1296,0,0,0,0.0,0,0,0.0,0,0.0,0,0.0,0,0.0,0,0.0,0,0.0
1628401,Derrick White,1610612738,BOS,66,44,22,2260.0,5264,0,0,0,0.0,0,0,0.0,0,0.0,0,0.0,0,0.0,0,0.0,0,0.0
1630217,Desmond Bane,1610612753,ORL,69,38,31,2356.0,4194,1,0,0,0.0,0,0,0.0,0,0.0,1,1.0,0,0.0,0,0.0,0,0.0
1626164,Devin Booker,1610612756,PHX,54,32,22,1810.0,3488,45,5,15,0.333,4,4,1.0,15,0.333,21,0.467,8,0.178,4,0.089,2,0.044
1642269,Devin Carter,1610612758,SAC,27,4,23,386.0,806,1,0,0,0.0,0,0,0.0,0,0.0,1,1.0,0,0.0,0,0.0,0,0.0
1630170,Devin Vassell,1610612759,SAS,56,43,13,1724.0,2410,1,0,1,0.0,0,0,0.0,0,0.0,0,0.0,0,0.0,0,0.0,0,0.0
1628415,Dillon Brooks,1610612756,PHX,50,30,20,1530.0,2156,58,22,38,0.579,7,10,0.7,52,0.897,10,0.172,4,0.069,2,0.034,6,0.103
1641794,Dillon Jones,1610612752,NYK,5,4,1,24.0,44,0,0,0,0.0,0,0,0.0,0,0.0,0,0.0,0,0.0,0,0.0,0,0.0
1627734,Domantas Sabonis,1610612758,SAC,19,3,16,564.0,1212,42,5,16,0.313,5,6,0.833,15,0.357,16,0.381,4,0.095,7,0.167,3,0.071
1631230,Dominick Barlow,1610612755,PHI,58,32,26,1415.0,1661,2,1,1,1.0,0,0,0.0,2,1.0,1,0.5,0,0.0,0,0.0,0,0.0
1642270,Donovan Clingan,1610612757,POR,65,33,32,1774.0,2723,21,7,8,0.875,4,6,0.667,19,0.905,6,0.286,4,0.19,4,0.19,3,0.143
1628378,Donovan Mitchell,1610612739,CLE,61,38,23,2043.0,4395,0,0,0,0.0,0,0,0.0,0,0.0,0,0.0,0,0.0,0,0.0,0,0.0
1628978,Donte DiVincenzo,1610612750,MIN,70,43,27,2155.0,3882,0,0,0,0.0,0,0,0.0,0,0.0,0,0.0,0,0.0,0,0.0,0,0.0
1627827,Dorian Finney-Smith,1610612745,HOU,32,20,12,562.0,670,0,0,0,0.0,0,0,0.0,0,0.0,0,0.0,0,0.0,0,0.0,0,0.0
203926,Doug McDermott,1610612758,SAC,18,4,14,220.0,294,0,0,0,0.0,0,0,0.0,0,0.0,0,0.0,0,0.0,0,0.0,0,0.0
1642962,Drake Powell,1610612751,BKN,52,13,39,1011.0,1391,0,0,0,0.0,0,0,0.0,0,0.0,0,0.0,0,0.0,0,0.0,0,0.0
203110,Draymond Green,1610612744,GSW,56,27,29,1524.0,3854,10,0,2,0.0,0,0,0.0,0,0.0,8,0.8,1,0.1,0,0.0,0,0.0
1629234,Drew Eubanks,1610612758,SAC,42,10,32,552.0,666,6,2,3,0.667,0,0,0.0,4,0.667,0,0.0,0,0.0,1,0.167,0,0.0
1641809,Drew Peterson,1610612766,CHA,6,1,5,64.0,78,0,0,0,0.0,0,0,0.0,0,0.0,0,0.0,0,0.0,0,0.0,0,0.0
1631166,Drew Timme,1610612747,LAL,21,13,8,179.0,262,12,3,8,0.375,0,0,0.0,6,0.5,4,0.333,0,0.0,0,0.0,0,0.0
1630696,Dru Smith,1610612748,MIA,66,36,30,1115.0,2267,2,0,1,0.0,0,0,0.0,0,0.0,1,0.5,0,0.0,0,0.0,0,0.0
1629130,Duncan Robinson,1610612765,DET,67,49,18,1847.0,2174,0,0,0,0.0,0,0,0.0,0,0.0,0,0.0,0,0.0,0,0.0,0,0.0
1641871,Duop Reath,1610612757,POR,32,16,16,258.0,305,2,1,2,0.5,0,0,0.0,3,1.5,0,0.0,0,0.0,0,0.0,0,0.0
203939,Dwight Powell,1610612742,DAL,53,16,37,713.0,839,0,0,0,0.0,0,0,0.0,0,0.0,0,0.0,0,0.0,0,0.0,0,0.0
1642928,Dylan Cardwell,1610612758,SAC,32,9,23,662.0,756,7,0,0,0.0,1,2,0.5,1,0.143,5,0.714,1,0.143,0,0.0,1,0.143
1642844,Dylan Harper,1610612759,SAS,57,43,14,1265.0,2661,0,0,0,0.0,0,0,0.0,0,0.0,0,0.0,0,0.0,0,0.0,0,0.0
1630700,Dyson Daniels,1610612737,ATL,65,37,28,2164.0,4241,2,0,0,0.0,0,0,0.0,0,0.0,2,1.0,1,0.5,0,0.0,0,0.0
1630604,E.J. Liddell,1610612751,BKN,16,2,14,122.0,167,0,0,0,0.0,0,0,0.0,0,0.0,0,0.0,0,0.0,0,0.0,0,0.0
1642856,Egor Dëmin,1610612751,BKN,52,14,38,1308.0,2810,1,1,1,1.0,0,0,0.0,2,2.0,0,0.0,0,0.0,0,0.0,0,0.0
1641989,Elijah Harkless,1610612762,UTA,21,5,16,380.0,601,0,0,0,0.0,0,0,0.0,0,0.0,0,0.0,0,0.0,0,0.0,0,0.0
1641801,Emanuel Miller,1610612759,SAS,5,0,5,33.0,44,0,0,0,0.0,0,0,0.0,0,0.0,0,0.0,0,0.0,0,0.0,0,0.0
1642402,Enrique Freeman,1610612750,MIN,2,1,1,8.0,8,0,0,0,0.0,0,0,0.0,0,0.0,0,0.0,0,0.0,0,0.0,0,0.0
201569,Eric Gordon,1610612755,PHI,6,3,3,74.0,103,0,0,0,0.0,0,0,0.0,0,0.0,0,0.0,0,0.0,0,0.0,0,0.0
1630679,Ethan Thompson,1610612754,IND,24,5,19,417.0,607,0,0,0,0.0,0,0,0.0,0,0.0,0,0.0,0,0.0,0,0.0,0,0.0
1630596,Evan Mobley,1610612739,CLE,55,33,22,1785.0,3641,77,14,31,0.452,7,14,0.5,36,0.468,28,0.364,11,0.143,8,0.104,8,0.104
1630532,Franz Wagner,1610612753,ORL,28,16,12,891.0,1606,16,4,7,0.571,4,4,1.0,13,0.813,4,0.25,1,0.063,1,0.063,3,0.188
1641713,GG Jackson,1610612763,MEM,46,15,31,952.0,1711,5,0,1,0.0,1,2,0.5,1,0.2,0,0.0,0,0.0,2,0.4,1,0.2
1629216,Gabe Vincent,1610612737,ATL,41,28,13,709.0,930,0,0,0,0.0,0,0,0.0,0,0.0,0,0.0,0,0.0,0,0.0,0,0.0
202066,Garrett Temple,1610612761,TOR,17,8,9,52.0,105,1,1,1,1.0,0,0,0.0,2,2.0,0,0.0,0,0.0,0,0.0,0,0.0
1629726,Garrison Mathews,1610612754,IND,15,4,11,196.0,255,0,0,0,0.0,0,0,0.0,0,0.0,0,0.0,0,0.0,0,0.0,0,0.0
203914,Gary Harris,1610612749,MIL,45,15,30,617.0,654,0,0,0,0.0,0,0,0.0,0,0.0,0,0.0,0,0.0,0,0.0,0,0.0
1627780,Gary Payton II,1610612744,GSW,62,29,33,907.0,1706,8,0,0,0.0,0,0,0.0,0,0.0,7,0.875,2,0.25,0,0.0,0,0.0
1629018,Gary Trent Jr.,1610612749,MIL,57,22,35,1192.0,1112,0,0,0,0.0,0,0,0.0,0,0.0,0,0.0,0,0.0,0,0.0,0,0.0
203507,Giannis Antetokounmpo,1610612749,MIL,36,17,19,1039.0,2553,186,42,71,0.592,8,12,0.667,95,0.511,77,0.414,18,0.097,16,0.086,6,0.032
1629048,Goga Bitadze,1610612753,ORL,51,27,24,761.0,1079,13,5,5,1.0,6,8,0.75,16,1.231,3,0.231,1,0.077,0,0.0,4,0.308
1641711,Gradey Dick,1610612761,TOR,64,36,28,959.0,1074,0,0,0,0.0,0,0,0.0,0,0.0,0,0.0,0,0.0,0,0.0,0,0.0
1641761,Grant Nelson,1610612751,BKN,4,0,4,35.0,59,1,0,0,0.0,0,0,0.0,0,0.0,1,1.0,0,0.0,0,0.0,0,0.0
1629684,Grant Williams,1610612766,CHA,26,18,8,508.0,706,7,0,1,0.0,3,4,0.75,3,0.429,2,0.286,0,0.0,1,0.143,2,0.286
1628960,Grayson Allen,1610612756,PHX,44,24,20,1312.0,2473,0,0,0,0.0,0,0,0.0,0,0.0,0,0.0,0,0.0,0,0.0,0,0.0
1627824,Guerschon Yabusele,1610612741,CHI,59,30,29,808.0,1141,18,2,7,0.286,3,4,0.75,7,0.389,7,0.389,3,0.167,1,0.056,2,0.111
1630611,Gui Santos,1610612744,GSW,58,26,32,1099.0,2041,14,0,3,0.0,2,2,1.0,2,0.143,7,0.5,1,0.071,3,0.214,1,0.071
203084,Harrison Barnes,1610612759,SAS,65,47,18,1723.0,2127,11,2,4,0.5,2,2,1.0,7,0.636,3,0.273,0,0.0,3,0.273,1,0.091
1631127,Harrison Ingram,1610612759,SAS,5,4,1,17.0,27,0,0,0,0.0,0,0,0.0,0,0.0,0,0.0,0,0.0,0,0.0,0,0.0
1629312,Haywood Highsmith,1610612756,PHX,6,3,3,80.0,92,0,0,0,0.0,0,0,0.0,0,0.0,0,0.0,0,0.0,0,0.0,0,0.0
1630529,Herbert Jones,1610612740,NOP,48,22,26,1388.0,2228,1,0,0,0.0,0,0,0.0,0,0.0,1,1.0,1,1.0,0,0.0,0,0.0
1642864,Hugo González,1610612738,BOS,64,43,21,980.0,1141,0,0,0,0.0,0,0,0.0,0,0.0,0,0.0,0,0.0,0,0.0,0,0.0
1630621,Hunter Dickinson,1610612740,NOP,1,0,1,5.0,7,0,0,0,0.0,0,0,0.0,0,0.0,0,0.0,0,0.0,0,0.0,0,0.0
1642282,Hunter Sallis,1610612755,PHI,7,3,4,26.0,62,0,0,0,0.0,0,0,0.0,0,0.0,0,0.0,0,0.0,0,0.0,0,0.0
1641816,Hunter Tyson,1610612743,DEN,21,15,6,162.0,212,0,0,0,0.0,0,0,0.0,0,0.0,0,0.0,0,0.0,0,0.0,0,0.0
1630193,Immanuel Quickley,1610612761,TOR,65,38,27,2114.0,4799,0,0,0,0.0,0,0,0.0,0,0.0,0,0.0,0,0.0,0,0.0,0,0.0
1642403,Isaac Jones,1610612765,DET,5,3,2,24.0,15,0,0,0,0.0,0,0,0.0,0,0.0,0,0.0,0,0.0,0,0.0,0,0.0
1630171,Isaac Okoro,1610612741,CHI,55,25,30,1480.0,1620,7,0,1,0.0,2,2,1.0,2,0.286,3,0.429,2,0.286,1,0.143,1,0.143
1642268,Isaiah Collier,1610612762,UTA,59,16,43,1517.0,4024,4,1,1,1.0,0,0,0.0,2,0.5,2,0.5,0,0.0,0,0.0,0,0.0
1642384,Isaiah Crawford,1610612745,HOU,11,5,6,67.0,51,0,0,0,0.0,0,0,0.0,0,0.0,0,0.0,0,0.0,0,0.0,0,0.0
1628392,Isaiah Hartenstein,1610612760,OKC,38,31,7,951.0,1791,13,3,5,0.6,0,0,0.0,6,0.462,5,0.385,4,0.308,2,0.154,0,0.0
1630543,Isaiah Jackson,1610612746,LAC,51,16,35,838.0,1103,20,8,10,0.8,8,10,0.8,24,1.2,1,0.05,0,0.0,3,0.15,5,0.25
1630198,Isaiah Joe,1610612760,OKC,61,47,14,1335.0,1775,0,0,0,0.0,0,0,0.0,0,0.0,0,0.0,0,0.0,0,0.0,0,0.0
1630587,Isaiah Livers,1610612756,PHX,34,20,14,333.0,363,0,0,0,0.0,0,0,0.0,0,0.0,0,0.0,0,0.0,0,0.0,0,0.0
1641815,Isaiah Stevens,1610612758,SAC,3,0,3,43.0,94,0,0,0,0.0,0,0,0.0,0,0.0,0,0.0,0,0.0,0,0.0,0,0.0
1630191,Isaiah Stewart,1610612765,DET,55,39,16,1273.0,1434,58,16,30,0.533,5,8,0.625,40,0.69,8,0.138,2,0.034,8,0.138,5,0.086
1627826,Ivica Zubac,1610612754,IND,48,17,31,1447.0,2304,232,57,103,0.553,10,20,0.5,127,0.547,87,0.375,20,0.086,14,0.06,11,0.047
1631120,JD Davison,1610612745,HOU,25,20,5,184.0,341,0,0,0,0.0,0,0,0.0,0,0.0,0,0.0,0,0.0,0,0.0,0,0.0
1629630,Ja Morant,1610612763,MEM,20,7,13,568.0,1431,7,1,3,0.333,2,2,1.0,4,0.571,3,0.429,0,0.0,0,0.0,1,0.143
1642266,Ja'Kobe Walter,1610612761,TOR,58,34,24,1096.0,1311,0,0,0,0.0,0,0,0.0,0,0.0,0,0.0,0,0.0,0,0.0,0,0.0
1631095,Jabari Smith Jr.,1610612745,HOU,64,38,26,2238.0,3241,33,9,17,0.529,2,2,1.0,20,0.606,9,0.273,2,0.061,4,0.121,1,0.03
1631133,Jabari Walker,1610612755,PHI,56,31,25,701.0,843,2,0,1,0.0,0,0,0.0,0,0.0,1,0.5,0,0.0,0,0.0,0,0.0
1631210,Jacob Toppin,1610612737,ATL,5,3,2,17.0,35,0,0,0,0.0,0,0,0.0,0,0.0,0,0.0,0,0.0,0,0.0,0,0.0
1630702,Jaden Hardy,1610612764,WAS,48,12,36,709.0,1026,0,0,0,0.0,0,0,0.0,0,0.0,0,0.0,0,0.0,0,0.0,0,0.0
1631093,Jaden Ivey,1610612741,CHI,37,23,14,670.0,1119,0,0,0,0.0,0,0,0.0,0,0.0,0,0.0,0,0.0,0,0.0,0,0.0
1630183,Jaden McDaniels,1610612750,MIN,68,41,27,2152.0,3166,8,2,4,0.5,0,0,0.0,4,0.5,3,0.375,1,0.125,0,0.0,0,0.0
1630256,Jae'Sean Tate,1610612745,HOU,34,24,10,287.0,372,6,2,4,0.5,0,0,0.0,4,0.667,2,0.333,0,0.0,0,0.0,0,0.0
1642942,Jahmai Mashack,1610612763,MEM,24,9,15,449.0,641,0,0,0,0.0,0,0,0.0,0,0.0,0,0.0,0,0.0,0,0.0,0,0.0
1642443,Jahmir Young,1610612748,MIA,11,8,3,51.0,113,0,0,0,0.0,0,0,0.0,0,0.0,0,0.0,0,0.0,0,0.0,0,0.0
1643141,Jahmyl Telfort,1610612746,LAC,8,2,6,32.0,30,0,0,0,0.0,0,0,0.0,0,0.0,0,0.0,0,0.0,0,0.0,0,0.0
1631170,Jaime Jaquez Jr.,1610612748,MIA,64,36,28,1830.0,4261,35,9,14,0.643,0,0,0.0,18,0.514,18,0.514,1,0.029,2,0.057,0,0.0
1631222,Jake LaRavia,1610612747,LAL,70,45,25,1732.0,2586,3,1,3,0.333,0,0,0.0,2,0.667,0,0.0,0,0.0,0,0.0,0,0.0
1627751,Jakob Poeltl,1610612761,TOR,33,20,13,845.0,1236,14,2,3,0.667,1,2,0.5,5,0.357,9,0.643,2,0.143,1,0.071,1,0.071
1628973,Jalen Brunson,1610612752,NYK,64,43,21,2231.0,5850,38,9,22,0.409,5,6,0.833,23,0.605,11,0.289,1,0.026,2,0.053,3,0.079
1631105,Jalen Duren,1610612765,DET,59,41,18,1637.0,2829,67,18,42,0.429,18,22,0.818,55,0.821,11,0.164,0,0.0,2,0.03,11,0.164
1630224,Jalen Green,1610612756,PHX,22,12,10,561.0,1036,1,0,0,0.0,0,0,0.0,0,0.0,1,1.0,0,0.0,0,0.0,0,0.0
1630552,Jalen Johnson,1610612737,ATL,62,36,26,2187.0,5590,58,15,25,0.6,9,10,0.9,39,0.672,18,0.31,7,0.121,6,0.103,5,0.086
1629618,Jalen Pickett,1610612743,DEN,44,28,16,736.0,1312,4,0,1,0.0,0,0,0.0,0,0.0,1,0.25,0,0.0,2,0.5,0,0.0
1641771,Jalen Slawson,1610612754,IND,5,0,5,128.0,208,0,0,0,0.0,0,0,0.0,0,0.0,0,0.0,0,0.0,0,0.0,0,0.0
1630188,Jalen Smith,1610612741,CHI,51,25,26,1064.0,1789,10,4,6,0.667,0,0,0.0,8,0.8,2,0.2,0,0.0,2,0.2,0,0.0
1630591,Jalen Suggs,1610612753,ORL,46,27,19,1234.0,2879,4,1,1,1.0,0,0,0.0,2,0.5,2,0.5,0,0.0,0,0.0,0,0.0
1631114,Jalen Williams,1610612760,OKC,26,19,7,755.0,1453,0,0,0,0.0,0,0,0.0,0,0.0,0,0.0,0,0.0,0,0.0,0,0.0
1630592,Jalen Wilson,1610612751,BKN,45,8,37,638.0,858,2,0,1,0.0,0,0,0.0,0,0.0,1,0.5,0,0.0,0,0.0,0,0.0
1631288,Jamal Cain,1610612753,ORL,27,15,12,215.0,252,0,0,0,0.0,0,0,0.0,0,0.0,0,0.0,0,0.0,0,0.0,0,0.0
1627750,Jamal Murray,1610612743,DEN,65,38,27,2273.0,4924,38,14,24,0.583,5,6,0.833,33,0.868,10,0.263,1,0.026,1,0.026,3,0.079
1642347,Jamal Shead,1610612761,TOR,68,39,29,1494.0,3292,0,0,0,0.0,0,0,0.0,0,0.0,0,0.0,0,0.0,0,0.0,0,0.0
1631123,Jamaree Bouyea,1610612756,PHX,36,18,18,527.0,984,0,0,0,0.0,0,0,0.0,0,0.0,0,0.0,0,0.0,0,0.0,0,0.0
201935,James Harden,1610612739,CLE,60,33,27,2097.0,4571,30,7,14,0.5,4,4,1.0,18,0.6,13,0.433,7,0.233,1,0.033,2,0.067
1630164,James Wiseman,1610612754,IND,4,0,4,58.0,61,2,0,1,0.0,0,0,0.0,0,0.0,0,0.0,0,0.0,1,0.5,0,0.0
1642364,Jamir Watkins,1610612764,WAS,37,9,28,699.0,828,0,0,0,0.0,0,0,0.0,0,0.0,0,0.0,0,0.0,0,0.0,0,0.0
1642419,Jamison Battle,1610612761,TOR,50,29,21,440.0,475,0,0,0,0.0,0,0,0.0,0,0.0,0,0.0,0,0.0,0,0.0,0,0.0
1641716,Jarace Walker,1610612754,IND,69,14,55,1765.0,2891,13,1,4,0.25,1,2,0.5,3,0.231,6,0.462,1,0.077,2,0.154,1,0.077
1642272,Jared McCain,1610612760,OKC,55,37,18,958.0,1652,0,0,0,0.0,0,0,0.0,0,0.0,0,0.0,0,0.0,0,0.0,0,0.0
1628991,Jaren Jackson Jr.,1610612762,UTA,48,19,29,1455.0,2340,152,43,81,0.531,10,14,0.714,98,0.645,47,0.309,8,0.053,9,0.059,7,0.046
1629020,Jarred Vanderbilt,1610612747,LAL,55,33,22,978.0,1257,0,0,0,0.0,0,0,0.0,0,0.0,0,0.0,0,0.0,0,0.0,0,0.0
1628386,Jarrett Allen,1610612739,CLE,51,33,18,1405.0,1968,47,14,23,0.609,10,14,0.714,38,0.809,5,0.106,3,0.064,5,0.106,7,0.149
1642859,Jase Richardson,1610612753,ORL,46,21,25,519.0,804,0,0,0,0.0,0,0,0.0,0,0.0,0,0.0,0,0.0,0,0.0,0,0.0
1642914,Javon Small,1610612763,MEM,33,12,21,626.0,1239,0,0,0,0.0,0,0,0.0,0,0.0,0,0.0,0,0.0,0,0.0,0,0.0
1631451,Javonte Cooke,1610612757,POR,19,6,13,94.0,175,0,0,0,0.0,0,0,0.0,0,0.0,0,0.0,0,0.0,0,0.0,0,0.0
1629750,Javonte Green,1610612765,DET,69,50,19,1224.0,1708,0,0,0,0.0,0,0,0.0,0,0.0,0,0.0,0,0.0,0,0.0,0,0.0
1629637,Jaxson Hayes,1610612747,LAL,58,38,20,1019.0,1124,10,0,0,0.0,0,0,0.0,0,0.0,7,0.7,1,0.1,0,0.0,0,0.0
1630643,Jay Huff,1610612754,IND,70,15,55,1448.0,2006,40,12,18,0.667,5,6,0.833,29,0.725,9,0.225,0,0.0,5,0.125,3,0.075
1627759,Jaylen Brown,1610612738,BOS,62,40,22,2116.0,4254,72,16,31,0.516,8,8,1.0,40,0.556,26,0.361,9,0.125,3,0.042,4,0.056
1641740,Jaylen Clark,1610612750,MIN,60,35,25,749.0,659,0,0,0,0.0,0,0,0.0,0,0.0,0,0.0,0,0.0,0,0.0,0,0.0
1642377,Jaylen Wells,1610612763,MEM,66,24,42,1756.0,2108,1,0,0,0.0,0,0,0.0,0,0.0,1,1.0,0,0.0,0,0.0,0,0.0
1631119,Jaylin Williams,1610612760,OKC,55,45,10,1120.0,2375,5,0,0,0.0,1,2,0.5,1,0.2,3,0.6,1,0.2,0,0.0,1,0.2
1642281,Jaylon Tyson,1610612739,CLE,64,40,24,1727.0,2578,1,0,1,0.0,0,0,0.0,0,0.0,0,0.0,0,0.0,0,0.0,0,0.0
1643257,Jayson Kent,1610612757,POR,1,1,0,3.0,3,0,0,0,0.0,0,0,0.0,0,0.0,0,0.0,0,0.0,0,0.0,0,0.0
1628369,Jayson Tatum,1610612738,BOS,6,5,1,176.0,393,3,1,3,0.333,0,0,0.0,2,0.667,0,0.0,0,0.0,0,0.0,0,0.0
201145,Jeff Green,1610612745,HOU,25,17,8,134.0,133,5,2,3,0.667,0,0,0.0,4,0.8,2,0.4,1,0.2,0,0.0,0,0.0
203924,Jerami Grant,1610612757,POR,54,25,29,1610.0,2519,30,7,8,0.875,0,0,0.0,15,0.5,18,0.6,5,0.167,4,0.133,0,0.0
1642847,Jeremiah Fears,1610612740,NOP,71,25,46,1774.0,3868,4,0,2,0.0,0,0,0.0,0,0.0,2,0.5,0,0.0,0,0.0,0,0.0
1630526,Jeremiah Robinson-Earl,1610612742,DAL,22,8,14,361.0,477,0,0,0,0.0,0,0,0.0,0,0.0,0,0.0,0,0.0,0,0.0,0,0.0
1631110,Jeremy Sochan,1610612752,NYK,39,27,12,416.0,599,5,2,3,0.667,0,0,0.0,5,1.0,2,0.4,0,0.0,0,0.0,0,0.0
1630579,Jericho Sims,1610612749,MIL,54,21,33,956.0,1290,1,0,0,0.0,0,0,0.0,0,0.0,1,1.0,0,0.0,0,0.0,0,0.0
1641724,Jett Howard,1610612753,ORL,47,25,22,598.0,660,2,0,0,0.0,2,2,1.0,2,1.0,1,0.5,0,0.0,0,0.0,1,0.5
1628975,Jevon Carter,1610612753,ORL,40,19,21,608.0,1122,0,0,0,0.0,0,0,0.0,0,0.0,0,0.0,0,0.0,0,0.0,0,0.0
202710,Jimmy Butler III,1610612744,GSW,38,23,15,1182.0,2441,67,11,19,0.579,6,6,1.0,29,0.433,42,0.627,11,0.164,2,0.03,3,0.045
1642866,Joan Beringer,1610612750,MIN,32,17,15,218.0,261,5,1,1,1.0,0,0,0.0,2,0.4,2,0.4,0,0.0,1,0.2,0,0.0
1629111,Jock Landale,1610612737,ATL,62,31,31,1370.0,1979,114,31,59,0.525,11,16,0.688,73,0.64,28,0.246,7,0.061,7,0.061,8,0.07
204060,Joe Ingles,1610612750,MIN,24,12,12,98.0,168,0,0,0,0.0,0,0,0.0,0,0.0,0,0.0,0,0.0,0,0.0,0,0.0
203954,Joel Embiid,1610612755,PHI,33,21,12,1029.0,2278,178,43,80,0.538,29,36,0.806,118,0.663,63,0.354,12,0.067,12,0.067,18,0.101
1628381,John Collins,1610612746,LAC,58,25,33,1596.0,2125,65,31,42,0.738,3,6,0.5,67,1.031,14,0.215,4,0.062,4,0.062,3,0.046
1629723,John Konchar,1610612762,UTA,44,17,27,759.0,1053,0,0,0,0.0,0,0,0.0,0,0.0,0,0.0,0,0.0,0,0.0,0,0.0
1642967,John Poulakidas,1610612742,DAL,3,1,2,47.0,54,0,0,0,0.0,0,0,0.0,0,0.0,0,0.0,0,0.0,0,0.0,0,0.0
1642910,John Tonje,1610612738,BOS,3,3,0,11.0,15,0,0,0,0.0,0,0,0.0,0,0.0,0,0.0,0,0.0,0,0.0,0,0.0
1641780,Johni Broome,1610612755,PHI,11,5,6,55.0,99,4,0,0,0.0,2,2,1.0,2,0.5,3,0.75,1,0.25,0,0.0,1,0.25
1642277,Johnny Furphy,1610612754,IND,35,10,25,643.0,958,2,0,0,0.0,0,2,0.0,0,0.0,1,0.5,1,0.5,0,0.0,1,0.5
1630548,Johnny Juzang,1610612750,MIN,21,13,8,88.0,121,0,0,0,0.0,0,0,0.0,0,0.0,0,0.0,0,0.0,0,0.0,0,0.0
202685,Jonas Valančiūnas,1610612743,DEN,58,35,23,773.0,1559,119,37,63,0.587,23,30,0.767,97,0.815,13,0.109,2,0.017,14,0.118,15,0.126
1628371,Jonathan Isaac,1610612753,ORL,52,29,23,521.0,613,0,0,0,0.0,0,0,0.0,0,0.0,0,0.0,0,0.0,0,0.0,0,0.0
1630228,Jonathan Kuminga,1610612737,ATL,26,15,11,612.0,1148,19,4,7,0.571,2,4,0.5,10,0.526,7,0.368,1,0.053,1,0.053,2,0.105
1642367,Jonathan Mogbo,1610612761,TOR,29,13,16,169.0,227,0,0,0,0.0,0,0,0.0,0,0.0,0,0.0,0,0.0,0,0.0,0,0.0
203903,Jordan Clarkson,1610612752,NYK,60,37,23,1078.0,1403,0,0,0,0.0,0,0,0.0,0,0.0,0,0.0,0,0.0,0,0.0,0,0.0
1630692,Jordan Goodwin,1610612756,PHX,60,34,26,1339.0,2351,0,0,0,0.0,0,0,0.0,0,0.0,0,0.0,0,0.0,0,0.0,0,0.0
1641722,Jordan Hawkins,1610612740,NOP,43,12,31,517.0,639,0,0,0,0.0,0,0,0.0,0,0.0,0,0.0,0,0.0,0,0.0,0,0.0
1629162,Jordan McLaughlin,1610612759,SAS,36,30,6,221.0,473,0,0,0,0.0,0,0,0.0,0,0.0,0,0.0,0,0.0,0,0.0,0,0.0
1641757,Jordan Miller,1610612746,LAC,49,29,20,1063.0,1614,5,1,1,1.0,4,4,1.0,6,1.2,2,0.4,0,0.0,0,0.0,2,0.4
1629673,Jordan Poole,1610612740,NOP,35,15,20,843.0,1587,0,0,0,0.0,0,0,0.0,0,0.0,0,0.0,0,0.0,0,0.0,0,0.0
1641775,Jordan Walsh,1610612738,BOS,58,38,20,998.0,1051,0,0,0,0.0,0,0,0.0,0,0.0,0,0.0,0,0.0,0,0.0,0,0.0
1630631,Jose Alvarado,1610612752,NYK,59,22,37,1202.0,2484,0,0,0,0.0,0,0,0.0,0,0.0,0,0.0,0,0.0,0,0.0,0,0.0
1630581,Josh Giddey,1610612741,CHI,48,20,28,1533.0,4495,5,0,0,0.0,0,0,0.0,0,0.0,3,0.6,1,0.2,1,0.2,0,0.0
1630182,Josh Green,1610612766,CHA,46,29,17,765.0,686,0,0,0,0.0,0,0,0.0,0,0.0,0,0.0,0,0.0,0,0.0,0,0.0
1628404,Josh Hart,1610612752,NYK,56,37,19,1678.0,3373,1,0,1,0.0,0,0,0.0,0,0.0,0,0.0,0,0.0,0,0.0,0,0.0
1631169,Josh Minott,1610612751,BKN,42,22,20,665.0,716,0,0,0,0.0,0,0,0.0,0,0.0,0,0.0,0,0.0,0,0.0,0,0.0
1629006,Josh Okogie,1610612745,HOU,65,39,26,1199.0,1241,1,0,0,0.0,0,0,0.0,0,0.0,1,1.0,1,1.0,0,0.0,0,0.0
201950,Jrue Holiday,1610612757,POR,41,20,21,1186.0,2786,19,2,9,0.222,1,2,0.5,5,0.263,9,0.474,0,0.0,0,0.0,1,0.053
1630577,Julian Champagnie,1610612759,SAS,70,52,18,1949.0,2625,0,0,0,0.0,0,0,0.0,0,0.0,0,0.0,0,0.0,0,0.0,0,0.0
1641763,Julian Phillips,1610612750,MIN,42,16,26,363.0,317,0,0,0,0.0,0,0,0.0,0,0.0,0,0.0,0,0.0,0,0.0,0,0.0
1642882,Julian Reese,1610612764,WAS,5,0,5,148.0,189,2,0,1,0.0,2,2,1.0,2,1.0,0,0.0,0,0.0,0,0.0,1,0.5
1631124,Julian Strawther,1610612743,DEN,46,27,19,691.0,966,0,0,0,0.0,0,0,0.0,0,0.0,0,0.0,0,0.0,0,0.0,0,0.0
203944,Julius Randle,1610612750,MIN,70,43,27,2309.0,4249,173,28,59,0.475,15,20,0.75,74,0.428,84,0.486,25,0.145,11,0.064,10,0.058
1630551,Justin Champagnie,1610612764,WAS,60,13,47,1167.0,1726,1,0,0,0.0,0,0,0.0,0,0.0,0,0.0,0,0.0,1,1.0,0,0.0
1642348,Justin Edwards,1610612755,PHI,52,30,22,794.0,1142,0,0,0,0.0,0,0,0.0,0,0.0,0,0.0,0,0.0,0,0.0,0,0.0
203994,Jusuf Nurkić,1610612762,UTA,41,14,27,1083.0,2372,47,13,29,0.448,6,7,0.857,34,0.723,12,0.255,4,0.085,1,0.021,4,0.085
1642354,KJ Simpson,1610612743,DEN,17,7,10,246.0,540,0,0,0,0.0,0,0,0.0,0,0.0,0,0.0,0,0.0,0,0.0,0,0.0
1642955,Kadary Richmond,1610612764,WAS,3,2,1,67.0,85,0,0,0,0.0,0,0,0.0,0,0.0,0,0.0,0,0.0,0,0.0,0,0.0
1642880,Kam Jones,1610612754,IND,30,4,26,463.0,904,1,1,1,1.0,0,0,0.0,2,2.0,0,0.0,0,0.0,0,0.0,0,0.0
1626157,Karl-Anthony Towns,1610612752,NYK,65,42,23,2031.0,3368,164,35,72,0.486,20,24,0.833,92,0.561,43,0.262,11,0.067,20,0.122,12,0.073
1631255,Karlo Matković,1610612740,NOP,57,24,33,828.0,944,5,1,4,0.25,0,0,0.0,2,0.4,1,0.2,0,0.0,0,0.0,0,0.0
1642857,Kasparas Jakučionis,1610612748,MIA,43,24,19,764.0,1398,0,0,0,0.0,0,0,0.0,0,0.0,0,0.0,0,0.0,0,0.0,0,0.0
202695,Kawhi Leonard,1610612746,LAC,54,30,24,1742.0,3133,84,27,47,0.574,9,10,0.9,67,0.798,24,0.286,2,0.024,5,0.06,5,0.06
1630811,Keaton Wallace,1610612737,ATL,47,27,20,478.0,1097,0,0,0,0.0,0,0,0.0,0,0.0,0,0.0,0,0.0,0,0.0,0,0.0
1631099,Keegan Murray,1610612758,SAC,23,5,18,793.0,1055,6,2,5,0.4,0,0,0.0,4,0.667,0,0.0,0,0.0,0,0.0,0,0.0
1642276,Kel'el Ware,1610612748,MIA,65,34,31,1480.0,2041,28,5,19,0.263,4,4,1.0,14,0.5,6,0.214,2,0.071,1,0.036,2,0.071
1629640,Keldon Johnson,1610612759,SAS,70,52,18,1621.0,2530,11,8,9,0.889,0,0,0.0,16,1.455,1,0.091,0,0.0,1,0.091,0,0.0
203482,Kelly Olynyk,1610612759,SAS,37,28,9,336.0,613,9,2,2,1.0,3,4,0.75,7,0.778,5,0.556,1,0.111,0,0.0,2,0.222
1626162,Kelly Oubre Jr.,1610612755,PHI,41,22,19,1330.0,1955,4,1,3,0.333,0,0,0.0,2,0.5,1,0.25,0,0.0,0,0.0,0,0.0
1629026,Kenrich Williams,1610612760,OKC,46,33,13,731.0,1021,2,1,2,0.5,0,0,0.0,2,1.0,0,0.0,0,0.0,0,0.0,0,0.0
203484,Kentavious Caldwell-Pope,1610612763,MEM,51,20,31,1088.0,2061,2,0,0,0.0,0,0,0.0,0,0.0,1,0.5,1,0.5,0,0.0,0,0.0
1631165,Keon Ellis,1610612739,CLE,61,23,38,1200.0,1466,0,0,0,0.0,0,0,0.0,0,0.0,0,0.0,0,0.0,0,0.0,0,0.0
1642352,Keshad Johnson,1610612748,MIA,25,13,12,203.0,365,1,0,0,0.0,0,0,0.0,0,0.0,1,1.0,0,0.0,0,0.0,0,0.0
1642933,Keshon Gilbert,1610612737,ATL,3,0,3,48.0,52,0,0,0,0.0,0,0,0.0,0,0.0,0,0.0,0,0.0,0,0.0,0,0.0
201142,Kevin Durant,1610612745,HOU,65,38,27,2373.0,4176,98,35,60,0.583,8,8,1.0,82,0.837,24,0.245,3,0.031,8,0.082,5,0.051
1628989,Kevin Huerter,1610612765,DET,58,32,26,1278.0,2149,0,0,0,0.0,0,0,0.0,0,0.0,0,0.0,0,0.0,0,0.0,0,0.0
201567,Kevin Love,1610612762,UTA,37,10,27,613.0,1129,3,0,0,0.0,1,2,0.5,1,0.333,2,0.667,1,0.333,0,0.0,1,0.333
1641755,Kevin McCullar Jr.,1610612752,NYK,20,11,9,130.0,216,0,0,0,0.0,0,0,0.0,0,0.0,0,0.0,0,0.0,0,0.0,0,0.0
1629645,Kevin Porter Jr.,1610612749,MIL,38,18,20,1261.0,3025,2,1,1,1.0,2,2,1.0,4,2.0,0,0.0,0,0.0,0,0.0,1,0.5
1626172,Kevon Looney,1610612740,NOP,18,2,16,251.0,407,0,0,0,0.0,0,0,0.0,0,0.0,0,0.0,0,0.0,0,0.0,0,0.0
1641718,Keyonte George,1610612762,UTA,54,16,38,1786.0,4252,0,0,0,0.0,0,0,0.0,0,0.0,0,0.0,0,0.0,0,0.0,0,0.0
1642863,Khaman Maluach,1610612756,PHX,35,17,18,260.0,309,3,0,2,0.0,0,0,0.0,0,0.0,0,0.0,0,0.0,1,0.333,0,0.0
203114,Khris Middleton,1610612742,DAL,52,16,36,1252.0,1745,93,25,50,0.5,4,4,1.0,54,0.581,32,0.344,4,0.043,6,0.065,2,0.022
1630165,Killian Hayes,1610612758,SAC,12,6,6,210.0,444,0,0,0,0.0,0,0,0.0,0,0.0,0,0.0,0,0.0,0,0.0,0,0.0
202691,Klay Thompson,1610612742,DAL,60,18,42,1315.0,1528,2,0,1,0.0,0,0,0.0,0,0.0,1,0.5,1,0.5,0,0.0,0,0.0
1641738,Kobe Brown,1610612754,IND,51,15,36,707.0,1026,8,1,5,0.2,0,0,0.0,2,0.25,3,0.375,0,0.0,0,0.0,0,0.0
1641723,Kobe Bufkin,1610612747,LAL,11,7,4,90.0,148,0,0,0,0.0,0,0,0.0,0,0.0,0,0.0,0,0.0,0,0.0,0,0.0
1642920,Kobe Sanders,1610612746,LAC,58,30,28,1192.0,1660,0,0,0,0.0,0,0,0.0,0,0.0,0,0.0,0,0.0,0,0.0,0,0.0
1642886,Koby Brea,1610612756,PHX,5,1,4,23.0,38,0,0,0,0.0,0,0,0.0,0,0.0,0,0.0,0,0.0,0,0.0,0,0.0
1642851,Kon Knueppel,1610612766,CHA,69,36,33,2189.0,3593,3,2,2,1.0,2,2,1.0,6,2.0,0,0.0,0,0.0,0,0.0,1,0.333
1627739,Kris Dunn,1610612746,LAC,70,34,36,1931.0,3665,8,1,2,0.5,0,0,0.0,2,0.25,6,0.75,2,0.25,0,0.0,0,0.0
1631200,Kris Murray,1610612757,POR,45,20,25,1069.0,924,1,0,0,0.0,0,0,0.0,0,0.0,1,1.0,1,1.0,0,0.0,0,0.0
204001,Kristaps Porziņģis,1610612744,GSW,23,10,13,544.0,904,81,27,48,0.563,10,12,0.833,67,0.827,16,0.198,2,0.025,3,0.037,7,0.086
203937,Kyle Anderson,1610612750,MIN,32,10,22,625.0,1060,4,3,3,1.0,0,0,0.0,6,1.5,1,0.25,0,0.0,0,0.0,0,0.0
1642271,Kyle Filipowski,1610612762,UTA,68,21,47,1558.0,2687,38,9,15,0.6,3,4,0.75,21,0.553,9,0.237,0,0.0,9,0.237,2,0.053
1628398,Kyle Kuzma,1610612749,MIL,64,27,37,1691.0,2807,22,6,11,0.545,1,2,0.5,13,0.591,8,0.364,4,0.182,1,0.045,1,0.045
200768,Kyle Lowry,1610612755,PHI,11,6,5,99.0,150,0,0,0,0.0,0,0,0.0,0,0.0,0,0.0,0,0.0,0,0.0,0,0.0
1642273,Kyshawn George,1610612764,WAS,48,10,38,1391.0,2798,32,5,13,0.385,5,6,0.833,15,0.469,9,0.281,3,0.094,2,0.063,3,0.094
1643018,LJ Cryer,1610612744,GSW,9,3,6,116.0,203,0,0,0,0.0,0,0,0.0,0,0.0,0,0.0,0,0.0,0,0.0,0,0.0
1630163,LaMelo Ball,1610612766,CHA,60,33,27,1654.0,4335,1,1,1,1.0,0,0,0.0,2,2.0,0,0.0,0,0.0,0,0.0,0,0.0
1642950,Lachlan Olbrich,1610612741,CHI,26,7,19,164.0,279,2,0,1,0.0,0,0,0.0,0,0.0,0,0.0,0,0.0,1,0.5,0,0.0
1629013,Landry Shamet,1610612752,NYK,45,29,16,1038.0,1252,0,0,0,0.0,0,0,0.0,0,0.0,0,0.0,0,0.0,0,0.0,0,0.0
1626204,Larry Nance Jr.,1610612739,CLE,29,21,8,353.0,450,3,0,1,0.0,0,0,0.0,0,0.0,2,0.667,0,0.0,0,0.0,0,0.0
1628374,Lauri Markkanen,1610612762,UTA,42,17,25,1443.0,2223,39,10,19,0.526,9,10,0.9,31,0.795,8,0.205,1,0.026,6,0.154,5,0.128
1643133,Lawson Lovering,1610612763,MEM,2,1,1,49.0,43,2,0,1,0.0,0,0,0.0,0,0.0,1,0.5,1,0.5,0,0.0,0,0.0
2544,LeBron James,1610612747,LAL,49,31,18,1635.0,3410,136,25,53,0.472,7,10,0.7,58,0.426,63,0.463,18,0.132,11,0.081,5,0.037
1641778,Leaky Black,1610612764,WAS,5,0,5,159.0,185,2,0,0,0.0,0,0,0.0,0,0.0,2,1.0,0,0.0,0,0.0,0,0.0
1631159,Leonard Miller,1610612741,CHI,34,15,19,387.0,583,3,1,1,1.0,0,0,0.0,2,0.667,1,0.333,1,0.333,1,0.333,0,0.0
1642862,Liam McNeeley,1610612766,CHA,28,10,18,342.0,434,0,0,0,0.0,0,0,0.0,0,0.0,0,0.0,0,0.0,0,0.0,0,0.0
1630322,Lindy Waters III,1610612759,SAS,35,26,9,245.0,343,0,0,0,0.0,0,0,0.0,0,0.0,0,0.0,0,0.0,0,0.0,0,0.0
1628366,Lonzo Ball,1610612739,CLE,35,19,16,728.0,1621,1,0,0,0.0,0,0,0.0,0,0.0,1,1.0,0,0.0,0,0.0,0,0.0
1629652,Luguentz Dort,1610612760,OKC,58,45,13,1612.0,1695,0,0,0,0.0,0,0,0.0,0,0.0,0,0.0,0,0.0,0,0.0,0,0.0
1629029,Luka Dončić,1610612747,LAL,58,39,19,2076.0,5139,130,40,67,0.597,24,34,0.706,109,0.838,43,0.331,11,0.085,2,0.015,17,0.131
1630568,Luka Garza,1610612738,BOS,59,39,20,923.0,1306,8,0,1,0.0,4,4,1.0,4,0.5,0,0.0,0,0.0,2,0.25,2,0.25
1628379,Luke Kennard,1610612747,LAL,66,37,29,1373.0,1754,0,0,0,0.0,0,0,0.0,0,0.0,0,0.0,0,0.0,0,0.0,0,0.0
1628436,Luke Kornet,1610612759,SAS,59,44,15,1244.0,1594,5,2,4,0.5,0,0,0.0,4,0.8,1,0.2,0,0.0,0,0.0,0,0.0
1631247,Luke Travers,1610612739,CLE,12,6,6,103.0,158,0,0,0,0.0,0,0,0.0,0,0.0,0,0.0,0,0.0,0,0.0,0,0.0
1630644,Mac McClung,1610612741,CHI,4,0,4,47.0,100,0,0,0,0.0,0,0,0.0,0,0.0,0,0.0,0,0.0,0,0.0,0,0.0
1641869,Malachi Smith,1610612751,BKN,3,0,3,45.0,79,0,0,0,0.0,0,0,0.0,0,0.0,0,0.0,0,0.0,0,0.0,0,0.0
1631103,Malaki Branham,1610612764,WAS,28,7,21,275.0,446,0,0,0,0.0,0,0,0.0,0,0.0,0,0.0,0,0.0,0,0.0,0,0.0
1642502,Malevy Leons,1610612744,GSW,16,5,11,146.0,197,1,0,0,0.0,0,0,0.0,0,0.0,1,1.0,0,0.0,0,0.0,0,0.0
1628370,Malik Monk,1610612758,SAC,53,15,38,1165.0,1984,0,0,0,0.0,0,0,0.0,0,0.0,0,0.0,0,0.0,0,0.0,0,0.0
1630699,MarJon Beauchamp,1610612755,PHI,7,2,5,120.0,162,0,0,0,0.0,0,0,0.0,0,0.0,0,0.0,0,0.0,0,0.0,0,0.0
1631204,Marcus Sasser,1610612765,DET,28,20,8,352.0,627,0,0,0,0.0,0,0,0.0,0,0.0,0,0.0,0,0.0,0,0.0,0,0.0
203935,Marcus Smart,1610612747,LAL,59,38,21,1694.0,2603,23,3,8,0.375,2,2,1.0,9,0.391,13,0.565,3,0.13,0,0.0,1,0.043
1641813,Mark Sears,1610612749,MIL,7,1,6,26.0,54,0,0,0,0.0,0,0,0.0,0,0.0,0,0.0,0,0.0,0,0.0,0,0.0
1631109,Mark Williams,1610612756,PHX,56,33,23,1322.0,1955,25,7,17,0.412,1,2,0.5,16,0.64,3,0.12,0,0.0,2,0.08,1,0.04
1628963,Marvin Bagley III,1610612742,DAL,52,14,38,1035.0,1593,19,5,13,0.385,0,0,0.0,10,0.526,5,0.263,1,0.053,0,0.0,0,0.0
203486,Mason Plumlee,1610612759,SAS,17,8,9,139.0,204,1,1,1,1.0,0,0,0.0,2,2.0,0,0.0,0,0.0,0,0.0,0,0.0
1641824,Matas Buzelis,1610612741,CHI,69,27,42,2004.0,3586,3,0,2,0.0,0,0,0.0,0,0.0,1,0.333,0,0.0,0,0.0,0,0.0
1629680,Matisse Thybulle,1610612757,POR,18,9,9,224.0,317,0,0,0,0.0,0,0,0.0,0,0.0,0,0.0,0,0.0,0,0.0,0,0.0
1631108,Max Christie,1610612742,DAL,65,21,44,1917.0,2629,3,0,1,0.0,0,0,0.0,0,0.0,2,0.667,0,0.0,0,0.0,0,0.0
1642917,Max Shulga,1610612738,BOS,5,4,1,8.0,13,0,0,0,0.0,0,0,0.0,0,0.0,0,0.0,0,0.0,0,0.0,0,0.0
1629622,Max Strus,1610612739,CLE,3,2,1,70.0,114,0,0,0,0.0,0,0,0.0,0,0.0,0,0.0,0,0.0,0,0.0,0,0.0
1628467,Maxi Kleber,1610612747,LAL,35,16,19,383.0,428,2,0,1,0.0,0,0,0.0,0,0.0,0,0.0,0,0.0,1,0.5,0,0.0
1642875,Maxime Raynaud,1610612758,SAC,62,17,45,1574.0,2576,41,12,29,0.414,4,6,0.667,30,0.732,3,0.073,0,0.0,4,0.098,3,0.073
1642877,Micah Peavy,1610612740,NOP,52,16,36,706.0,773,0,0,0,0.0,0,0,0.0,0,0.0,0,0.0,0,0.0,0,0.0,0,0.0
1630695,Micah Potter,1610612754,IND,35,7,28,652.0,1009,29,8,13,0.615,7,8,0.875,25,0.862,7,0.241,3,0.103,1,0.034,4,0.138
1629008,Michael Porter Jr.,1610612751,BKN,52,14,38,1689.0,3063,18,5,7,0.714,2,2,1.0,12,0.667,8,0.444,0,0.0,2,0.111,1,0.056
1628969,Mikal Bridges,1610612752,NYK,70,45,25,2334.0,3972,15,4,11,0.364,2,2,1.0,10,0.667,3,0.2,0,0.0,0,0.0,1,0.067
201144,Mike Conley,1610612750,MIN,47,29,18,838.0,1747,1,0,0,0.0,0,0,0.0,0,0.0,1,1.0,0,0.0,0,0.0,0,0.0
1628970,Miles Bridges,1610612766,CHA,65,34,31,2057.0,3453,52,16,29,0.552,1,2,0.5,34,0.654,20,0.385,6,0.115,2,0.038,1,0.019
1642939,Miles Kelly,1610612742,DAL,14,7,7,134.0,155,0,0,0,0.0,0,0,0.0,0,0.0,0,0.0,0,0.0,0,0.0,0,0.0
1630540,Miles McBride,1610612752,NYK,35,22,13,981.0,1740,1,0,1,0.0,0,0,0.0,0,0.0,0,0.0,0,0.0,0,0.0,0,0.0
1629011,Mitchell Robinson,1610612752,NYK,51,34,17,992.0,939,1,0,0,0.0,0,0,0.0,0,0.0,0,0.0,0,0.0,1,1.0,0,0.0
1628964,Mo Bamba,1610612762,UTA,4,3,1,44.0,63,0,0,0,0.0,0,0,0.0,0,0.0,0,0.0,0,0.0,0,0.0,0,0.0
1642885,Mohamed Diawara,1610612752,NYK,59,36,23,505.0,789,4,2,2,1.0,0,0,0.0,4,1.0,0,0.0,0,0.0,2,0.5,0,0.0
1628420,Monte Morris,1610612754,IND,6,0,6,65.0,152,0,0,0,0.0,0,0,0.0,0,0.0,0,0.0,0,0.0,0,0.0,0,0.0
1629021,Moritz Wagner,1610612753,ORL,29,17,12,383.0,633,29,6,14,0.429,9,12,0.75,22,0.759,6,0.207,1,0.034,1,0.034,6,0.207
1630541,Moses Moody,1610612744,GSW,59,29,30,1506.0,1829,2,0,0,0.0,0,0,0.0,0,0.0,2,1.0,1,0.5,0,0.0,0,0.0
1631243,Mouhamed Gueye,1610612737,ATL,65,36,29,994.0,1206,8,1,3,0.333,0,2,0.0,2,0.25,4,0.5,1,0.125,0,0.0,1,0.125
1630619,Moussa Cisse,1610612742,DAL,34,10,24,425.0,454,2,1,2,0.5,0,0,0.0,2,1.0,0,0.0,0,0.0,0,0.0,0,0.0
1631217,Moussa Diabaté,1610612766,CHA,62,33,29,1603.0,2261,16,2,4,0.5,1,2,0.5,5,0.313,4,0.25,0,0.0,4,0.25,1,0.063
1626167,Myles Turner,1610612749,MIL,64,26,38,1748.0,2073,69,15,36,0.417,10,12,0.833,40,0.58,13,0.188,1,0.014,8,0.116,6,0.087
1642066,Myron Gardner,1610612748,MIA,37,22,15,349.0,587,0,0,0,0.0,0,0,0.0,0,0.0,0,0.0,0,0.0,0,0.0,0,0.0
1642368,N'Faly Dante,1610612737,ATL,4,3,1,15.0,20,0,0,0,0.0,0,0,0.0,0,0.0,0,0.0,0,0.0,0,0.0,0,0.0
1641772,Nae'Qwan Tomlin,1610612739,CLE,54,35,19,848.0,944,1,1,1,1.0,0,0,0.0,2,2.0,0,0.0,0,0.0,0,0.0,0,0.0
1630230,Naji Marshall,1610612742,DAL,67,23,44,1973.0,3162,3,1,2,0.5,2,2,1.0,4,1.333,0,0.0,0,0.0,0,0.0,1,0.333
1631466,Nate Williams,1610612744,GSW,9,2,7,105.0,116,0,0,0,0.0,0,0,0.0,0,0.0,0,0.0,0,0.0,0,0.0,0,0.0
1629675,Naz Reid,1610612750,MIN,68,42,26,1770.0,3390,72,26,38,0.684,7,10,0.7,59,0.819,19,0.264,3,0.042,6,0.083,5,0.069
1629674,Neemias Queta,1610612738,BOS,65,43,22,1637.0,2277,11,1,3,0.333,0,0,0.0,2,0.182,1,0.091,0,0.0,2,0.182,0,0.0
1629651,Nic Claxton,1610612751,BKN,62,16,46,1764.0,3084,28,4,11,0.364,2,4,0.5,11,0.393,9,0.321,2,0.071,0,0.0,2,0.071
1630208,Nick Richards,1610612741,CHI,46,19,27,665.0,922,9,2,6,0.333,0,0,0.0,5,0.556,1,0.111,0,0.0,1,0.111,0,0.0
1641733,Nick Smith Jr.,1610612747,LAL,25,12,13,318.0,593,0,0,0,0.0,0,0,0.0,0,0.0,0,0.0,0,0.0,0,0.0,0,0.0
1629638,Nickeil Alexander-Walker,1610612737,ATL,66,35,31,2195.0,3966,0,0,0,0.0,0,0,0.0,0,0.0,0,0.0,0,0.0,0,0.0,0,0.0
201587,Nicolas Batum,1610612746,LAC,64,33,31,1168.0,1544,0,0,0,0.0,0,0,0.0,0,0.0,0,0.0,0,0.0,0,0.0,0,0.0
1628502,Nigel Hayes-Davis,1610612756,PHX,27,15,12,195.0,230,3,1,1,1.0,1,2,0.5,3,1.0,1,0.333,0,0.0,0,0.0,1,0.333
203999,Nikola Jokić,1610612743,DEN,54,32,22,1875.0,5399,388,101,165,0.612,48,56,0.857,252,0.649,156,0.402,46,0.119,22,0.057,28,0.072
1631107,Nikola Jović,1610612748,MIA,45,23,22,791.0,1537,21,3,8,0.375,1,2,0.5,7,0.333,9,0.429,0,0.0,0,0.0,1,0.048
1642260,Nikola Topić,1610612760,OKC,5,3,2,53.0,126,0,0,0,0.0,0,0,0.0,0,0.0,0,0.0,0,0.0,0,0.0,0,0.0
202696,Nikola Vučević,1610612738,BOS,60,32,28,1740.0,3653,243,38,88,0.432,11,16,0.688,89,0.366,119,0.49,31,0.128,11,0.045,9,0.037
1642363,Nique Clifford,1610612758,SAC,66,17,49,1574.0,2406,0,0,0,0.0,0,0,0.0,0,0.0,0,0.0,0,0.0,0,0.0,0,0.0
1642855,Noa Essengue,1610612741,CHI,2,1,1,6.0,9,0,0,0,0.0,0,0,0.0,0,0.0,0,0.0,0,0.0,0,0.0,0,0.0
1641730,Noah Clowney,1610612751,BKN,62,16,46,1695.0,2375,5,1,1,1.0,0,0,0.0,2,0.4,3,0.6,3,0.6,1,0.2,0,0.0
1642869,Noah Penda,1610612753,ORL,50,26,24,694.0,1165,7,1,2,0.5,0,0,0.0,2,0.286,4,0.571,1,0.143,1,0.143,0,0.0
1642849,Nolan Traore,1610612751,BKN,46,11,35,1015.0,2424,0,0,0,0.0,0,0,0.0,0,0.0,0,0.0,0,0.0,0,0.0,0,0.0
1641807,Norchad Omier,1610612746,LAC,3,3,0,14.0,26,2,2,2,1.0,0,0,0.0,4,2.0,0,0.0,0,0.0,0,0.0,0,0.0
1626181,Norman Powell,1610612748,MIA,52,27,25,1564.0,2385,3,2,3,0.667,0,0,0.0,4,1.333,0,0.0,0,0.0,0,0.0,0,0.0
1628384,OG Anunoby,1610612752,NYK,56,37,19,1851.0,2467,30,5,10,0.5,2,2,1.0,12,0.4,13,0.433,2,0.067,2,0.067,1,0.033
1630167,Obi Toppin,1610612754,IND,12,0,12,198.0,422,13,1,2,0.5,0,0,0.0,2,0.154,8,0.615,2,0.154,2,0.154,0,0.0
1630534,Ochai Agbaji,1610612751,BKN,55,26,29,860.0,1067,0,0,0,0.0,0,0,0.0,0,0.0,0,0.0,0,0.0,0,0.0,0,0.0
1641765,Olivier-Maxence Prosper,1610612763,MEM,44,15,29,773.0,1085,5,1,2,0.5,2,2,1.0,4,0.8,2,0.4,0,0.0,0,0.0,1,0.2
1630209,Omer Yurtseven,1610612744,GSW,3,1,2,20.0,28,1,0,0,0.0,0,0,0.0,0,0.0,0,0.0,0,0.0,1,1.0,0,0.0
1630168,Onyeka Okongwu,1610612737,ATL,63,34,29,1976.0,3350,61,14,35,0.4,5,12,0.417,33,0.541,14,0.23,6,0.098,1,0.016,6,0.098
1631115,Orlando Robinson,1610612753,ORL,4,2,2,25.0,45,1,0,0,0.0,0,0,0.0,0,0.0,0,0.0,0,0.0,0,0.0,0,0.0
1631131,Oscar Tshiebwe,1610612762,UTA,15,2,13,201.0,226,2,1,1,1.0,0,2,0.0,2,1.0,0,0.0,0,0.0,0,0.0,1,0.5
1642345,Oso Ighodaro,1610612756,PHX,70,39,31,1511.0,2266,6,1,2,0.5,0,0,0.0,3,0.5,3,0.5,1,0.167,1,0.167,0,0.0
1631172,Ousmane Dieng,1610612749,MIL,44,29,15,685.0,1007,0,0,0,0.0,0,0,0.0,0,0.0,0,0.0,0,0.0,0,0.0,0,0.0
1629023,P.J. Washington,1610612742,DAL,51,14,37,1572.0,2540,39,8,20,0.4,4,6,0.667,21,0.538,13,0.333,3,0.077,1,0.026,3,0.077
1641790,PJ Hall,1610612766,CHA,19,7,12,213.0,298,4,0,3,0.0,0,0,0.0,0,0.0,1,0.25,0,0.0,0,0.0,0,0.0
1642359,Pacôme Dadiet,1610612752,NYK,24,15,9,90.0,136,0,0,0,0.0,0,0,0.0,0,0.0,0,0.0,0,0.0,0,0.0,0,0.0
1631094,Paolo Banchero,1610612753,ORL,59,31,28,2057.0,4479,134,23,45,0.511,21,26,0.808,69,0.515,62,0.463,20,0.149,9,0.067,14,0.104
1627783,Pascal Siakam,1610612754,IND,55,14,41,1844.0,3870,165,36,73,0.493,22,28,0.786,98,0.594,62,0.376,6,0.036,9,0.055,14,0.085
1626192,Pat Connaughton,1610612766,CHA,34,20,14,257.0,411,0,0,0,0.0,0,0,0.0,0,0.0,0,0.0,0,0.0,0,0.0,0,0.0
1630311,Pat Spencer,1610612744,GSW,53,26,27,926.0,2310,9,1,4,0.25,0,0,0.0,2,0.222,5,0.556,1,0.111,0,0.0,0,0.0
1631116,Patrick Baldwin Jr.,1610612758,SAC,7,2,5,58.0,62,0,0,0,0.0,0,0,0.0,0,0.0,0,0.0,0,0.0,0,0.0,0,0.0
1630172,Patrick Williams,1610612741,CHI,60,21,39,1180.0,1808,8,1,4,0.25,0,0,0.0,2,0.25,0,0.0,0,0.0,1,0.125,0,0.0
202331,Paul George,1610612755,PHI,27,16,11,824.0,1667,26,6,15,0.4,2,2,1.0,15,0.577,7,0.269,1,0.038,1,0.038,1,0.038
1630194,Paul Reed,1610612765,DET,52,37,15,680.0,1088,7,1,4,0.25,0,0,0.0,2,0.286,2,0.286,0,0.0,0,0.0,0,0.0
1630202,Payton Pritchard,1610612738,BOS,67,45,22,2184.0,4666,2,0,0,0.0,0,0,0.0,0,0.0,2,1.0,2,1.0,0,0.0,0,0.0
1642362,Payton Sandfort,1610612760,OKC,1,1,0,5.0,6,0,0,0,0.0,0,0,0.0,0,0.0,0,0.0,0,0.0,0,0.0,0,0.0
1641796,Pelle Larsson,1610612748,MIA,59,34,25,1516.0,2207,3,1,3,0.333,0,0,0.0,2,0.667,0,0.0,0,0.0,0,0.0,0,0.0
1631250,Pete Nance,1610612749,MIL,36,11,25,422.0,613,1,1,1,1.0,0,0,0.0,2,2.0,0,0.0,0,0.0,0,0.0,0,0.0
1631212,Peyton Watson,1610612743,DEN,49,31,18,1502.0,2574,1,0,0,0.0,0,0,0.0,0,0.0,1,1.0,1,1.0,0,0.0,0,0.0
1630173,Precious Achiuwa,1610612758,SAC,62,16,46,1418.0,1778,20,4,9,0.444,0,0,0.0,8,0.4,10,0.5,1,0.05,1,0.05,0,0.0
1629656,Quentin Grimes,1610612755,PHI,63,34,29,1888.0,3105,4,1,1,1.0,0,0,0.0,2,0.5,3,0.75,1,0.25,0,0.0,0,0.0
1631245,Quenton Jackson,1610612754,IND,38,7,31,663.0,1382,0,0,0,0.0,0,0,0.0,0,0.0,0,0.0,0,0.0,0,0.0,0,0.0
1642366,Quinten Post,1610612744,GSW,65,32,33,1140.0,2110,47,9,14,0.643,4,6,0.667,22,0.468,24,0.511,2,0.043,2,0.043,3,0.064
1629628,RJ Barrett,1610612761,TOR,44,27,17,1328.0,2403,23,6,11,0.545,5,6,0.833,18,0.783,7,0.304,0,0.0,1,0.043,3,0.13
1642853,Rasheer Fleming,1610612756,PHX,44,24,20,460.0,396,1,0,0,0.0,0,0,0.0,0,0.0,1,1.0,1,1.0,0,0.0,0,0.0
1642484,RayJ Dennis,1610612737,ATL,16,3,13,180.0,479,0,0,0,0.0,0,0,0.0,0,0.0,0,0.0,0,0.0,0,0.0,0,0.0
1641712,Rayan Rupert,1610612763,MEM,58,28,30,867.0,1111,0,0,0,0.0,0,0,0.0,0,0.0,0,0.0,0,0.0,0,0.0,0,0.0
1642263,Reed Sheppard,1610612745,HOU,68,41,27,1769.0,3615,0,0,0,0.0,0,0,0.0,0,0.0,0,0.0,0,0.0,0,0.0,0,0.0
1642434,Riley Minix,1610612739,CLE,5,4,1,19.0,36,0,0,0,0.0,0,0,0.0,0,0.0,0,0.0,0,0.0,0,0.0,0,0.0
1642265,Rob Dillingham,1610612741,CHI,53,26,27,699.0,1445,0,0,0,0.0,0,0,0.0,0,0.0,0,0.0,0,0.0,0,0.0,0,0.0
1629057,Robert Williams III,1610612757,POR,48,23,25,816.0,1133,0,0,0,0.0,0,0,0.0,0,0.0,0,0.0,0,0.0,0,0.0,0,0.0
1642911,Rocco Zikarsky,1610612750,MIN,4,0,4,16.0,25,1,0,0,0.0,0,0,0.0,0,0.0,0,0.0,0,0.0,0,0.0,0,0.0
1631199,Ron Harper Jr.,1610612738,BOS,22,16,6,246.0,327,0,0,0,0.0,0,0,0.0,0,0.0,0,0.0,0,0.0,0,0.0,0,0.0
1641842,Ronald Holland II,1610612765,DET,65,46,19,1317.0,2075,0,0,0,0.0,0,0,0.0,0,0.0,0,0.0,0,0.0,0,0.0,0,0.0
1626220,Royce O'Neale,1610612756,PHX,69,39,30,2007.0,3774,0,0,0,0.0,0,0,0.0,0,0.0,0,0.0,0,0.0,0,0.0,0,0.0
203497,Rudy Gobert,1610612750,MIN,67,42,25,2107.0,2965,24,4,5,0.8,0,4,0.0,8,0.333,10,0.417,3,0.125,1,0.042,2,0.083
1629060,Rui Hachimura,1610612747,LAL,58,40,18,1669.0,1745,35,7,18,0.389,3,4,0.75,17,0.486,12,0.343,2,0.057,2,0.057,2,0.057
201566,Russell Westbrook,1610612758,SAC,63,16,47,1826.0,4357,39,8,13,0.615,7,8,0.875,24,0.615,17,0.436,5,0.128,0,0.0,4,0.103
1642346,Ryan Dunn,1610612756,PHX,61,35,26,1181.0,1540,0,0,0,0.0,0,0,0.0,0,0.0,0,0.0,0,0.0,0,0.0,0,0.0
1641750,Ryan Kalkbrenner,1610612766,CHA,57,31,26,1252.0,1357,13,3,5,0.6,0,0,0.0,7,0.538,5,0.385,0,0.0,0,0.0,0,0.0
1642948,Ryan Nembhard,1610612742,DAL,49,18,31,908.0,2011,0,0,0,0.0,0,0,0.0,0,0.0,0,0.0,0,0.0,0,0.0,0,0.0
1631157,Ryan Rollins,1610612749,MIL,67,26,41,2158.0,4732,0,0,0,0.0,0,0,0.0,0,0.0,0,0.0,0,0.0,0,0.0,0,0.0
1630180,Saddiq Bey,1610612740,NOP,64,24,40,1987.0,2749,142,28,75,0.373,29,35,0.829,89,0.627,37,0.261,7,0.049,6,0.042,18,0.127
1630573,Sam Hauser,1610612738,BOS,66,45,21,1625.0,2411,0,0,0,0.0,0,0,0.0,0,0.0,0,0.0,0,0.0,0,0.0,0,0.0
1630241,Sam Merrill,1610612739,CLE,44,30,14,1145.0,1778,1,0,0,0.0,0,0,0.0,0,0.0,1,1.0,0,0.0,0,0.0,0,0.0
1630572,Sandro Mamukelashvili,1610612761,TOR,66,37,29,1446.0,2338,18,4,9,0.444,4,4,1.0,12,0.667,6,0.333,4,0.222,1,0.056,2,0.111
1630583,Santi Aldama,1610612763,MEM,43,19,24,1198.0,2326,21,5,10,0.5,6,8,0.75,18,0.857,6,0.286,2,0.095,1,0.048,4,0.19
1630703,Scoot Henderson,1610612757,POR,18,10,8,420.0,1020,0,0,0,0.0,0,0,0.0,0,0.0,0,0.0,0,0.0,0,0.0,0,0.0
1630567,Scottie Barnes,1610612761,TOR,66,38,28,2255.0,4639,140,29,69,0.42,13,16,0.813,74,0.529,45,0.321,11,0.079,9,0.064,8,0.057
1630590,Scotty Pippen Jr.,1610612763,MEM,10,2,8,212.0,497,0,0,0,0.0,0,0,0.0,0,0.0,0,0.0,0,0.0,0,0.0,0,0.0
1642951,Sean Pedulla,1610612746,LAC,2,1,1,11.0,26,0,0,0,0.0,0,0,0.0,0,0.0,0,0.0,0,0.0,0,0.0,0,0.0
203552,Seth Curry,1610612744,GSW,4,0,4,51.0,63,0,0,0,0.0,0,0,0.0,0,0.0,0,0.0,0,0.0,0,0.0,0,0.0
1631101,Shaedon Sharpe,1610612757,POR,48,22,26,1439.0,2672,2,0,0,0.0,0,0,0.0,0,0.0,1,0.5,0,0.0,0,0.0,0,0.0
1628983,Shai Gilgeous-Alexander,1610612760,OKC,58,47,11,1943.0,3908,69,19,39,0.487,8,10,0.8,47,0.681,23,0.333,3,0.043,2,0.029,5,0.072
1630536,Sharife Cooper,1610612764,WAS,28,5,23,436.0,933,0,0,0,0.0,0,0,0.0,0,0.0,0,0.0,0,0.0,0,0.0,0,0.0
1631321,Sidy Cissoko,1610612757,POR,63,31,32,1306.0,1635,0,0,0,0.0,0,0,0.0,0,0.0,0,0.0,0,0.0,0,0.0,0,0.0
1631323,Simone Fontecchio,1610612748,MIA,62,33,29,1055.0,1590,0,0,0,0.0,0,0,0.0,0,0.0,0,0.0,0,0.0,0,0.0,0,0.0
1642883,Sion James,1610612766,CHA,70,36,34,1609.0,2404,1,0,0,0.0,0,0,0.0,0,0.0,1,1.0,0,0.0,0,0.0,0,0.0
1627746,Skal Labissiere,1610612764,WAS,3,2,1,38.0,67,0,0,0,0.0,0,0,0.0,0,0.0,0,0.0,0,0.0,0,0.0,0,0.0
1642461,Spencer Jones,1610612743,DEN,58,35,23,1326.0,1006,0,0,0,0.0,0,0,0.0,0,0.0,0,0.0,0,0.0,0,0.0,0,0.0
1630649,Stanley Umude,1610612759,SAS,2,2,0,7.0,8,0,0,0,0.0,0,0,0.0,0,0.0,0,0.0,0,0.0,0,0.0,0,0.0
201939,Stephen Curry,1610612744,GSW,39,23,16,1222.0,2591,0,0,0,0.0,0,0,0.0,0,0.0,0,0.0,0,0.0,0,0.0,0,0.0
1642264,Stephon Castle,1610612759,SAS,59,44,15,1759.0,3957,8,1,3,0.333,2,2,1.0,4,0.5,3,0.375,2,0.25,1,0.125,1,0.125
203500,Steven Adams,1610612745,HOU,32,21,11,730.0,901,7,3,3,1.0,0,0,0.0,6,0.857,2,0.286,0,0.0,2,0.286,0,0.0
1629004,Svi Mykhailiuk,1610612762,UTA,48,14,34,1123.0,1386,0,0,0,0.0,0,0,0.0,0,0.0,0,0.0,0,0.0,0,0.0,0,0.0
204456,T.J. McConnell,1610612754,IND,51,13,38,880.0,2538,0,0,0,0.0,0,0,0.0,0,0.0,0,0.0,0,0.0,0,0.0,0,0.0
1643007,Taelon Peter,1610612754,IND,31,4,27,348.0,587,0,0,0,0.0,0,0,0.0,0,0.0,0,0.0,0,0.0,0,0.0,0,0.0
201959,Taj Gibson,1610612763,MEM,3,1,2,29.0,30,1,0,1,0.0,0,0,0.0,0,0.0,0,0.0,0,0.0,0,0.0,0,0.0
1631106,Tari Eason,1610612745,HOU,46,27,19,1217.0,1849,4,1,2,0.5,0,0,0.0,2,0.5,1,0.25,0,0.0,1,0.25,0,0.0
1627752,Taurean Prince,1610612749,MIL,14,6,8,275.0,320,0,0,0,0.0,0,0,0.0,0,0.0,0,0.0,0,0.0,0,0.0,0,0.0
1641707,Taylor Hendricks,1610612763,MEM,50,12,38,903.0,1001,7,1,3,0.333,2,2,1.0,4,0.571,3,0.429,1,0.143,0,0.0,1,0.143
1629611,Terance Mann,1610612751,BKN,58,14,44,1413.0,2402,4,0,1,0.0,0,0,0.0,0,0.0,3,0.75,2,0.5,0,0.0,0,0.0
1630545,Terrence Shannon Jr.,1610612750,MIN,31,18,13,363.0,445,0,0,0,0.0,0,0,0.0,0,0.0,0,0.0,0,0.0,0,0.0,0,0.0
203648,Thanasis Antetokounmpo,1610612749,MIL,28,8,20,94.0,134,1,0,0,0.0,1,2,0.5,1,1.0,0,0.0,0,0.0,0,0.0,1,1.0
1628418,Thomas Bryant,1610612739,CLE,52,31,21,590.0,960,13,4,9,0.444,2,4,0.5,10,0.769,1,0.077,0,0.0,0,0.0,2,0.154
1642275,Tidjane Salaün,1610612766,CHA,36,18,18,571.0,824,1,0,0,0.0,0,0,0.0,0,0.0,0,0.0,0,0.0,1,1.0,0,0.0
203501,Tim Hardaway Jr.,1610612743,DEN,69,41,28,1867.0,2210,1,1,1,1.0,0,0,0.0,2,2.0,0,0.0,0,0.0,0,0.0,0,0.0
202699,Tobias Harris,1610612765,DET,52,36,16,1464.0,2228,164,51,81,0.63,22,26,0.846,131,0.799,59,0.36,13,0.079,6,0.037,14,0.085
1642449,Tolu Smith,1610612765,DET,8,6,2,91.0,136,2,0,1,0.0,0,0,0.0,0,0.0,0,0.0,0,0.0,0,0.0,0,0.0
1628396,Tony Bradley,1610612754,IND,38,9,29,416.0,449,6,2,4,0.5,4,4,1.0,8,1.333,0,0.0,0,0.0,0,0.0,2,0.333
1641787,Tosan Evbuomwan,1610612766,CHA,5,4,1,8.0,8,0,0,0,0.0,0,0,0.0,0,0.0,0,0.0,0,0.0,0,0.0,0,0.0
1641739,Toumani Camara,1610612757,POR,70,34,36,2334.0,3953,3,0,1,0.0,0,0,0.0,0,0.0,1,0.333,0,0.0,1,0.333,0,0.0
1629027,Trae Young,1610612764,WAS,15,2,13,384.0,935,0,0,0,0.0,0,0,0.0,0,0.0,0,0.0,0,0.0,0,0.0,0,0.0
1631218,Trayce Jackson-Davis,1610612761,TOR,45,24,21,454.0,763,14,1,2,0.5,2,2,1.0,4,0.286,8,0.571,1,0.071,1,0.071,1,0.071
1642848,Tre Johnson,1610612764,WAS,56,12,44,1348.0,1841,3,0,0,0.0,0,0,0.0,0,0.0,1,0.333,0,0.0,1,0.333,0,0.0
1630200,Tre Jones,1610612741,CHI,53,24,29,1431.0,3206,0,0,0,0.0,0,0,0.0,0,0.0,0,0.0,0,0.0,0,0.0,0,0.0
1630544,Tre Mann,1610612766,CHA,45,24,21,634.0,1329,0,0,0,0.0,0,0,0.0,0,0.0,0,0.0,0,0.0,0,0.0,0,0.0
1630570,Trendon Watford,1610612755,PHI,46,22,24,778.0,1839,49,11,19,0.579,2,4,0.5,25,0.51,21,0.429,6,0.122,2,0.041,2,0.041
1642280,Trentyn Flowers,1610612741,CHI,2,0,2,6.0,8,0,0,0,0.0,0,0,0.0,0,0.0,0,0.0,0,0.0,0,0.0,0,0.0
1631211,Trevor Keels,1610612748,MIA,4,4,0,5.0,12,0,0,0,0.0,0,0,0.0,0,0.0,0,0.0,0,0.0,0,0.0,0,0.0
1641725,Trey Alexander,1610612740,NOP,5,1,4,42.0,51,0,0,0,0.0,0,0,0.0,0,0.0,0,0.0,0,0.0,0,0.0,0,0.0
1641998,Trey Jemison III,1610612752,NYK,11,9,2,61.0,54,0,0,0,0.0,0,0,0.0,0,0.0,0,0.0,0,0.0,0,0.0,0,0.0
1630530,Trey Murphy III,1610612740,NOP,62,21,41,2196.0,3842,0,0,0,0.0,0,0,0.0,0,0.0,0,0.0,0,0.0,0,0.0,0,0.0
1642400,Tristan Enaruna,1610612739,CLE,6,6,0,34.0,50,0,0,0,0.0,0,0,0.0,0,0.0,0,0.0,0,0.0,0,0.0,0,0.0
1641774,Tristan Vukcevic,1610612764,WAS,44,8,36,589.0,1018,5,1,1,1.0,2,6,0.333,4,0.8,1,0.2,0,0.0,0,0.0,3,0.6
1641783,Tristan da Silva,1610612753,ORL,64,36,28,1559.0,1931,3,2,3,0.667,0,0,0.0,4,1.333,0,0.0,0,0.0,0,0.0,0,0.0
1629660,Ty Jerome,1610612763,MEM,13,3,10,290.0,665,0,0,0,0.0,0,0,0.0,0,0.0,0,0.0,0,0.0,0,0.0,0,0.0
1631102,TyTy Washington Jr.,1610612746,LAC,9,5,4,52.0,95,0,0,0,0.0,0,0,0.0,0,0.0,0,0.0,0,0.0,0,0.0,0,0.0
1631174,Tyler Burton,1610612763,MEM,4,1,3,91.0,117,0,0,0,0.0,0,0,0.0,0,0.0,0,0.0,0,0.0,0,0.0,0,0.0
1629639,Tyler Herro,1610612748,MIA,23,11,12,707.0,1360,2,0,0,0.0,0,0,0.0,0,0.0,1,0.5,0,0.0,1,0.5,0,0.0
1642278,Tyler Kolek,1610612752,NYK,56,35,21,683.0,1705,0,0,0,0.0,0,0,0.0,0,0.0,0,0.0,0,0.0,0,0.0,0,0.0
1641890,Tyler Smith,1610612742,DAL,2,0,2,11.0,20,0,0,0,0.0,0,0,0.0,0,0.0,0,0.0,0,0.0,0,0.0,0,0.0
1631213,Tyrese Martin,1610612755,PHI,44,11,33,771.0,1504,0,0,0,0.0,0,0,0.0,0,0.0,0,0.0,0,0.0,0,0.0,0,0.0
1630178,Tyrese Maxey,1610612755,PHI,61,33,28,2334.0,5923,11,3,6,0.5,2,2,1.0,8,0.727,3,0.273,0,0.0,1,0.091,1,0.091
1642878,Tyrese Proctor,1610612739,CLE,42,28,14,436.0,787,0,0,0,0.0,0,0,0.0,0,0.0,0,0.0,0,0.0,0,0.0,0,0.0
1630623,Tyson Etienne,1610612751,BKN,14,2,12,135.0,211,0,0,0,0.0,0,0,0.0,0,0.0,0,0.0,0,0.0,0,0.0,0,0.0
1626145,Tyus Jones,1610612743,DEN,61,31,30,925.0,2008,0,0,0,0.0,0,0,0.0,0,0.0,0,0.0,0,0.0,0,0.0,0,0.0
1642845,VJ Edgecombe,1610612755,PHI,62,35,27,2159.0,4314,7,2,4,0.5,2,2,1.0,6,0.857,0,0.0,0,0.0,2,0.286,1,0.143
1641705,Victor Wembanyama,1610612759,SAS,55,42,13,1615.0,3155,168,35,77,0.455,23,30,0.767,93,0.554,59,0.351,8,0.048,10,0.06,15,0.089
1631246,Vince Williams Jr.,1610612762,UTA,40,16,24,819.0,1976,4,0,0,0.0,0,0,0.0,0,0.0,3,0.75,2,0.5,0,0.0,0,0.0
1642884,Vladislav Goldin,1610612748,MIA,5,3,2,14.0,14,1,1,1,1.0,0,0,0.0,2,2.0,0,0.0,0,0.0,0,0.0,0,0.0
1630249,Vít Krejčí,1610612757,POR,64,31,33,1387.0,1957,0,0,0,0.0,0,0,0.0,0,0.0,0,0.0,0,0.0,0,0.0,0,0.0
1631117,Walker Kessler,1610612762,UTA,5,2,3,154.0,265,0,0,0,0.0,0,0,0.0,0,0.0,0,0.0,0,0.0,0,0.0,0,0.0
1642383,Walter Clayton Jr.,1610612763,MEM,58,16,42,1135.0,2504,0,0,0,0.0,0,0,0.0,0,0.0,0,0.0,0,0.0,0,0.0,0,0.0
1628976,Wendell Carter Jr.,1610612753,ORL,65,36,29,1925.0,2573,21,4,10,0.4,3,4,0.75,11,0.524,7,0.333,0,0.0,2,0.095,2,0.095
1631111,Wendell Moore Jr.,1610612765,DET,5,4,1,54.0,59,0,0,0,0.0,0,0,0.0,0,0.0,0,0.0,0,0.0,0,0.0,0,0.0
1642954,Will Richard,1610612744,GSW,59,31,28,1190.0,1473,2,0,0,0.0,0,0,0.0,0,0.0,2,1.0,0,0.0,0,0.0,0,0.0
1642860,Will Riley,1610612764,WAS,61,15,46,1227.0,1862,0,0,0,0.0,0,0,0.0,0,0.0,0,0.0,0,0.0,0,0.0,0,0.0
1630214,Xavier Tillman,1610612766,CHA,24,17,7,148.0,202,1,0,0,0.0,0,0,0.0,0,0.0,1,1.0,0,0.0,0,0.0,0,0.0
1642905,Yang Hansen,1610612757,POR,39,20,19,277.0,360,23,4,10,0.4,5,6,0.833,14,0.609,5,0.217,1,0.043,3,0.13,3,0.13
1642949,Yanic Konan Niederhäuser,1610612746,LAC,41,22,19,424.0,473,4,2,3,0.667,0,0,0.0,4,1.0,1,0.25,1,0.25,0,0.0,0,0.0
1642530,Yuki Kawamura,1610612741,CHI,11,4,7,121.0,262,0,0,0,0.0,0,0,0.0,0,0.0,0,0.0,0,0.0,0,0.0,0,0.0
1642274,Yves Missi,1610612740,NOP,58,19,39,1110.0,1369,7,1,3,0.333,0,0,0.0,2,0.286,2,0.286,0,0.0,2,0.286,0,0.0
1642258,Zaccharie Risacher,1610612737,ATL,55,31,24,1301.0,1515,2,0,1,0.0,0,0,0.0,0,0.0,1,0.5,0,0.0,0,0.0,0,0.0
1628380,Zach Collins,1610612741,CHI,10,6,4,184.0,300,5,2,3,0.667,2,2,1.0,6,1.2,1,0.2,0,0.0,0,0.0,1,0.2
1641744,Zach Edey,1610612763,MEM,11,7,4,284.0,401,47,19,30,0.633,0,0,0.0,38,0.809,10,0.213,4,0.085,4,0.085,0,0.0
203897,Zach LaVine,1610612758,SAC,39,9,30,1224.0,1999,7,1,3,0.333,0,0,0.0,2,0.286,2,0.286,0,0.0,1,0.143,0,0.0
1630192,Zeke Nnaji,1610612743,DEN,47,33,14,575.0,679,2,0,0,0.0,0,0,0.0,0,0.0,1,0.5,1,0.5,1,0.5,0,0.0
1630533,Ziaire Williams,1610612751,BKN,49,13,36,1116.0,1259,1,0,0,0.0,0,0,0.0,0,0.0,0,0.0,0,0.0,0,0.0,0,0.0
1629627,Zion Williamson,1610612740,NOP,54,22,32,1602.0,2696,89,13,31,0.419,13,16,0.813,39,0.438,35,0.393,9,0.101,12,0.135,8,0.09
1642389,Zyon Pullin,1610612750,MIN,1,1,0,5.0,14,0,0,0,0.0,0,0,0.0,0,0.0,0,0.0,0,0.0,0,0.0,0,0.0
