PLAYER_ID,PLAYER_NAME,TEAM_ID,TEAM_ABBREVIATION,GP,W,L,MIN,OREB,OREB_CONTEST,OREB_UNCONTEST,OREB_CONTEST_PCT,OREB_CHANCES,OREB_CHANCE_PCT,OREB_CHANCE_DEFER,OREB_CHANCE_PCT_ADJ,AVG_OREB_DIST,DREB,DREB_CONTEST,DREB_UNCONTEST,DREB_CONTEST_PCT,DREB_CHANCES,DREB_CHANCE_PCT,DREB_CHANCE_DEFER,DREB_CHANCE_PCT_ADJ,AVG_DREB_DIST,REB,REB_CONTEST,REB_UNCONTEST,REB_CONTEST_PCT,REB_CHANCES,REB_CHANCE_PCT,REB_CHANCE_DEFER,REB_CHANCE_PCT_ADJ,AVG_REB_DIST
1630639,A.J. Lawson,1610612761,TOR,11,5,6,106.0,7,3,4,0.429,12,0.583,0,0.583,12.7,16,3,13,0.188,28,0.571,2,0.615,7.7,23,6,17,0.261,40,0.575,2,0.605,9.2
1631260,AJ Green,1610612749,MIL,58,25,33,1704.0,18,5,13,0.278,54,0.333,2,0.346,17.0,143,31,112,0.217,270,0.53,21,0.574,8.4,161,36,125,0.224,315,0.511,23,0.551,9.4
1642358,AJ Johnson,1610612742,DAL,21,2,19,258.0,9,3,6,0.333,25,0.36,1,0.375,10.0,37,11,26,0.297,55,0.673,6,0.755,7.6,46,14,32,0.304,80,0.575,7,0.63,8.1
203932,Aaron Gordon,1610612743,DEN,28,19,9,768.0,39,27,12,0.692,78,0.5,5,0.534,6.6,130,38,92,0.292,187,0.695,11,0.739,5.7,169,65,104,0.385,259,0.653,16,0.695,5.9
1628988,Aaron Holiday,1610612745,HOU,24,15,9,387.0,7,2,5,0.286,20,0.35,0,0.35,18.2,31,8,23,0.258,50,0.62,2,0.646,10.3,38,10,28,0.263,69,0.551,2,0.567,11.8
1630174,Aaron Nesmith,1610612754,IND,41,9,32,1207.0,47,24,23,0.511,104,0.452,5,0.475,13.4,126,26,100,0.206,222,0.568,25,0.64,7.3,173,50,123,0.289,318,0.544,30,0.601,9.0
1630598,Aaron Wiggins,1610612760,OKC,51,39,12,1204.0,38,23,15,0.605,99,0.384,7,0.413,8.4,146,35,111,0.24,275,0.531,30,0.596,7.4,184,58,126,0.315,365,0.504,37,0.561,7.6
1642846,Ace Bailey,1610612762,UTA,60,18,42,1617.0,94,44,50,0.468,173,0.543,3,0.553,9.3,151,48,102,0.318,244,0.619,28,0.699,7.2,245,92,152,0.376,404,0.606,31,0.657,8.0
1641737,Adem Bona,1610612755,PHI,57,31,26,1002.0,107,69,37,0.645,291,0.368,10,0.381,4.9,150,50,100,0.333,327,0.459,42,0.526,4.6,257,119,137,0.463,598,0.43,52,0.471,4.7
1642876,Adou Thiero,1610612747,LAL,12,6,6,79.0,7,3,4,0.429,19,0.368,0,0.368,7.0,13,5,8,0.385,18,0.722,0,0.722,4.7,20,8,12,0.4,35,0.571,0,0.571,5.5
1642349,Ajay Mitchell,1610612760,OKC,45,39,6,1215.0,35,13,22,0.371,83,0.422,3,0.438,11.9,134,31,103,0.231,231,0.58,20,0.635,9.5,169,44,125,0.26,305,0.554,23,0.599,10.0
201143,Al Horford,1610612744,GSW,41,21,20,880.0,42,22,20,0.524,80,0.525,2,0.538,8.9,167,67,100,0.401,248,0.673,16,0.72,4.9,209,89,120,0.426,323,0.647,18,0.685,5.7
1627936,Alex Caruso,1610612760,OKC,43,35,8,817.0,28,10,18,0.357,73,0.384,3,0.4,11.7,103,24,78,0.233,165,0.624,14,0.682,8.0,131,34,96,0.26,229,0.572,17,0.618,8.8
1631457,Alex Morales,1610612753,ORL,1,0,1,12.0,1,1,0,1.0,3,0.333,0,0.333,7.0,2,0,2,0.0,4,0.5,1,0.667,5.8,3,1,2,0.333,7,0.429,1,0.5,6.2
1642259,Alex Sarr,1610612764,WAS,46,11,35,1260.0,102,64,37,0.627,237,0.43,6,0.442,5.9,239,94,144,0.393,472,0.506,60,0.58,4.3,341,158,181,0.463,701,0.486,66,0.537,4.8
1642918,Alijah Martin,1610612761,TOR,6,3,3,73.0,6,2,4,0.333,15,0.4,0,0.4,8.5,8,2,6,0.25,11,0.727,0,0.727,6.9,14,4,10,0.286,26,0.538,0,0.538,7.6
1631214,Alondes Williams,1610612764,WAS,4,2,2,101.0,5,2,3,0.4,5,1.0,0,1.0,11.0,20,7,13,0.35,32,0.625,3,0.69,7.7,25,9,16,0.36,37,0.676,3,0.735,8.4
1630578,Alperen Sengun,1610612745,HOU,59,36,23,1975.0,177,111,66,0.627,403,0.439,20,0.462,6.1,346,106,235,0.306,609,0.568,63,0.634,4.7,523,217,301,0.415,977,0.535,83,0.585,5.2
1642873,Amari Williams,1610612738,BOS,12,7,5,103.0,8,5,3,0.625,23,0.348,2,0.381,4.6,23,9,14,0.391,40,0.575,6,0.676,5.6,31,14,17,0.452,63,0.492,8,0.564,5.3
1641708,Amen Thompson,1610612745,HOU,66,39,27,2453.0,193,107,78,0.554,422,0.457,17,0.477,7.0,320,89,227,0.278,489,0.654,31,0.699,7.5,513,196,305,0.382,880,0.583,48,0.617,7.3
1629599,Amir Coffey,1610612756,PHX,26,12,14,357.0,18,9,9,0.5,41,0.439,2,0.462,9.4,34,8,25,0.235,53,0.642,3,0.68,6.7,52,17,34,0.327,89,0.584,5,0.619,7.7
1643158,Andersson Garcia,1610612762,UTA,5,1,4,169.0,17,14,3,0.824,39,0.436,1,0.447,5.4,25,7,18,0.28,56,0.446,8,0.521,5.1,42,21,21,0.5,91,0.462,9,0.512,5.2
203083,Andre Drummond,1610612755,PHI,50,24,26,1012.0,165,120,45,0.727,303,0.545,8,0.559,4.2,276,92,184,0.333,437,0.632,32,0.681,4.2,441,212,229,0.481,706,0.625,40,0.662,4.2
1641748,Andre Jackson Jr.,1610612749,MIL,21,4,17,170.0,16,10,6,0.625,27,0.593,1,0.615,7.0,22,3,19,0.136,39,0.564,3,0.611,5.8,38,13,25,0.342,63,0.603,4,0.644,6.3
1629614,Andrew Nembhard,1610612754,IND,50,11,39,1571.0,23,9,14,0.391,76,0.303,3,0.315,15.2,123,13,110,0.106,225,0.547,23,0.609,10.5,146,22,124,0.151,295,0.495,26,0.543,11.3
203952,Andrew Wiggins,1610612748,MIA,57,30,27,1765.0,101,63,38,0.624,218,0.463,5,0.474,5.8,190,64,125,0.337,379,0.501,57,0.59,6.4,291,127,163,0.436,586,0.497,62,0.555,6.2
1629014,Anfernee Simons,1610612741,CHI,49,27,22,1235.0,31,8,23,0.258,65,0.477,1,0.484,13.4,104,23,81,0.221,186,0.559,16,0.612,9.2,135,31,104,0.23,248,0.544,17,0.584,10.1
1641710,Anthony Black,1610612753,ORL,59,32,27,1824.0,44,17,26,0.386,126,0.349,7,0.37,11.8,188,33,154,0.176,321,0.586,29,0.644,7.6,232,50,180,0.216,443,0.524,36,0.57,8.4
203076,Anthony Davis,1610612764,WAS,20,10,10,626.0,62,49,13,0.79,119,0.521,6,0.549,3.3,159,57,102,0.358,253,0.628,21,0.685,5.3,221,106,115,0.48,358,0.617,27,0.668,4.7
1630162,Anthony Edwards,1610612750,MIN,57,34,23,2027.0,35,8,26,0.229,76,0.461,1,0.467,15.5,257,58,199,0.226,396,0.649,33,0.708,6.9,292,66,225,0.226,466,0.627,34,0.676,7.9
1630264,Anthony Gill,1610612764,WAS,28,5,23,531.0,39,19,20,0.487,87,0.448,0,0.448,7.2,65,26,39,0.4,118,0.551,11,0.607,5.9,104,45,59,0.433,198,0.525,11,0.556,6.4
1641810,Antonio Reeves,1610612766,CHA,4,2,2,41.0,2,1,1,0.5,4,0.5,0,0.5,9.6,6,2,4,0.333,7,0.857,0,0.857,7.2,8,3,5,0.375,11,0.727,0,0.727,7.8
1630574,Ariel Hukporti,1610612752,NYK,35,23,12,378.0,45,28,17,0.622,116,0.388,4,0.402,5.2,89,30,59,0.337,163,0.546,22,0.631,5.7,134,58,76,0.433,272,0.493,26,0.545,5.5
1642854,Asa Newell,1610612737,ATL,28,12,16,362.0,37,26,11,0.703,84,0.44,3,0.457,6.3,44,16,28,0.364,76,0.579,7,0.638,6.1,81,42,39,0.519,156,0.519,10,0.555,6.2
1641709,Ausar Thompson,1610612765,DET,59,43,16,1533.0,127,85,42,0.669,248,0.512,9,0.531,5.9,224,61,163,0.272,349,0.642,24,0.689,6.9,351,146,205,0.416,579,0.606,33,0.643,6.6
1630559,Austin Reaves,1610612747,LAL,43,30,13,1486.0,29,10,19,0.345,79,0.367,3,0.382,12.8,180,31,149,0.172,295,0.61,21,0.657,8.0,209,41,168,0.196,366,0.571,24,0.611,8.7
1630245,Ayo Dosunmu,1610612750,MIN,58,30,28,1551.0,39,15,24,0.385,99,0.394,2,0.402,13.2,145,29,116,0.2,270,0.537,25,0.592,9.3,184,44,140,0.239,363,0.507,27,0.548,10.2
1628389,Bam Adebayo,1610612748,MIA,61,32,29,1949.0,127,76,51,0.598,283,0.449,11,0.467,7.2,467,123,344,0.263,675,0.692,60,0.759,5.7,594,199,395,0.335,918,0.647,71,0.701,6.0
1631248,Baylor Scheierman,1610612738,BOS,55,39,16,1050.0,46,17,29,0.37,124,0.371,4,0.383,11.9,177,46,131,0.26,270,0.656,24,0.72,7.1,223,63,160,0.283,376,0.593,28,0.641,8.1
1642879,Ben Saraf,1610612751,BKN,24,5,19,457.0,9,4,5,0.444,38,0.237,1,0.243,13.1,39,12,27,0.308,65,0.6,7,0.672,7.7,48,16,32,0.333,100,0.48,8,0.522,8.7
1641767,Ben Sheppard,1610612754,IND,54,13,41,1189.0,39,14,25,0.359,85,0.459,4,0.481,10.8,138,29,109,0.21,217,0.636,27,0.726,8.2,177,43,134,0.243,288,0.615,31,0.689,8.8
1631097,Bennedict Mathurin,1610612746,LAC,44,16,28,1372.0,43,22,21,0.512,121,0.355,4,0.368,8.7,203,38,165,0.187,303,0.67,21,0.72,7.2,246,60,186,0.244,405,0.607,25,0.647,7.5
1643016,Bez Mbeng,1610612762,UTA,4,1,3,122.0,6,1,5,0.167,9,0.667,0,0.667,13.5,8,3,5,0.375,16,0.5,2,0.571,9.1,14,4,10,0.286,25,0.56,2,0.609,11.0
1641731,Bilal Coulibaly,1610612764,WAS,46,13,33,1228.0,40,20,20,0.5,125,0.32,5,0.333,7.3,168,40,125,0.238,267,0.629,25,0.694,6.5,208,60,145,0.288,370,0.562,30,0.612,6.6
202687,Bismack Biyombo,1610612759,SAS,14,13,1,97.0,4,2,2,0.5,25,0.16,3,0.182,5.8,15,4,11,0.267,37,0.405,5,0.469,4.3,19,6,13,0.316,58,0.328,8,0.38,4.7
1642396,Blake Hinson,1610612762,UTA,9,3,6,184.0,8,3,5,0.375,14,0.571,1,0.615,11.9,16,3,12,0.188,26,0.615,3,0.696,8.3,24,6,17,0.25,38,0.632,4,0.706,9.6
1631104,Blake Wesley,1610612757,POR,14,6,8,230.0,7,2,5,0.286,16,0.438,0,0.438,15.6,22,2,20,0.091,34,0.647,5,0.759,6.2,29,4,25,0.138,50,0.58,5,0.644,8.5
1626171,Bobby Portis,1610612749,MIL,65,26,39,1583.0,86,50,35,0.581,199,0.432,3,0.439,6.8,336,84,252,0.25,541,0.621,39,0.669,5.5,422,134,287,0.318,700,0.603,42,0.641,5.7
1641752,Bobi Klintman,1610612765,DET,6,3,3,47.0,5,3,2,0.6,12,0.417,0,0.417,10.4,13,4,9,0.308,18,0.722,3,0.867,5.2,18,7,11,0.389,28,0.643,3,0.72,6.7
203992,Bogdan Bogdanović,1610612746,LAC,18,4,14,399.0,6,1,5,0.167,21,0.286,3,0.333,20.0,49,9,40,0.184,95,0.516,16,0.62,8.7,55,10,45,0.182,115,0.478,19,0.573,9.9
1630538,Bones Hyland,1610612750,MIN,46,30,16,753.0,21,4,17,0.19,40,0.525,1,0.538,14.2,79,23,56,0.291,124,0.637,10,0.693,9.9,100,27,73,0.27,161,0.621,11,0.667,10.8
203078,Bradley Beal,1610612746,LAC,5,2,3,101.0,2,1,1,0.5,4,0.5,0,0.5,12.4,3,0,3,0.0,9,0.333,0,0.333,9.0,5,1,4,0.2,13,0.385,0,0.385,10.4
1642382,Branden Carlson,1610612760,OKC,25,20,5,331.0,24,14,10,0.583,69,0.348,6,0.381,7.0,68,15,53,0.221,114,0.596,11,0.66,4.3,92,29,63,0.315,175,0.526,17,0.582,5.0
1641764,Brandin Podziemski,1610612744,GSW,68,33,35,1911.0,65,31,29,0.477,164,0.396,8,0.417,9.9,296,61,232,0.206,458,0.646,43,0.713,6.5,361,92,261,0.255,615,0.587,51,0.64,7.1
1629634,Brandon Clarke,1610612763,MEM,2,1,1,20.0,4,4,0,1.0,6,0.667,0,0.667,2.0,2,1,1,0.5,6,0.333,1,0.4,4.6,6,5,1,0.833,12,0.5,1,0.545,2.9
1627742,Brandon Ingram,1610612761,TOR,62,36,26,2147.0,52,27,24,0.519,139,0.374,5,0.388,9.2,315,94,221,0.298,477,0.66,23,0.694,6.3,367,121,245,0.33,597,0.615,28,0.645,6.7
1641706,Brandon Miller,1610612766,CHA,51,32,19,1557.0,56,17,39,0.304,119,0.471,6,0.496,13.1,210,49,161,0.233,359,0.585,42,0.662,6.8,266,66,200,0.248,471,0.565,48,0.629,8.1
1630314,Brandon Williams,1610612742,DAL,53,20,33,1237.0,28,9,19,0.321,91,0.308,4,0.322,12.9,148,34,114,0.23,260,0.569,22,0.622,8.3,176,43,133,0.244,345,0.51,26,0.552,9.1
1641729,Brice Sensabaugh,1610612762,UTA,60,17,43,1412.0,54,22,32,0.407,126,0.429,5,0.446,12.7,144,31,113,0.215,249,0.578,18,0.623,7.2,198,53,145,0.268,363,0.545,23,0.582,8.7
1642355,Bronny James,1610612747,LAL,9,3,6,124.0,4,3,1,0.75,7,0.571,1,0.667,10.4,11,2,9,0.182,26,0.423,1,0.44,8.8,15,5,10,0.333,33,0.455,2,0.484,9.2
201572,Brook Lopez,1610612746,LAC,56,33,23,1206.0,31,25,6,0.806,79,0.392,2,0.403,4.1,163,72,91,0.442,309,0.528,45,0.617,6.3,194,97,97,0.5,381,0.509,47,0.581,6.0
1642964,Brooks Barnhizer,1610612760,OKC,27,22,5,252.0,13,8,4,0.615,35,0.371,1,0.382,7.4,47,4,43,0.085,68,0.691,3,0.723,5.8,60,12,47,0.2,98,0.612,4,0.638,6.2
1628971,Bruce Brown,1610612743,DEN,68,41,27,1688.0,76,26,50,0.342,184,0.413,9,0.434,9.1,192,28,163,0.146,314,0.611,29,0.674,7.3,268,54,213,0.201,485,0.553,38,0.6,7.8
1631121,Bryce McGowens,1610612740,NOP,35,13,22,812.0,12,7,5,0.583,46,0.261,1,0.267,12.7,76,16,60,0.211,142,0.535,12,0.585,7.6,88,23,65,0.261,185,0.476,13,0.512,8.3
1642267,Bub Carrington,1610612764,WAS,65,14,51,1827.0,31,11,20,0.355,66,0.47,3,0.492,12.7,220,41,177,0.186,342,0.643,31,0.707,8.0,251,52,197,0.207,402,0.624,34,0.682,8.6
1627741,Buddy Hield,1610612737,ATL,39,21,18,700.0,26,12,14,0.462,83,0.313,3,0.325,11.1,82,16,66,0.195,144,0.569,12,0.621,6.9,108,28,80,0.259,217,0.498,15,0.535,7.9
203468,CJ McCollum,1610612737,ATL,59,25,34,1762.0,50,13,37,0.26,112,0.446,0,0.446,13.1,168,29,139,0.173,265,0.634,18,0.68,9.5,218,42,176,0.193,372,0.586,18,0.616,10.3
1630595,Cade Cunningham,1610612765,DET,60,44,16,2056.0,53,25,28,0.472,136,0.39,1,0.393,9.7,283,66,217,0.233,431,0.657,29,0.704,8.0,336,91,245,0.271,556,0.604,30,0.639,8.3
1631216,Caleb Houstan,1610612737,ATL,5,4,1,38.0,4,3,1,0.75,7,0.571,0,0.571,11.1,2,1,1,0.5,3,0.667,0,0.667,12.8,6,4,2,0.667,10,0.6,0,0.6,11.7
1631126,Caleb Love,1610612757,POR,36,17,19,866.0,25,6,19,0.24,59,0.424,1,0.431,16.8,89,16,72,0.18,128,0.695,5,0.724,8.8,114,22,91,0.193,183,0.623,6,0.644,10.6
1628997,Caleb Martin,1610612742,DAL,50,17,33,791.0,28,7,21,0.25,59,0.475,3,0.5,8.1,115,22,93,0.191,194,0.593,25,0.68,7.9,143,29,114,0.203,249,0.574,28,0.647,7.9
1642353,Cam Christie,1610612746,LAC,30,13,17,353.0,17,6,11,0.353,36,0.472,1,0.486,9.6,52,8,44,0.154,93,0.559,9,0.619,7.7,69,14,55,0.203,127,0.543,10,0.59,8.2
1642285,Cam Spencer,1610612763,MEM,59,20,39,1422.0,35,10,25,0.286,76,0.461,4,0.486,9.7,134,18,116,0.134,211,0.635,18,0.694,9.1,169,28,141,0.166,285,0.593,22,0.643,9.3
1630560,Cam Thomas,1610612749,MIL,35,9,26,793.0,11,1,10,0.091,38,0.289,1,0.297,14.1,59,11,48,0.186,128,0.461,16,0.527,8.4,70,12,58,0.171,163,0.429,17,0.479,9.3
1641715,Cam Whitmore,1610612764,WAS,16,2,14,300.0,19,8,11,0.421,49,0.388,0,0.388,6.4,39,8,31,0.205,56,0.696,3,0.736,6.7,58,16,42,0.276,99,0.586,3,0.604,6.6
1629661,Cameron Johnson,1610612743,DEN,44,27,17,1340.0,33,12,21,0.364,77,0.429,1,0.434,10.4,132,33,96,0.25,224,0.589,29,0.677,8.6,165,45,117,0.273,294,0.561,30,0.625,9.0
1626166,Cameron Payne,1610612755,PHI,11,6,5,216.0,3,1,2,0.333,9,0.333,2,0.429,10.2,23,4,19,0.174,41,0.561,5,0.639,8.2,26,5,21,0.192,50,0.52,7,0.605,8.4
1627747,Caris LeVert,1610612765,DET,44,31,13,864.0,17,8,9,0.471,50,0.34,3,0.362,10.7,71,16,55,0.225,139,0.511,15,0.573,8.5,88,24,64,0.273,184,0.478,18,0.53,8.9
1642868,Carter Bryant,1610612759,SAS,49,38,11,529.0,27,13,14,0.481,51,0.529,2,0.551,7.5,104,24,80,0.231,161,0.646,12,0.698,6.4,131,37,94,0.282,203,0.645,14,0.693,6.6
1641717,Cason Wallace,1610612760,OKC,63,49,14,1727.0,56,25,31,0.446,136,0.412,6,0.431,10.7,155,31,124,0.2,279,0.556,29,0.62,9.2,211,56,155,0.265,410,0.515,35,0.563,9.6
1642907,Cedric Coward,1610612763,MEM,53,19,34,1379.0,76,43,31,0.566,190,0.4,7,0.415,6.1,258,60,197,0.233,431,0.599,51,0.679,5.7,334,103,228,0.308,600,0.557,58,0.616,5.7
1643052,Chaney Johnson,1610612751,BKN,6,1,5,123.0,15,11,4,0.733,38,0.395,1,0.405,7.0,16,3,13,0.188,25,0.64,1,0.667,4.7,31,14,17,0.452,61,0.508,2,0.525,5.8
1629646,Charles Bassey,1610612738,BOS,3,1,2,33.0,7,3,4,0.429,11,0.636,0,0.636,5.6,9,2,7,0.222,19,0.474,3,0.563,4.9,16,5,11,0.313,30,0.533,3,0.593,5.2
1642404,Chaz Lanier,1610612765,DET,10,9,1,131.0,7,3,4,0.429,13,0.538,0,0.538,16.9,12,0,12,0.0,28,0.429,6,0.545,14.0,19,3,16,0.158,38,0.5,6,0.594,15.1
1631096,Chet Holmgren,1610612760,OKC,60,48,12,1759.0,114,76,39,0.667,285,0.4,9,0.413,5.6,424,138,282,0.325,705,0.601,84,0.683,4.6,538,214,321,0.398,961,0.56,93,0.62,4.9
1628449,Chris Boucher,1610612738,BOS,6,2,4,75.0,2,1,1,0.5,12,0.167,0,0.167,7.2,16,6,10,0.375,28,0.571,1,0.593,5.0,18,7,11,0.389,38,0.474,1,0.486,5.2
1641753,Chris Livingston,1610612739,CLE,1,0,1,14.0,0,0,0,0.0,0,0.0,0,0.0,0.0,3,1,2,0.333,5,0.6,2,1.0,7.8,3,1,2,0.333,5,0.6,2,1.0,7.8
1643024,Chris Mañon,1610612747,LAL,5,2,3,24.0,1,1,0,1.0,4,0.25,0,0.25,11.6,5,2,3,0.4,10,0.5,1,0.556,7.2,6,3,3,0.5,13,0.462,1,0.5,7.9
101108,Chris Paul,1610612746,LAC,15,4,11,213.0,6,1,5,0.167,9,0.667,1,0.75,11.0,22,5,17,0.227,36,0.611,1,0.629,8.5,28,6,22,0.214,44,0.636,2,0.667,9.1
1642959,Chris Youngblood,1610612757,POR,17,15,2,122.0,7,1,6,0.143,11,0.636,1,0.7,14.1,20,5,15,0.25,31,0.645,3,0.714,8.9,27,6,21,0.222,42,0.643,4,0.711,10.2
1631128,Christian Braun,1610612743,DEN,33,19,14,1063.0,51,22,28,0.431,109,0.468,7,0.5,10.0,117,14,103,0.12,180,0.65,16,0.713,7.9,168,36,131,0.214,279,0.602,23,0.656,8.5
1631132,Christian Koloko,1610612737,ATL,21,11,10,308.0,28,20,8,0.714,72,0.389,2,0.4,4.9,43,12,31,0.279,88,0.489,11,0.558,4.8,71,32,39,0.451,158,0.449,13,0.49,4.9
1642935,Chucky Hepburn,1610612761,TOR,1,0,1,5.0,0,0,0,0.0,0,0.0,0,0.0,0.0,1,0,1,0.0,2,0.5,0,0.5,13.9,1,0,1,0.0,2,0.5,0,0.5,13.9
203991,Clint Capela,1610612745,HOU,58,37,21,750.0,132,95,37,0.72,233,0.567,6,0.581,4.7,149,65,84,0.436,261,0.571,28,0.639,5.3,281,160,121,0.569,483,0.582,34,0.626,5.0
1629632,Coby White,1610612766,CHA,37,20,17,1005.0,10,4,6,0.4,41,0.244,2,0.256,17.9,124,18,106,0.145,217,0.571,15,0.614,8.5,134,22,112,0.164,252,0.532,17,0.57,9.2
1628998,Cody Martin,1610612754,IND,4,0,4,55.0,1,1,0,1.0,8,0.125,1,0.143,4.3,13,4,9,0.308,25,0.52,2,0.565,6.5,14,5,9,0.357,33,0.424,3,0.467,6.4
1642262,Cody Williams,1610612762,UTA,48,13,35,1143.0,52,22,29,0.423,111,0.468,6,0.495,10.4,107,22,85,0.206,187,0.572,14,0.618,8.9,159,44,114,0.277,290,0.548,20,0.589,9.4
1641732,Colby Jones,1610612765,DET,1,0,1,7.0,0,0,0,0.0,0,0.0,0,0.0,0.0,4,2,2,0.5,4,1.0,0,1.0,7.6,4,2,2,0.5,4,1.0,0,1.0,7.6
1630175,Cole Anthony,1610612749,MIL,30,10,20,508.0,16,6,10,0.375,38,0.421,1,0.432,15.0,71,10,61,0.141,116,0.612,9,0.664,8.3,87,16,71,0.184,153,0.569,10,0.608,9.6
1630658,Colin Castleton,1610612753,ORL,1,0,1,10.0,0,0,0,0.0,2,0.0,0,0.0,0.0,4,1,3,0.25,6,0.667,0,0.667,3.9,4,1,3,0.25,7,0.571,0,0.571,3.9
1631221,Collin Gillespie,1610612756,PHX,67,38,29,1944.0,73,28,45,0.384,169,0.432,2,0.437,11.2,212,39,171,0.184,380,0.558,41,0.625,8.5,285,67,216,0.235,546,0.522,43,0.567,9.2
1642867,Collin Murray-Boyles,1610612761,TOR,46,24,22,1038.0,114,69,45,0.605,259,0.44,11,0.46,6.2,119,36,83,0.303,264,0.451,50,0.556,5.2,233,105,128,0.451,512,0.455,61,0.517,5.7
1629012,Collin Sexton,1610612741,CHI,44,17,27,1011.0,25,11,14,0.44,87,0.287,4,0.301,10.0,87,14,72,0.161,160,0.544,10,0.58,11.5,112,25,86,0.223,240,0.467,14,0.496,11.2
1642843,Cooper Flagg,1610612742,DAL,58,19,39,1946.0,68,31,35,0.456,199,0.342,6,0.352,8.8,315,77,238,0.244,543,0.58,57,0.648,5.4,383,108,273,0.282,700,0.547,63,0.601,6.0
1630557,Corey Kispert,1610612737,ATL,41,17,24,829.0,22,5,17,0.227,50,0.44,3,0.468,11.4,94,17,77,0.181,156,0.603,13,0.657,6.8,116,22,94,0.19,198,0.586,16,0.637,7.6
1641854,Craig Porter Jr.,1610612739,CLE,52,36,16,980.0,76,36,40,0.474,141,0.539,5,0.559,10.7,117,26,91,0.222,197,0.594,20,0.661,8.3,193,62,131,0.321,329,0.587,25,0.635,9.2
1642938,Curtis Jones,1610612743,DEN,5,4,1,27.0,1,0,1,0.0,1,1.0,0,1.0,6.8,4,0,4,0.0,5,0.8,0,0.8,7.5,5,0,5,0.0,6,0.833,0,0.833,7.3
1626156,D'Angelo Russell,1610612764,WAS,22,8,14,429.0,8,1,7,0.125,18,0.444,0,0.444,13.6,53,7,46,0.132,84,0.631,5,0.671,6.8,61,8,53,0.131,98,0.622,5,0.656,7.7
1641747,DaRon Holmes II,1610612743,DEN,13,7,6,182.0,6,4,2,0.667,19,0.316,1,0.333,12.5,23,6,17,0.261,49,0.469,7,0.548,6.1,29,10,19,0.345,65,0.446,8,0.509,7.4
1631342,Daeqwon Plowden,1610612758,SAC,20,6,14,499.0,23,8,15,0.348,45,0.511,1,0.523,10.8,44,13,31,0.295,86,0.512,6,0.55,6.8,67,21,46,0.313,130,0.515,7,0.545,8.1
1630625,Dalano Banton,1610612738,BOS,1,0,1,5.0,1,0,1,0.0,1,1.0,0,1.0,2.1,0,0,0,0.0,0,0.0,0,0.0,0.0,1,0,1,0.0,1,1.0,0,1.0,2.1
1631207,Dalen Terry,1610612755,PHI,28,12,16,426.0,22,12,10,0.545,50,0.44,2,0.458,7.9,57,15,42,0.263,105,0.543,5,0.57,5.5,79,27,52,0.342,153,0.516,7,0.541,6.2
1642261,Dalton Knecht,1610612747,LAL,32,18,14,424.0,13,4,9,0.308,34,0.382,0,0.382,8.1,55,14,41,0.255,85,0.647,7,0.705,6.1,68,18,50,0.265,114,0.596,7,0.636,6.5
1629655,Daniel Gafford,1610612742,DAL,49,11,38,1062.0,118,85,32,0.72,320,0.369,13,0.384,3.8,218,67,150,0.307,410,0.532,56,0.616,4.3,336,152,182,0.452,713,0.471,69,0.522,4.1
1642450,Daniss Jenkins,1610612765,DET,46,36,10,900.0,33,10,23,0.303,69,0.478,3,0.5,12.1,78,11,67,0.141,146,0.534,5,0.553,11.5,111,21,90,0.189,213,0.521,8,0.541,11.7
1642874,Danny Wolf,1610612751,BKN,54,14,40,1148.0,57,25,32,0.439,121,0.471,2,0.479,9.0,214,70,144,0.327,340,0.629,34,0.699,4.9,271,95,176,0.351,451,0.601,36,0.653,5.7
203967,Dario Saric,1610612758,SAC,3,1,2,33.0,1,1,0,1.0,4,0.25,0,0.25,2.7,5,3,2,0.6,8,0.625,1,0.714,4.7,6,4,2,0.667,12,0.5,1,0.545,4.4
1642468,Darius Brown,1610612739,CLE,1,1,0,3.0,0,0,0,0.0,1,0.0,0,0.0,0.0,1,0,1,0.0,1,1.0,0,1.0,12.3,1,0,1,0.0,2,0.5,0,0.5,12.3
1629636,Darius Garland,1610612746,LAC,32,17,15,957.0,15,6,9,0.4,45,0.333,0,0.333,11.6,66,14,52,0.212,125,0.528,14,0.595,10.6,81,20,61,0.247,167,0.485,14,0.529,10.8
1642357,David Jones Garcia,1610612759,SAS,7,5,2,53.0,4,3,1,0.75,7,0.571,1,0.667,13.1,9,4,5,0.444,13,0.692,1,0.75,6.4,13,7,6,0.538,20,0.65,2,0.722,8.5
1631223,David Roddy,1610612743,DEN,1,1,0,6.0,1,1,0,1.0,1,1.0,0,1.0,3.7,3,1,2,0.333,4,0.75,0,0.75,4.4,4,2,2,0.5,5,0.8,0,0.8,4.2
1630558,Davion Mitchell,1610612748,MIA,56,31,25,1582.0,26,8,18,0.308,66,0.394,3,0.413,19.1,132,27,103,0.205,258,0.512,28,0.574,9.4,158,35,121,0.222,322,0.491,31,0.543,11.0
1630549,Day'Ron Sharpe,1610612751,BKN,62,17,45,1160.0,171,122,49,0.713,393,0.435,10,0.446,4.3,242,85,157,0.351,383,0.632,44,0.714,4.1,413,207,206,0.501,750,0.551,54,0.593,4.2
1628368,De'Aaron Fox,1610612759,SAS,60,45,15,1884.0,36,9,26,0.25,88,0.409,1,0.414,15.4,196,21,173,0.107,314,0.624,23,0.674,9.0,232,30,199,0.129,396,0.586,24,0.624,10.0
1629631,De'Andre Hunter,1610612758,SAC,43,23,20,1139.0,30,12,18,0.4,89,0.337,4,0.353,11.6,155,43,111,0.277,268,0.578,28,0.646,5.8,185,55,129,0.297,345,0.536,32,0.591,6.7
1629001,De'Anthony Melton,1610612744,GSW,34,17,17,793.0,28,16,10,0.571,85,0.329,0,0.329,6.6,87,18,66,0.207,155,0.561,15,0.621,7.6,115,34,76,0.296,231,0.498,15,0.532,7.3
201599,DeAndre Jordan,1610612740,NOP,10,6,4,163.0,21,13,8,0.619,36,0.583,0,0.583,5.0,43,20,23,0.465,72,0.597,8,0.672,4.7,64,33,31,0.516,106,0.604,8,0.653,4.8
1630610,DeJon Jarreau,1610612763,MEM,3,1,2,57.0,5,2,3,0.4,10,0.5,0,0.5,10.3,11,2,9,0.182,20,0.55,2,0.611,6.0,16,4,12,0.25,28,0.571,2,0.615,7.3
201942,DeMar DeRozan,1610612758,SAC,65,15,50,2082.0,30,11,18,0.367,101,0.297,4,0.309,14.2,176,48,129,0.273,298,0.591,27,0.649,8.7,206,59,147,0.286,392,0.526,31,0.571,9.5
1629731,Dean Wade,1610612739,CLE,53,31,22,1217.0,49,24,25,0.49,140,0.35,9,0.374,8.6,185,42,143,0.227,339,0.546,43,0.625,6.4,234,66,168,0.282,470,0.498,52,0.56,6.8
1629028,Deandre Ayton,1610612747,LAL,60,38,22,1665.0,155,109,45,0.703,336,0.461,4,0.467,5.3,347,104,242,0.3,560,0.62,57,0.69,4.7,502,213,287,0.424,857,0.586,61,0.631,4.9
1627749,Dejounte Murray,1610612740,NOP,9,5,4,246.0,2,1,1,0.5,19,0.105,1,0.111,3.1,46,4,42,0.087,73,0.63,8,0.708,6.3,48,5,43,0.104,90,0.533,9,0.593,6.2
1630166,Deni Avdija,1610612757,POR,53,26,27,1802.0,60,28,33,0.467,195,0.308,8,0.321,10.9,316,62,254,0.196,533,0.593,55,0.661,5.5,376,90,287,0.239,694,0.542,63,0.596,6.4
203471,Dennis Schröder,1610612739,CLE,56,20,36,1421.0,25,2,23,0.08,67,0.373,2,0.385,21.1,138,27,110,0.196,243,0.568,23,0.627,8.9,163,29,133,0.178,308,0.529,25,0.576,10.8
1641726,Dereck Lively II,1610612742,DAL,7,3,4,115.0,14,11,3,0.786,33,0.424,0,0.424,4.2,23,5,18,0.217,46,0.5,8,0.605,3.9,37,16,21,0.432,77,0.481,8,0.536,4.0
1642852,Derik Queen,1610612740,NOP,70,25,45,1731.0,113,83,30,0.735,261,0.433,10,0.45,5.9,368,122,246,0.332,635,0.58,70,0.651,4.6,481,205,276,0.426,873,0.551,80,0.607,4.9
1627884,Derrick Jones Jr.,1610612746,LAC,37,18,19,1012.0,41,24,16,0.585,76,0.539,3,0.562,5.9,76,23,53,0.303,148,0.514,15,0.571,7.8,117,47,69,0.402,224,0.522,18,0.568,7.2
1628401,Derrick White,1610612738,BOS,66,44,22,2260.0,73,32,41,0.438,150,0.487,2,0.493,12.3,223,35,189,0.157,420,0.531,41,0.588,7.9,296,67,230,0.226,559,0.53,43,0.574,9.0
1630217,Desmond Bane,1610612753,ORL,67,36,31,2304.0,85,41,44,0.482,209,0.407,7,0.421,8.6,202,43,158,0.213,367,0.55,42,0.622,8.2,287,84,202,0.293,564,0.509,49,0.557,8.3
1626164,Devin Booker,1610612756,PHX,51,31,20,1716.0,41,22,19,0.537,128,0.32,6,0.336,10.9,172,38,131,0.221,308,0.558,33,0.625,8.4,213,60,150,0.282,433,0.492,39,0.541,8.9
1642269,Devin Carter,1610612758,SAC,23,4,19,369.0,22,9,13,0.409,43,0.512,2,0.537,7.9,48,8,40,0.167,77,0.623,5,0.667,7.4,70,17,53,0.243,119,0.588,7,0.625,7.6
1630170,Devin Vassell,1610612759,SAS,55,42,13,1694.0,28,9,19,0.321,58,0.483,4,0.519,15.4,183,35,148,0.191,306,0.598,18,0.635,7.6,211,44,167,0.209,357,0.591,22,0.63,8.6
1628415,Dillon Brooks,1610612756,PHX,49,29,20,1506.0,39,13,26,0.333,112,0.348,6,0.368,10.6,144,24,119,0.167,267,0.539,26,0.598,7.7,183,37,145,0.202,371,0.493,32,0.54,8.3
1641794,Dillon Jones,1610612752,NYK,3,2,1,19.0,2,0,2,0.0,2,1.0,0,1.0,26.0,4,0,4,0.0,8,0.5,0,0.5,5.2,6,0,6,0.0,10,0.6,0,0.6,12.1
1627734,Domantas Sabonis,1610612758,SAC,19,3,16,564.0,64,50,14,0.781,168,0.381,4,0.39,4.3,152,44,108,0.289,246,0.618,24,0.685,3.7,216,94,122,0.435,396,0.545,28,0.587,3.9
1631230,Dominick Barlow,1610612755,PHI,57,32,25,1402.0,112,64,48,0.571,210,0.533,5,0.546,6.2,163,51,112,0.313,303,0.538,26,0.588,5.9,275,115,160,0.418,506,0.543,31,0.579,6.0
1642270,Donovan Clingan,1610612757,POR,65,33,32,1774.0,298,219,79,0.735,581,0.513,17,0.528,4.4,458,171,286,0.373,794,0.577,77,0.639,3.9,756,390,365,0.516,1344,0.563,94,0.605,4.1
1628378,Donovan Mitchell,1610612739,CLE,60,37,23,2011.0,44,16,27,0.364,102,0.431,6,0.458,13.6,229,36,193,0.157,378,0.606,31,0.66,8.7,273,52,220,0.19,476,0.574,37,0.622,9.5
1628978,Donte DiVincenzo,1610612750,MIN,68,42,26,2100.0,64,29,35,0.453,128,0.5,8,0.533,11.9,239,46,192,0.192,392,0.61,38,0.675,8.7,303,75,227,0.248,514,0.589,46,0.647,9.4
1627827,Dorian Finney-Smith,1610612745,HOU,30,18,12,533.0,30,14,16,0.467,65,0.462,1,0.469,8.6,55,17,38,0.309,99,0.556,11,0.625,6.2,85,31,54,0.365,158,0.538,12,0.582,7.1
203926,Doug McDermott,1610612758,SAC,10,2,8,150.0,2,0,2,0.0,7,0.286,1,0.333,11.8,15,4,11,0.267,25,0.6,1,0.625,8.7,17,4,13,0.235,31,0.548,2,0.586,9.1
1642962,Drake Powell,1610612751,BKN,44,11,33,894.0,16,3,13,0.188,35,0.457,1,0.471,16.6,69,14,55,0.203,127,0.543,18,0.633,9.0,85,17,68,0.2,159,0.535,19,0.607,10.5
203110,Draymond Green,1610612744,GSW,56,27,29,1524.0,46,24,23,0.522,115,0.4,2,0.407,7.9,266,90,174,0.338,463,0.575,44,0.635,4.5,312,114,197,0.365,553,0.564,46,0.615,5.0
1629234,Drew Eubanks,1610612758,SAC,40,10,30,546.0,39,19,20,0.487,89,0.438,2,0.448,5.3,88,34,53,0.386,175,0.503,26,0.591,4.2,127,53,73,0.417,257,0.494,28,0.555,4.5
1641809,Drew Peterson,1610612766,CHA,5,1,4,58.0,3,1,2,0.333,7,0.429,0,0.429,11.7,6,1,5,0.167,12,0.5,1,0.545,5.3,9,2,7,0.222,17,0.529,1,0.563,7.4
1631166,Drew Timme,1610612747,LAL,14,9,5,170.0,9,7,2,0.778,16,0.563,0,0.563,9.6,18,3,15,0.167,37,0.486,6,0.581,7.6,27,10,17,0.37,53,0.509,6,0.574,8.3
1630696,Dru Smith,1610612748,MIA,56,30,26,991.0,61,30,31,0.492,131,0.466,11,0.508,10.6,111,24,86,0.216,204,0.544,20,0.603,9.8,172,54,117,0.314,331,0.52,31,0.573,10.1
1629130,Duncan Robinson,1610612765,DET,62,48,14,1716.0,26,7,18,0.269,48,0.542,0,0.542,12.0,153,30,123,0.196,253,0.605,17,0.648,9.3,179,37,141,0.207,298,0.601,17,0.637,9.7
1641871,Duop Reath,1610612757,POR,18,9,9,188.0,10,5,5,0.5,27,0.37,1,0.385,9.7,28,9,19,0.321,59,0.475,10,0.571,5.8,38,14,24,0.368,82,0.463,11,0.535,6.8
203939,Dwight Powell,1610612742,DAL,44,15,29,679.0,75,36,38,0.48,172,0.436,2,0.441,6.2,121,33,88,0.273,204,0.593,10,0.624,5.7,196,69,126,0.352,372,0.527,12,0.544,5.9
1642928,Dylan Cardwell,1610612758,SAC,32,9,23,662.0,98,66,32,0.673,200,0.49,8,0.51,5.5,146,50,96,0.342,239,0.611,19,0.664,4.8,244,116,128,0.475,425,0.574,27,0.613,5.1
1642844,Dylan Harper,1610612759,SAS,54,41,13,1209.0,38,23,15,0.605,90,0.422,5,0.447,8.0,151,39,112,0.258,239,0.632,11,0.662,8.0,189,62,127,0.328,321,0.589,16,0.62,8.0
1630700,Dyson Daniels,1610612737,ATL,65,37,28,2164.0,152,82,70,0.539,319,0.476,11,0.494,7.1,283,64,218,0.226,456,0.621,39,0.679,6.7,435,146,288,0.336,754,0.577,50,0.618,6.9
1630604,E.J. Liddell,1610612751,BKN,12,1,11,108.0,5,3,2,0.6,17,0.294,0,0.294,6.1,24,10,14,0.417,33,0.727,1,0.75,4.6,29,13,16,0.448,47,0.617,1,0.63,4.8
1642856,Egor Dëmin,1610612751,BKN,46,12,34,1184.0,21,4,17,0.19,53,0.396,2,0.412,16.6,144,31,113,0.215,230,0.626,18,0.679,7.6,165,35,130,0.212,274,0.602,20,0.65,8.7
1641989,Elijah Harkless,1610612762,UTA,15,4,11,302.0,6,1,5,0.167,12,0.5,1,0.545,8.2,29,8,21,0.276,57,0.509,5,0.558,7.1,35,9,26,0.257,66,0.53,6,0.583,7.3
1641801,Emanuel Miller,1610612759,SAS,3,0,3,19.0,1,1,0,1.0,2,0.5,0,0.5,2.3,2,1,1,0.5,4,0.5,1,0.667,3.0,3,2,1,0.667,6,0.5,1,0.6,2.8
1642402,Enrique Freeman,1610612750,MIN,2,1,1,8.0,0,0,0,0.0,0,0.0,0,0.0,0.0,3,1,2,0.333,4,0.75,1,1.0,4.8,3,1,2,0.333,4,0.75,1,1.0,4.8
201569,Eric Gordon,1610612755,PHI,1,0,1,22.0,1,0,1,0.0,1,1.0,0,1.0,6.3,1,0,1,0.0,1,1.0,0,1.0,11.1,2,0,2,0.0,2,1.0,0,1.0,8.7
1630679,Ethan Thompson,1610612754,IND,15,4,11,346.0,12,4,8,0.333,22,0.545,2,0.6,9.4,32,5,27,0.156,62,0.516,8,0.593,6.6,44,9,35,0.205,83,0.53,10,0.603,7.4
1630596,Evan Mobley,1610612739,CLE,55,33,22,1785.0,133,79,52,0.594,288,0.462,6,0.472,6.7,359,142,216,0.396,630,0.57,85,0.659,4.9,492,221,268,0.449,886,0.555,91,0.619,5.4
1630532,Franz Wagner,1610612753,ORL,27,16,11,870.0,41,19,22,0.463,81,0.506,1,0.513,11.8,120,20,100,0.167,182,0.659,14,0.714,7.6,161,39,122,0.242,249,0.647,15,0.688,8.7
1641713,GG Jackson,1610612763,MEM,41,13,28,919.0,40,22,18,0.55,98,0.408,5,0.43,7.4,156,32,124,0.205,253,0.617,25,0.684,5.0,196,54,142,0.276,332,0.59,30,0.649,5.5
1629216,Gabe Vincent,1610612737,ATL,25,16,9,450.0,12,0,12,0.0,20,0.6,2,0.667,17.4,25,6,19,0.24,55,0.455,5,0.5,11.6,37,6,31,0.162,74,0.5,7,0.552,13.5
202066,Garrett Temple,1610612761,TOR,6,4,2,24.0,1,1,0,1.0,2,0.5,0,0.5,3.5,5,2,3,0.4,8,0.625,0,0.625,7.9,6,3,3,0.5,10,0.6,0,0.6,7.2
1629726,Garrison Mathews,1610612754,IND,11,3,8,167.0,2,0,2,0.0,6,0.333,1,0.4,29.0,15,2,13,0.133,35,0.429,4,0.484,8.2,17,2,15,0.118,38,0.447,5,0.515,10.6
203914,Gary Harris,1610612749,MIL,29,11,18,452.0,13,6,7,0.462,28,0.464,1,0.481,10.4,43,7,36,0.163,72,0.597,6,0.652,9.4,56,13,43,0.232,95,0.589,7,0.636,9.6
1627780,Gary Payton II,1610612744,GSW,53,25,28,836.0,85,41,44,0.482,143,0.594,2,0.603,6.0,131,24,107,0.183,222,0.59,14,0.63,5.1,216,65,151,0.301,359,0.602,16,0.63,5.5
1629018,Gary Trent Jr.,1610612749,MIL,35,18,17,807.0,7,0,7,0.0,18,0.389,0,0.389,20.0,52,9,43,0.173,76,0.684,1,0.693,9.2,59,9,50,0.153,93,0.634,1,0.641,10.5
203507,Giannis Antetokounmpo,1610612749,MIL,36,17,19,1039.0,98,68,29,0.694,194,0.505,4,0.516,5.2,254,51,203,0.201,351,0.724,25,0.779,5.1,352,119,232,0.338,511,0.689,29,0.73,5.1
1629048,Goga Bitadze,1610612753,ORL,51,27,24,761.0,101,68,31,0.673,217,0.465,5,0.476,4.2,141,56,85,0.397,253,0.557,29,0.629,4.1,242,124,116,0.512,456,0.531,34,0.573,4.1
1641711,Gradey Dick,1610612761,TOR,55,32,23,870.0,38,16,22,0.421,82,0.463,3,0.481,10.2,95,23,71,0.242,161,0.59,15,0.651,8.6,133,39,93,0.293,240,0.554,18,0.599,9.0
1641761,Grant Nelson,1610612751,BKN,2,0,2,30.0,1,1,0,1.0,9,0.111,1,0.125,2.3,5,3,2,0.6,9,0.556,1,0.625,4.6,6,4,2,0.667,17,0.353,2,0.4,4.2
1629684,Grant Williams,1610612766,CHA,25,18,7,490.0,31,21,10,0.677,62,0.5,3,0.525,7.4,70,28,42,0.4,143,0.49,23,0.583,5.6,101,49,52,0.485,201,0.502,26,0.577,6.2
1628960,Grayson Allen,1610612756,PHX,41,21,20,1234.0,30,5,25,0.167,83,0.361,6,0.39,16.5,100,21,78,0.21,212,0.472,25,0.535,9.1,130,26,103,0.2,289,0.45,31,0.504,10.8
1627824,Guerschon Yabusele,1610612741,CHI,52,26,26,756.0,47,24,23,0.511,126,0.373,8,0.398,8.2,144,37,102,0.257,247,0.583,35,0.679,5.9,191,61,125,0.319,361,0.529,43,0.601,6.5
1630611,Gui Santos,1610612744,GSW,51,21,30,1057.0,63,34,28,0.54,153,0.412,6,0.429,7.8,155,36,116,0.232,275,0.564,26,0.622,5.7,218,70,144,0.321,415,0.525,32,0.569,6.3
203084,Harrison Barnes,1610612759,SAS,59,43,16,1588.0,56,19,38,0.339,117,0.479,2,0.487,13.3,133,45,89,0.338,229,0.581,16,0.624,7.5,189,64,127,0.339,338,0.559,18,0.591,9.2
1631127,Harrison Ingram,1610612759,SAS,2,1,1,9.0,3,1,2,0.333,3,1.0,0,1.0,7.3,0,0,0,0.0,0,0.0,0,0.0,0.0,3,1,2,0.333,3,1.0,0,1.0,7.3
1629312,Haywood Highsmith,1610612756,PHX,5,2,3,80.0,6,3,3,0.5,15,0.4,0,0.4,11.5,7,0,7,0.0,14,0.5,2,0.583,10.2,13,3,10,0.231,27,0.481,2,0.52,10.8
1630529,Herbert Jones,1610612740,NOP,47,21,26,1363.0,44,19,25,0.432,79,0.557,0,0.557,10.3,128,34,94,0.266,249,0.514,21,0.561,8.7,172,53,119,0.308,324,0.531,21,0.568,9.1
1642864,Hugo González,1610612738,BOS,57,38,19,928.0,58,27,31,0.466,147,0.395,4,0.406,7.9,163,29,134,0.178,277,0.588,25,0.647,5.7,221,56,165,0.253,410,0.539,29,0.58,6.3
1642282,Hunter Sallis,1610612755,PHI,1,1,0,4.0,0,0,0,0.0,0,0.0,0,0.0,0.0,1,0,1,0.0,2,0.5,0,0.5,10.7,1,0,1,0.0,2,0.5,0,0.5,10.7
1641816,Hunter Tyson,1610612743,DEN,18,12,6,150.0,4,2,2,0.5,21,0.19,0,0.19,8.1,32,10,22,0.313,47,0.681,5,0.762,5.1,36,12,24,0.333,63,0.571,5,0.621,5.4
1630193,Immanuel Quickley,1610612761,TOR,64,38,26,2084.0,35,4,31,0.114,101,0.347,3,0.357,12.9,228,28,200,0.123,390,0.585,35,0.642,8.7,263,32,231,0.122,479,0.549,38,0.596,9.3
1642403,Isaac Jones,1610612765,DET,2,2,0,19.0,2,1,1,0.5,5,0.4,0,0.4,6.1,2,0,2,0.0,3,0.667,1,1.0,4.8,4,1,3,0.25,7,0.571,1,0.667,5.4
1630171,Isaac Okoro,1610612741,CHI,51,21,30,1389.0,61,28,34,0.459,142,0.43,9,0.459,10.2,88,23,65,0.261,196,0.449,26,0.518,10.7,149,51,99,0.342,330,0.452,35,0.505,10.5
1642268,Isaiah Collier,1610612762,UTA,52,15,37,1374.0,21,5,16,0.238,72,0.292,0,0.292,15.9,129,25,103,0.194,224,0.576,22,0.639,8.7,150,30,119,0.2,293,0.512,22,0.554,9.7
1642384,Isaiah Crawford,1610612745,HOU,5,2,3,53.0,2,2,0,1.0,7,0.286,0,0.286,3.5,8,3,5,0.375,11,0.727,0,0.727,6.7,10,5,5,0.5,17,0.588,0,0.588,6.1
1628392,Isaiah Hartenstein,1610612760,OKC,38,31,7,951.0,118,80,38,0.678,277,0.426,11,0.444,5.1,233,75,158,0.322,385,0.605,47,0.689,4.8,351,155,196,0.442,643,0.546,58,0.6,4.9
1630543,Isaiah Jackson,1610612746,LAC,47,13,34,825.0,107,74,32,0.692,232,0.461,6,0.473,4.5,163,56,108,0.344,291,0.56,22,0.606,4.6,270,130,140,0.481,508,0.531,28,0.563,4.6
1630198,Isaiah Joe,1610612760,OKC,57,44,13,1249.0,30,6,24,0.2,75,0.4,5,0.429,13.9,134,26,108,0.194,257,0.521,35,0.604,8.3,164,32,132,0.195,321,0.511,40,0.584,9.3
1630587,Isaiah Livers,1610612756,PHX,26,16,10,305.0,19,8,11,0.421,46,0.413,5,0.463,7.8,41,14,27,0.341,67,0.612,4,0.651,6.9,60,22,38,0.367,108,0.556,9,0.606,7.2
1641815,Isaiah Stevens,1610612758,SAC,2,0,2,39.0,2,0,2,0.0,3,0.667,0,0.667,14.6,1,0,1,0.0,3,0.333,1,0.5,27.1,3,0,3,0.0,6,0.5,1,0.6,18.7
1630191,Isaiah Stewart,1610612765,DET,54,38,16,1262.0,92,48,40,0.522,232,0.397,7,0.409,5.9,189,62,125,0.328,361,0.524,37,0.583,5.8,281,110,165,0.391,567,0.496,44,0.537,5.9
1627826,Ivica Zubac,1610612754,IND,48,17,31,1447.0,162,138,24,0.852,361,0.449,7,0.458,3.7,347,129,218,0.372,574,0.605,61,0.676,4.3,509,267,242,0.525,920,0.553,68,0.597,4.1
1631120,JD Davison,1610612745,HOU,12,8,4,126.0,2,2,0,1.0,9,0.222,1,0.25,5.8,21,2,19,0.095,35,0.6,3,0.656,7.1,23,4,19,0.174,44,0.523,4,0.575,7.0
1629630,Ja Morant,1610612763,MEM,19,7,12,541.0,8,4,4,0.5,34,0.235,4,0.267,8.8,57,6,50,0.105,83,0.687,8,0.76,7.3,65,10,54,0.154,116,0.56,12,0.625,7.5
1642266,Ja'Kobe Walter,1610612761,TOR,48,30,18,970.0,42,21,21,0.5,102,0.412,3,0.424,8.4,95,20,74,0.211,176,0.54,15,0.59,7.9,137,41,95,0.299,276,0.496,18,0.531,8.0
1631095,Jabari Smith Jr.,1610612745,HOU,63,38,25,2196.0,91,53,38,0.582,224,0.406,7,0.419,8.9,333,95,238,0.285,529,0.629,37,0.677,5.5,424,148,276,0.349,718,0.591,44,0.629,6.2
1631133,Jabari Walker,1610612755,PHI,49,25,24,668.0,64,42,22,0.656,158,0.405,4,0.416,5.0,112,34,78,0.304,196,0.571,18,0.629,4.9,176,76,100,0.432,339,0.519,22,0.555,4.9
1631210,Jacob Toppin,1610612737,ATL,1,1,0,3.0,0,1,0,0.0,1,0.0,0,0.0,3.5,1,0,1,0.0,1,1.0,0,1.0,2.6,1,1,1,1.0,2,0.5,0,0.5,3.1
1630702,Jaden Hardy,1610612764,WAS,40,9,31,627.0,14,4,10,0.286,30,0.467,3,0.519,14.9,58,10,48,0.172,108,0.537,12,0.604,9.3,72,14,58,0.194,136,0.529,15,0.595,10.4
1631093,Jaden Ivey,1610612741,CHI,32,21,11,599.0,24,8,16,0.333,61,0.393,3,0.414,12.9,67,15,52,0.224,113,0.593,9,0.644,9.9,91,23,68,0.253,173,0.526,12,0.565,10.7
1630183,Jaden McDaniels,1610612750,MIN,66,39,27,2098.0,72,23,49,0.319,146,0.493,2,0.5,10.1,212,50,162,0.236,409,0.518,49,0.589,6.8,284,73,211,0.257,538,0.528,51,0.583,7.7
1630256,Jae'Sean Tate,1610612745,HOU,22,17,5,230.0,22,12,10,0.545,45,0.489,1,0.5,7.1,25,7,18,0.28,53,0.472,6,0.532,6.5,47,19,28,0.404,97,0.485,7,0.522,6.8
1642942,Jahmai Mashack,1610612763,MEM,20,6,14,440.0,18,14,4,0.778,54,0.333,4,0.36,6.5,34,7,27,0.206,92,0.37,10,0.415,8.6,52,21,31,0.404,144,0.361,14,0.4,7.9
1642443,Jahmir Young,1610612748,MIA,4,3,1,33.0,2,1,1,0.5,3,0.667,0,0.667,21.8,2,0,2,0.0,3,0.667,0,0.667,6.6,4,1,3,0.25,6,0.667,0,0.667,14.2
1643141,Jahmyl Telfort,1610612746,LAC,3,0,3,17.0,0,0,0,0.0,0,0.0,0,0.0,0.0,3,0,3,0.0,3,1.0,0,1.0,11.9,3,0,3,0.0,3,1.0,0,1.0,11.9
1631170,Jaime Jaquez Jr.,1610612748,MIA,62,36,26,1776.0,83,42,41,0.506,229,0.362,9,0.377,9.5,246,48,198,0.195,435,0.566,48,0.636,7.1,329,90,239,0.274,638,0.516,57,0.566,7.7
1631222,Jake LaRavia,1610612747,LAL,65,43,22,1635.0,103,57,45,0.553,211,0.488,5,0.5,6.7,170,46,123,0.271,309,0.55,28,0.605,8.2,273,103,168,0.377,513,0.532,33,0.569,7.6
1627751,Jakob Poeltl,1610612761,TOR,31,19,12,800.0,88,67,21,0.761,193,0.456,8,0.476,4.8,159,69,90,0.434,274,0.58,31,0.654,4.2,247,136,111,0.551,454,0.544,39,0.595,4.4
1628973,Jalen Brunson,1610612752,NYK,61,42,19,2164.0,29,6,23,0.207,87,0.333,6,0.358,16.7,191,29,162,0.152,339,0.563,38,0.635,8.9,220,35,185,0.159,426,0.516,44,0.576,9.9
1631105,Jalen Duren,1610612765,DET,58,41,17,1625.0,226,151,76,0.668,522,0.433,20,0.45,4.7,393,133,260,0.338,679,0.579,67,0.642,4.1,619,284,336,0.459,1159,0.534,87,0.577,4.3
1630224,Jalen Green,1610612756,PHX,22,12,10,561.0,9,2,7,0.222,39,0.231,0,0.231,7.5,70,12,57,0.171,107,0.654,10,0.722,7.4,79,14,64,0.177,144,0.549,10,0.59,7.4
1630552,Jalen Johnson,1610612737,ATL,62,36,26,2187.0,91,45,45,0.495,267,0.341,10,0.354,7.9,557,152,406,0.273,798,0.698,56,0.751,5.2,648,197,451,0.304,1004,0.645,66,0.691,5.6
1629618,Jalen Pickett,1610612743,DEN,34,21,13,659.0,18,7,11,0.389,53,0.34,3,0.36,13.9,89,19,69,0.213,142,0.627,14,0.695,8.1,107,26,80,0.243,190,0.563,17,0.618,9.1
1641771,Jalen Slawson,1610612754,IND,5,0,5,128.0,4,3,1,0.75,10,0.4,1,0.444,3.9,19,4,15,0.211,37,0.514,6,0.613,6.1,23,7,16,0.304,45,0.511,7,0.605,5.7
1630188,Jalen Smith,1610612741,CHI,50,25,25,1051.0,97,67,30,0.691,193,0.503,4,0.513,5.9,251,92,159,0.367,419,0.599,47,0.675,4.3,348,159,189,0.457,594,0.586,51,0.641,4.7
1630591,Jalen Suggs,1610612753,ORL,45,27,18,1212.0,30,10,20,0.333,61,0.492,1,0.5,10.6,145,23,122,0.159,250,0.58,23,0.639,8.1,175,33,142,0.189,302,0.579,24,0.629,8.5
1631114,Jalen Williams,1610612760,OKC,25,18,7,725.0,17,6,11,0.353,55,0.309,2,0.321,10.0,104,32,72,0.308,165,0.63,14,0.689,6.9,121,38,83,0.314,214,0.565,16,0.611,7.3
1630592,Jalen Wilson,1610612751,BKN,32,5,27,544.0,9,4,5,0.444,33,0.273,3,0.3,9.8,65,20,45,0.308,110,0.591,10,0.65,8.2,74,24,50,0.324,142,0.521,13,0.574,8.4
1631288,Jamal Cain,1610612753,ORL,13,5,8,150.0,10,7,3,0.7,28,0.357,2,0.385,7.7,19,4,15,0.211,35,0.543,6,0.655,6.3,29,11,18,0.379,61,0.475,8,0.547,6.8
1627750,Jamal Murray,1610612743,DEN,63,36,27,2229.0,28,10,18,0.357,97,0.289,3,0.298,11.3,259,55,201,0.212,422,0.614,43,0.683,7.1,287,65,219,0.226,504,0.569,46,0.627,7.5
1642347,Jamal Shead,1610612761,TOR,58,34,24,1296.0,22,7,15,0.318,64,0.344,3,0.361,12.5,105,21,85,0.2,207,0.507,23,0.571,9.9,127,28,100,0.22,268,0.474,26,0.525,10.4
1631123,Jamaree Bouyea,1610612756,PHX,29,14,15,483.0,15,4,11,0.267,43,0.349,1,0.357,12.0,52,10,42,0.192,93,0.559,11,0.634,7.7,67,14,53,0.209,133,0.504,12,0.554,8.7
201935,James Harden,1610612739,CLE,59,33,26,2056.0,38,14,24,0.368,148,0.257,4,0.264,13.7,258,45,213,0.174,383,0.674,28,0.727,7.7,296,59,237,0.199,502,0.59,32,0.63,8.5
1630164,James Wiseman,1610612754,IND,3,0,3,47.0,5,5,0,1.0,7,0.714,0,0.714,4.4,3,2,1,0.667,15,0.2,3,0.25,2.7,8,7,1,0.875,22,0.364,3,0.421,3.8
1642364,Jamir Watkins,1610612764,WAS,31,7,24,678.0,35,9,26,0.257,77,0.455,3,0.473,10.8,94,22,72,0.234,159,0.591,15,0.653,6.6,129,31,98,0.24,227,0.568,18,0.617,7.7
1642419,Jamison Battle,1610612761,TOR,36,21,15,380.0,17,9,8,0.529,32,0.531,0,0.531,8.3,57,13,42,0.228,103,0.553,17,0.663,7.3,74,22,50,0.297,131,0.565,17,0.649,7.6
1641716,Jarace Walker,1610612754,IND,67,13,54,1732.0,46,14,32,0.304,120,0.383,6,0.404,11.7,310,57,253,0.184,464,0.668,34,0.721,5.5,356,71,285,0.199,558,0.638,40,0.687,6.3
1642272,Jared McCain,1610612760,OKC,46,31,15,873.0,18,7,11,0.389,59,0.305,1,0.31,14.6,99,16,83,0.162,175,0.566,7,0.589,8.0,117,23,94,0.197,230,0.509,8,0.527,9.0
1628991,Jaren Jackson Jr.,1610612762,UTA,48,19,29,1455.0,42,26,15,0.619,124,0.339,2,0.344,7.0,230,86,143,0.374,430,0.535,50,0.605,5.6,272,112,158,0.412,543,0.501,52,0.554,5.8
1629020,Jarred Vanderbilt,1610612747,LAL,51,30,21,929.0,74,43,31,0.581,175,0.423,7,0.44,7.3,178,44,132,0.247,288,0.618,27,0.682,5.4,252,87,163,0.345,447,0.564,34,0.61,6.0
1628386,Jarrett Allen,1610612739,CLE,51,33,18,1405.0,133,90,42,0.677,289,0.46,6,0.47,6.1,299,92,204,0.308,488,0.613,48,0.68,5.0,432,182,246,0.421,759,0.569,54,0.613,5.3
1642859,Jase Richardson,1610612753,ORL,25,9,16,401.0,19,7,11,0.368,39,0.487,2,0.514,11.8,35,6,29,0.171,56,0.625,3,0.66,9.6,54,13,40,0.241,93,0.581,5,0.614,10.4
1642914,Javon Small,1610612763,MEM,27,8,19,584.0,27,10,16,0.37,55,0.491,2,0.509,9.2,72,21,51,0.292,103,0.699,8,0.758,9.0,99,31,67,0.313,155,0.639,10,0.683,9.0
1631451,Javonte Cooke,1610612757,POR,11,3,8,66.0,4,2,2,0.5,11,0.364,0,0.364,10.8,15,1,14,0.067,21,0.714,2,0.789,6.1,19,3,16,0.158,31,0.613,2,0.655,7.1
1629750,Javonte Green,1610612765,DET,60,43,17,1119.0,55,30,25,0.545,116,0.474,5,0.495,10.1,133,36,95,0.271,235,0.566,19,0.616,7.5,188,66,120,0.351,340,0.553,24,0.595,8.2
1629637,Jaxson Hayes,1610612747,LAL,57,37,20,1007.0,86,61,25,0.709,186,0.462,1,0.465,5.1,142,52,90,0.366,235,0.604,21,0.664,6.0,228,113,115,0.496,410,0.556,22,0.588,5.7
1630643,Jay Huff,1610612754,IND,64,13,51,1394.0,62,39,23,0.629,152,0.408,4,0.419,6.4,204,64,140,0.314,465,0.439,67,0.513,5.5,266,103,163,0.387,597,0.446,71,0.506,5.7
1627759,Jaylen Brown,1610612738,BOS,62,40,22,2116.0,72,32,40,0.444,203,0.355,3,0.36,11.2,365,86,277,0.236,568,0.643,43,0.695,6.1,437,118,317,0.27,736,0.594,46,0.633,6.9
1641740,Jaylen Clark,1610612750,MIN,44,27,17,633.0,48,36,12,0.75,91,0.527,4,0.552,7.0,56,15,41,0.268,96,0.583,8,0.636,9.1,104,51,53,0.49,183,0.568,12,0.608,8.1
1642377,Jaylen Wells,1610612763,MEM,66,24,42,1756.0,61,25,35,0.41,138,0.442,10,0.477,10.7,157,24,132,0.153,294,0.534,31,0.597,7.9,218,49,167,0.225,428,0.509,41,0.563,8.7
1631119,Jaylin Williams,1610612760,OKC,54,44,10,1107.0,32,15,17,0.469,104,0.308,4,0.32,11.4,270,97,170,0.359,414,0.652,37,0.716,4.6,302,112,187,0.371,494,0.611,41,0.667,5.3
1642281,Jaylon Tyson,1610612739,CLE,62,38,24,1699.0,116,51,64,0.44,271,0.428,19,0.46,7.6,212,31,181,0.146,356,0.596,48,0.688,7.1,328,82,245,0.25,615,0.533,67,0.599,7.3
1643257,Jayson Kent,1610612757,POR,1,1,0,3.0,0,0,0,0.0,0,0.0,0,0.0,0.0,1,0,1,0.0,1,1.0,0,1.0,6.2,1,0,1,0.0,1,1.0,0,1.0,6.2
1628369,Jayson Tatum,1610612738,BOS,6,5,1,176.0,5,2,3,0.4,14,0.357,1,0.385,8.4,46,9,37,0.196,66,0.697,6,0.767,6.1,51,11,40,0.216,77,0.662,7,0.729,6.3
201145,Jeff Green,1610612745,HOU,12,7,5,78.0,5,2,3,0.4,6,0.833,0,0.833,5.8,14,5,9,0.357,23,0.609,1,0.636,8.3,19,7,12,0.368,28,0.679,1,0.704,7.6
203924,Jerami Grant,1610612757,POR,53,24,29,1587.0,50,19,31,0.38,119,0.42,5,0.439,13.3,137,24,112,0.175,224,0.612,18,0.665,7.8,187,43,143,0.23,331,0.565,23,0.607,9.3
1642847,Jeremiah Fears,1610612740,NOP,66,24,42,1676.0,49,19,30,0.388,162,0.302,9,0.32,9.7,208,35,173,0.168,353,0.589,38,0.66,6.9,257,54,203,0.21,509,0.505,47,0.556,7.4
1630526,Jeremiah Robinson-Earl,1610612742,DAL,20,7,13,345.0,36,17,19,0.472,91,0.396,2,0.404,5.4,67,16,51,0.239,107,0.626,8,0.677,4.3,103,33,70,0.32,183,0.563,10,0.595,4.7
1631110,Jeremy Sochan,1610612752,NYK,30,21,9,371.0,29,19,10,0.655,89,0.326,2,0.333,7.2,57,13,44,0.228,107,0.533,10,0.588,6.2,86,32,54,0.372,192,0.448,12,0.478,6.5
1630579,Jericho Sims,1610612749,MIL,45,17,28,928.0,90,58,32,0.644,217,0.415,6,0.427,6.4,172,47,125,0.273,279,0.616,27,0.683,5.2,262,105,157,0.401,484,0.541,33,0.581,5.6
1641724,Jett Howard,1610612753,ORL,31,14,17,504.0,20,7,13,0.35,36,0.556,2,0.588,18.8,58,18,40,0.31,93,0.624,10,0.699,8.9,78,25,53,0.321,128,0.609,12,0.672,11.4
1628975,Jevon Carter,1610612753,ORL,29,14,15,539.0,12,1,11,0.083,21,0.571,2,0.632,18.9,55,7,48,0.127,88,0.625,4,0.655,11.7,67,8,59,0.119,109,0.615,6,0.65,13.0
202710,Jimmy Butler III,1610612744,GSW,38,23,15,1182.0,88,60,27,0.682,197,0.447,7,0.463,6.0,123,36,87,0.293,211,0.583,17,0.634,7.5,211,96,114,0.455,402,0.525,24,0.558,6.9
1642866,Joan Beringer,1610612750,MIN,22,11,11,187.0,32,25,7,0.781,75,0.427,3,0.444,4.3,32,9,23,0.281,67,0.478,9,0.552,6.1,64,34,30,0.531,135,0.474,12,0.52,5.2
1629111,Jock Landale,1610612737,ATL,61,31,30,1353.0,174,120,54,0.69,407,0.428,14,0.443,4.8,183,71,111,0.388,378,0.484,47,0.553,5.4,357,191,165,0.535,769,0.464,61,0.504,5.1
204060,Joe Ingles,1610612750,MIN,7,5,2,38.0,0,0,0,0.0,0,0.0,0,0.0,0.0,9,2,7,0.222,9,1.0,0,1.0,6.7,9,2,7,0.222,9,1.0,0,1.0,6.7
203954,Joel Embiid,1610612755,PHI,33,21,12,1029.0,67,44,23,0.657,138,0.486,4,0.5,5.3,182,69,113,0.379,330,0.552,31,0.609,4.5,249,113,136,0.454,452,0.551,35,0.597,4.7
1628381,John Collins,1610612746,LAC,56,25,31,1548.0,87,53,34,0.609,223,0.39,5,0.399,6.5,220,69,151,0.314,384,0.573,39,0.638,5.7,307,122,185,0.397,588,0.522,44,0.564,5.9
1629723,John Konchar,1610612762,UTA,42,16,26,738.0,41,17,23,0.415,95,0.432,3,0.446,8.2,110,25,85,0.227,183,0.601,21,0.679,6.9,151,42,108,0.278,274,0.551,24,0.604,7.3
1642967,John Poulakidas,1610612742,DAL,3,1,2,47.0,1,1,0,1.0,5,0.2,0,0.2,13.9,9,1,8,0.111,10,0.9,0,0.9,6.6,10,2,8,0.2,13,0.769,0,0.769,7.3
1642910,John Tonje,1610612738,BOS,1,1,0,5.0,0,0,0,0.0,1,0.0,0,0.0,0.0,2,1,1,0.5,2,1.0,0,1.0,3.7,2,1,1,0.5,2,1.0,0,1.0,3.7
1641780,Johni Broome,1610612755,PHI,6,2,4,42.0,7,3,4,0.429,11,0.636,0,0.636,4.5,9,4,5,0.444,12,0.75,1,0.818,3.7,16,7,9,0.438,22,0.727,1,0.762,4.0
1642277,Johnny Furphy,1610612754,IND,34,10,24,642.0,32,19,13,0.594,98,0.327,2,0.333,7.6,121,30,91,0.248,203,0.596,21,0.665,5.2,153,49,104,0.32,279,0.548,23,0.598,5.7
1630548,Johnny Juzang,1610612750,MIN,12,7,5,69.0,5,2,3,0.4,7,0.714,0,0.714,7.8,12,3,9,0.25,19,0.632,2,0.706,6.5,17,5,12,0.294,25,0.68,2,0.739,6.8
202685,Jonas Valančiūnas,1610612743,DEN,57,35,22,772.0,86,63,23,0.733,192,0.448,4,0.457,3.9,198,54,142,0.273,324,0.611,36,0.688,4.3,284,117,165,0.412,503,0.565,40,0.613,4.2
1628371,Jonathan Isaac,1610612753,ORL,44,26,18,483.0,43,30,13,0.698,131,0.328,4,0.339,4.4,89,24,65,0.27,152,0.586,17,0.659,4.8,132,54,78,0.409,265,0.498,21,0.541,4.7
1630228,Jonathan Kuminga,1610612737,ATL,26,15,11,612.0,42,22,20,0.524,91,0.462,3,0.477,8.6,120,32,88,0.267,176,0.682,7,0.71,6.4,162,54,108,0.333,258,0.628,10,0.653,7.0
1642367,Jonathan Mogbo,1610612761,TOR,16,7,9,133.0,16,8,8,0.5,31,0.516,0,0.516,5.2,30,7,23,0.233,48,0.625,3,0.667,5.2,46,15,31,0.326,75,0.613,3,0.639,5.2
203903,Jordan Clarkson,1610612752,NYK,44,28,16,872.0,48,20,28,0.417,99,0.485,8,0.527,10.2,53,13,40,0.245,114,0.465,16,0.541,10.5,101,33,68,0.327,213,0.474,24,0.534,10.3
1630692,Jordan Goodwin,1610612756,PHX,60,34,26,1339.0,114,64,50,0.561,275,0.415,11,0.432,8.6,172,41,131,0.238,313,0.55,31,0.61,6.4,286,105,181,0.367,564,0.507,42,0.548,7.3
1641722,Jordan Hawkins,1610612740,NOP,30,7,23,426.0,15,6,9,0.4,24,0.625,0,0.625,10.0,50,14,36,0.28,88,0.568,12,0.658,7.9,65,20,45,0.308,109,0.596,12,0.67,8.4
1629162,Jordan McLaughlin,1610612759,SAS,15,14,1,142.0,5,2,3,0.4,13,0.385,0,0.385,13.2,21,1,19,0.048,29,0.724,2,0.778,10.7,26,3,22,0.115,42,0.619,2,0.65,11.2
1641757,Jordan Miller,1610612746,LAC,44,26,18,1013.0,46,23,23,0.5,111,0.414,2,0.422,7.2,106,28,78,0.264,194,0.546,19,0.606,6.7,152,51,101,0.336,299,0.508,21,0.547,6.8
1629673,Jordan Poole,1610612740,NOP,31,13,18,760.0,8,3,5,0.375,33,0.242,2,0.258,16.5,62,7,55,0.113,109,0.569,11,0.633,10.6,70,10,60,0.143,140,0.5,13,0.551,11.3
1641775,Jordan Walsh,1610612738,BOS,51,33,18,954.0,77,43,34,0.558,161,0.478,7,0.5,7.6,160,41,119,0.256,264,0.606,23,0.664,6.1,237,84,153,0.354,414,0.572,30,0.617,6.6
1630631,Jose Alvarado,1610612752,NYK,52,21,31,1094.0,21,3,18,0.143,56,0.375,4,0.404,17.8,127,17,110,0.134,229,0.555,23,0.617,10.5,148,20,128,0.135,280,0.529,27,0.585,11.5
1630581,Josh Giddey,1610612741,CHI,47,20,27,1506.0,60,32,28,0.533,157,0.382,11,0.411,10.8,340,65,276,0.191,500,0.68,37,0.734,6.0,400,97,304,0.243,630,0.635,48,0.687,6.7
1630182,Josh Green,1610612766,CHA,38,25,13,637.0,41,14,27,0.341,69,0.594,1,0.603,14.1,51,13,38,0.255,88,0.58,9,0.646,10.2,92,27,65,0.293,152,0.605,10,0.648,11.9
1628404,Josh Hart,1610612752,NYK,56,37,19,1678.0,86,44,42,0.512,196,0.439,9,0.46,10.0,341,74,266,0.217,525,0.65,51,0.719,6.2,427,118,308,0.276,697,0.613,60,0.67,7.0
1631169,Josh Minott,1610612751,BKN,36,18,18,634.0,44,25,20,0.568,87,0.506,2,0.518,7.9,90,22,67,0.244,156,0.577,17,0.647,5.7,134,47,87,0.351,235,0.57,19,0.62,6.5
1629006,Josh Okogie,1610612745,HOU,52,32,20,1040.0,68,32,36,0.471,148,0.459,7,0.482,8.8,101,26,76,0.257,184,0.549,16,0.601,9.0,169,58,112,0.343,319,0.53,23,0.571,8.9
201950,Jrue Holiday,1610612757,POR,41,20,21,1186.0,57,20,37,0.351,131,0.435,5,0.452,11.4,129,18,111,0.14,200,0.645,7,0.668,8.7,186,38,148,0.204,328,0.567,12,0.589,9.5
1630577,Julian Champagnie,1610612759,SAS,69,51,18,1918.0,62,24,38,0.387,149,0.416,2,0.422,9.3,332,78,255,0.235,512,0.648,58,0.731,6.5,394,102,293,0.259,625,0.63,60,0.697,6.9
1641763,Julian Phillips,1610612750,MIN,25,8,17,294.0,22,12,10,0.545,47,0.468,3,0.5,5.5,24,7,17,0.292,42,0.571,2,0.6,7.5,46,19,27,0.413,86,0.535,5,0.568,6.5
1642882,Julian Reese,1610612764,WAS,5,0,5,148.0,19,11,7,0.579,25,0.76,2,0.826,6.2,28,9,17,0.321,29,0.966,3,1.077,4.1,47,20,24,0.426,52,0.904,5,1.0,5.0
1631124,Julian Strawther,1610612743,DEN,35,22,13,604.0,10,2,8,0.2,27,0.37,0,0.37,14.9,81,18,63,0.222,122,0.664,11,0.73,7.0,91,20,71,0.22,148,0.615,11,0.664,7.9
203944,Julius Randle,1610612750,MIN,69,42,27,2275.0,116,69,47,0.595,305,0.38,7,0.389,6.0,354,96,255,0.271,564,0.628,61,0.704,6.2,470,165,302,0.351,818,0.575,68,0.627,6.1
1630551,Justin Champagnie,1610612764,WAS,57,13,44,1158.0,128,72,55,0.563,236,0.542,4,0.552,5.7,208,46,161,0.221,334,0.623,28,0.68,5.2,336,118,216,0.351,544,0.618,32,0.656,5.4
1642348,Justin Edwards,1610612755,PHI,34,15,19,676.0,24,12,12,0.5,49,0.49,3,0.522,8.1,64,15,49,0.234,94,0.681,4,0.711,8.4,88,27,61,0.307,134,0.657,7,0.693,8.3
203994,Jusuf Nurkić,1610612762,UTA,41,14,27,1083.0,106,85,21,0.802,274,0.387,4,0.393,5.1,319,105,213,0.329,489,0.652,56,0.737,4.1,425,190,234,0.447,747,0.569,60,0.619,4.4
1642354,KJ Simpson,1610612743,DEN,12,5,7,206.0,8,2,6,0.25,19,0.421,0,0.421,8.4,26,6,20,0.231,39,0.667,4,0.743,8.7,34,8,26,0.235,58,0.586,4,0.63,8.6
1642955,Kadary Richmond,1610612764,WAS,3,2,1,67.0,1,1,0,1.0,3,0.333,0,0.333,1.7,9,5,4,0.556,13,0.692,1,0.75,5.1,10,6,4,0.6,15,0.667,1,0.714,4.8
1642880,Kam Jones,1610612754,IND,19,3,16,382.0,9,1,8,0.111,25,0.36,0,0.36,18.3,34,4,30,0.118,67,0.507,11,0.607,8.8,43,5,38,0.116,91,0.473,11,0.538,10.8
1626157,Karl-Anthony Towns,1610612752,NYK,65,42,23,2031.0,200,133,67,0.665,450,0.444,14,0.459,5.2,570,156,413,0.274,836,0.682,70,0.744,4.8,770,289,480,0.375,1242,0.62,84,0.665,4.9
1631255,Karlo Matković,1610612740,NOP,52,24,28,782.0,67,47,20,0.701,125,0.536,7,0.568,6.4,146,55,91,0.377,250,0.584,28,0.658,5.6,213,102,111,0.479,368,0.579,35,0.64,5.8
1642857,Kasparas Jakučionis,1610612748,MIA,37,21,16,719.0,34,10,24,0.294,87,0.391,4,0.41,8.6,81,18,62,0.222,136,0.596,15,0.669,9.1,115,28,86,0.243,223,0.516,19,0.564,8.9
202695,Kawhi Leonard,1610612746,LAC,54,30,24,1742.0,56,32,24,0.571,130,0.431,4,0.444,9.3,287,58,229,0.202,436,0.658,36,0.718,6.8,343,90,253,0.262,540,0.635,40,0.686,7.2
1630811,Keaton Wallace,1610612737,ATL,29,14,15,376.0,3,0,3,0.0,13,0.231,1,0.25,20.2,47,10,37,0.213,73,0.644,4,0.681,8.4,50,10,40,0.2,84,0.595,5,0.633,9.1
1631099,Keegan Murray,1610612758,SAC,23,5,18,793.0,33,20,13,0.606,68,0.485,1,0.493,10.0,99,24,75,0.242,181,0.547,22,0.623,6.5,132,44,88,0.333,244,0.541,23,0.597,7.4
1642276,Kel'el Ware,1610612748,MIA,65,34,31,1480.0,201,138,63,0.687,386,0.521,14,0.54,5.1,409,138,271,0.337,652,0.627,65,0.697,4.1,610,276,334,0.452,1009,0.605,79,0.656,4.5
1629640,Keldon Johnson,1610612759,SAS,69,51,18,1599.0,113,74,39,0.655,264,0.428,15,0.454,5.6,264,75,188,0.284,451,0.585,53,0.663,5.5,377,149,227,0.395,690,0.546,68,0.606,5.6
203482,Kelly Olynyk,1610612759,SAS,28,21,7,301.0,24,15,9,0.625,51,0.471,1,0.48,8.5,46,9,37,0.196,69,0.667,9,0.767,6.8,70,24,46,0.343,116,0.603,10,0.66,7.4
1626162,Kelly Oubre Jr.,1610612755,PHI,41,22,19,1330.0,41,20,21,0.488,112,0.366,7,0.39,8.4,158,33,125,0.209,279,0.566,19,0.608,6.1,199,53,146,0.266,369,0.539,26,0.58,6.6
1629026,Kenrich Williams,1610612760,OKC,41,30,11,696.0,44,26,18,0.591,124,0.355,5,0.37,7.0,106,27,79,0.255,174,0.609,9,0.642,6.0,150,53,97,0.353,285,0.526,14,0.554,6.3
203484,Kentavious Caldwell-Pope,1610612763,MEM,46,18,28,971.0,20,7,13,0.35,46,0.435,2,0.455,14.1,105,17,88,0.162,155,0.677,12,0.734,9.3,125,24,101,0.192,199,0.628,14,0.676,10.0
1631165,Keon Ellis,1610612739,CLE,48,19,29,1010.0,29,8,21,0.276,63,0.46,2,0.475,12.6,80,12,68,0.15,142,0.563,8,0.597,9.0,109,20,89,0.183,202,0.54,10,0.568,10.0
1642352,Keshad Johnson,1610612748,MIA,18,11,7,186.0,18,11,7,0.611,38,0.474,3,0.514,7.0,31,12,19,0.387,59,0.525,8,0.608,3.9,49,23,26,0.469,91,0.538,11,0.613,5.1
1642933,Keshon Gilbert,1610612737,ATL,3,0,3,48.0,2,1,1,0.5,4,0.5,0,0.5,2.4,3,0,3,0.0,10,0.3,1,0.333,12.9,5,1,4,0.2,14,0.357,1,0.385,8.7
201142,Kevin Durant,1610612745,HOU,64,38,26,2331.0,36,7,27,0.194,86,0.419,4,0.439,17.6,316,98,218,0.31,454,0.696,35,0.754,7.0,352,105,245,0.298,523,0.673,39,0.727,8.0
1628989,Kevin Huerter,1610612765,DET,51,27,24,1194.0,31,14,17,0.452,87,0.356,1,0.36,8.5,176,39,134,0.222,274,0.642,24,0.704,6.8,207,53,151,0.256,348,0.595,25,0.641,7.0
201567,Kevin Love,1610612762,UTA,37,10,27,613.0,55,39,16,0.709,119,0.462,7,0.491,6.5,160,61,99,0.381,273,0.586,33,0.667,4.3,215,100,115,0.465,383,0.561,40,0.627,4.9
1641755,Kevin McCullar Jr.,1610612752,NYK,10,5,5,105.0,10,4,6,0.4,21,0.476,1,0.5,6.3,16,4,12,0.25,24,0.667,1,0.696,7.1,26,8,18,0.308,41,0.634,2,0.667,6.8
1629645,Kevin Porter Jr.,1610612749,MIL,37,17,20,1252.0,34,12,22,0.353,92,0.37,1,0.374,13.2,164,27,137,0.165,274,0.599,23,0.653,7.4,198,39,159,0.197,360,0.55,24,0.589,8.4
1626172,Kevon Looney,1610612740,NOP,17,2,15,240.0,42,27,14,0.643,75,0.56,1,0.568,6.3,54,14,40,0.259,93,0.581,8,0.635,6.1,96,41,54,0.427,161,0.596,9,0.632,6.2
1641718,Keyonte George,1610612762,UTA,51,14,37,1695.0,23,4,19,0.174,81,0.284,3,0.295,18.4,176,24,151,0.136,259,0.68,19,0.733,8.9,199,28,170,0.141,332,0.599,22,0.642,10.0
1642863,Khaman Maluach,1610612756,PHX,23,9,14,206.0,25,20,5,0.8,68,0.368,5,0.397,5.7,43,11,32,0.256,84,0.512,10,0.581,4.4,68,31,37,0.456,150,0.453,15,0.504,4.9
203114,Khris Middleton,1610612742,DAL,52,16,36,1252.0,47,20,27,0.426,89,0.528,3,0.547,9.8,156,33,123,0.212,269,0.58,22,0.632,7.5,203,53,150,0.261,346,0.587,25,0.632,8.0
1630165,Killian Hayes,1610612758,SAC,10,5,5,190.0,2,0,2,0.0,5,0.4,0,0.4,6.9,26,3,23,0.115,36,0.722,0,0.722,6.8,28,3,25,0.107,41,0.683,0,0.683,6.8
202691,Klay Thompson,1610612742,DAL,54,17,37,1195.0,17,5,12,0.294,34,0.5,0,0.5,16.4,117,29,87,0.248,207,0.565,21,0.629,9.5,134,34,99,0.254,239,0.561,21,0.615,10.4
1641738,Kobe Brown,1610612754,IND,40,11,29,638.0,51,26,25,0.51,117,0.436,1,0.44,6.6,87,21,66,0.241,143,0.608,7,0.64,6.6,138,47,91,0.341,245,0.563,8,0.582,6.6
1641723,Kobe Bufkin,1610612747,LAL,6,3,3,77.0,1,0,1,0.0,5,0.2,0,0.2,7.1,8,1,7,0.125,16,0.5,2,0.571,8.5,9,1,8,0.111,21,0.429,2,0.474,8.3
1642920,Kobe Sanders,1610612746,LAC,50,25,25,1096.0,27,11,16,0.407,68,0.397,2,0.409,11.3,112,23,89,0.205,200,0.56,22,0.629,8.4,139,34,105,0.245,265,0.525,24,0.577,8.9
1642886,Koby Brea,1610612756,PHX,2,0,2,12.0,0,0,0,0.0,0,0.0,0,0.0,0.0,2,0,2,0.0,2,1.0,0,1.0,4.4,2,0,2,0.0,2,1.0,0,1.0,4.4
1642851,Kon Knueppel,1610612766,CHA,68,35,33,2171.0,83,33,50,0.398,217,0.382,9,0.399,11.4,283,56,226,0.198,526,0.538,55,0.601,6.5,366,89,276,0.243,728,0.503,64,0.551,7.6
1627739,Kris Dunn,1610612746,LAC,66,32,34,1842.0,52,22,30,0.423,109,0.477,4,0.495,11.1,183,37,146,0.202,341,0.537,40,0.608,6.5,235,59,176,0.251,448,0.525,44,0.582,7.5
1631200,Kris Murray,1610612757,POR,41,20,21,997.0,77,55,22,0.714,191,0.403,10,0.425,6.9,93,27,66,0.29,192,0.484,20,0.541,8.5,170,82,88,0.482,377,0.451,30,0.49,7.8
204001,Kristaps Porziņģis,1610612744,GSW,23,10,13,544.0,28,25,3,0.893,74,0.378,1,0.384,5.8,83,34,49,0.41,151,0.55,18,0.624,5.9,111,59,52,0.532,219,0.507,19,0.555,5.9
203937,Kyle Anderson,1610612750,MIN,29,9,20,574.0,25,13,12,0.52,61,0.41,0,0.41,7.6,81,25,56,0.309,142,0.57,12,0.623,6.2,106,38,68,0.358,194,0.546,12,0.582,6.6
1642271,Kyle Filipowski,1610612762,UTA,68,21,47,1558.0,128,75,52,0.586,296,0.432,3,0.437,7.4,344,107,233,0.311,498,0.691,26,0.729,4.9,472,182,285,0.386,747,0.632,29,0.657,5.6
1628398,Kyle Kuzma,1610612749,MIL,62,27,35,1653.0,54,30,24,0.556,148,0.365,5,0.378,6.0,239,60,179,0.251,378,0.632,43,0.713,6.5,293,90,203,0.307,503,0.583,48,0.644,6.4
200768,Kyle Lowry,1610612755,PHI,6,2,4,74.0,0,0,0,0.0,2,0.0,0,0.0,0.0,9,2,7,0.222,18,0.5,2,0.563,8.5,9,2,7,0.222,20,0.45,2,0.5,8.5
1642273,Kyshawn George,1610612764,WAS,48,10,38,1391.0,43,21,22,0.488,117,0.368,7,0.391,11.8,202,56,145,0.277,322,0.627,18,0.664,7.3,245,77,167,0.314,420,0.583,25,0.62,8.1
1643018,LJ Cryer,1610612744,GSW,6,1,5,91.0,3,0,3,0.0,3,1.0,0,1.0,12.2,9,3,6,0.333,16,0.563,1,0.6,8.7,12,3,9,0.25,19,0.632,1,0.667,9.6
1630163,LaMelo Ball,1610612766,CHA,60,33,27,1654.0,53,21,32,0.396,134,0.396,7,0.417,9.3,238,59,179,0.248,344,0.692,24,0.744,7.1,291,80,211,0.275,474,0.614,31,0.657,7.5
1642950,Lachlan Olbrich,1610612741,CHI,16,4,12,124.0,12,7,5,0.583,30,0.4,2,0.429,8.1,30,9,21,0.3,48,0.625,3,0.667,4.9,42,16,26,0.381,72,0.583,5,0.627,5.8
1629013,Landry Shamet,1610612752,NYK,39,25,14,925.0,19,7,12,0.368,46,0.413,4,0.452,12.0,63,8,55,0.127,128,0.492,13,0.548,11.0,82,15,67,0.183,168,0.488,17,0.543,11.3
1626204,Larry Nance Jr.,1610612739,CLE,26,19,7,337.0,25,15,10,0.6,57,0.439,0,0.439,9.5,50,9,41,0.18,99,0.505,12,0.575,5.8,75,24,51,0.32,150,0.5,12,0.543,7.0
1628374,Lauri Markkanen,1610612762,UTA,42,17,25,1443.0,84,55,29,0.655,185,0.454,5,0.467,6.5,205,62,143,0.302,307,0.668,21,0.717,6.3,289,117,172,0.405,473,0.611,26,0.647,6.3
1643133,Lawson Lovering,1610612763,MEM,2,1,1,49.0,6,4,2,0.667,8,0.75,0,0.75,4.4,9,3,6,0.333,15,0.6,0,0.6,8.9,15,7,8,0.467,23,0.652,0,0.652,7.1
2544,LeBron James,1610612747,LAL,48,31,17,1604.0,40,20,20,0.5,109,0.367,1,0.37,8.8,246,51,195,0.207,378,0.651,33,0.713,6.4,286,71,215,0.248,467,0.612,34,0.661,6.7
1641778,Leaky Black,1610612764,WAS,5,0,5,159.0,7,4,2,0.571,8,0.875,0,0.875,5.8,20,7,13,0.35,28,0.714,0,0.714,6.3,27,11,15,0.407,35,0.771,0,0.771,6.2
1631159,Leonard Miller,1610612741,CHI,26,13,13,363.0,26,11,15,0.423,55,0.473,0,0.473,10.0,67,16,44,0.239,111,0.604,10,0.663,4.7,93,27,59,0.29,157,0.592,10,0.633,6.3
1642862,Liam McNeeley,1610612766,CHA,25,7,18,335.0,11,6,5,0.545,34,0.324,3,0.355,13.1,49,8,41,0.163,90,0.544,11,0.62,5.9,60,14,46,0.233,119,0.504,14,0.571,7.2
1630322,Lindy Waters III,1610612759,SAS,17,12,5,169.0,3,2,1,0.667,9,0.333,0,0.333,5.2,23,9,14,0.391,38,0.605,4,0.676,6.7,26,11,15,0.423,45,0.578,4,0.634,6.5
1628366,Lonzo Ball,1610612739,CLE,34,19,15,722.0,26,13,13,0.5,63,0.413,0,0.413,9.1,114,30,84,0.263,180,0.633,14,0.687,6.8,140,43,97,0.307,229,0.611,14,0.651,7.2
1629652,Luguentz Dort,1610612760,OKC,56,43,13,1571.0,49,19,30,0.388,126,0.389,2,0.395,10.6,171,52,119,0.304,304,0.563,30,0.624,7.5,220,71,149,0.323,427,0.515,32,0.557,8.2
1629029,Luka Dončić,1610612747,LAL,58,39,19,2076.0,36,17,18,0.472,106,0.34,1,0.343,11.0,424,113,311,0.267,631,0.672,43,0.721,5.3,460,130,329,0.283,708,0.65,44,0.693,5.7
1630568,Luka Garza,1610612738,BOS,53,36,17,871.0,130,95,35,0.731,299,0.435,15,0.458,4.4,98,46,52,0.469,229,0.428,40,0.519,6.0,228,141,87,0.618,523,0.436,55,0.487,5.1
1628379,Luke Kennard,1610612747,LAL,53,32,21,1134.0,26,7,19,0.269,67,0.388,4,0.413,10.7,116,11,105,0.095,191,0.607,15,0.659,7.7,142,18,124,0.127,252,0.563,19,0.609,8.3
1628436,Luke Kornet,1610612759,SAS,57,43,14,1213.0,163,115,49,0.706,321,0.508,9,0.522,4.1,202,77,125,0.381,390,0.518,57,0.607,5.4,365,192,174,0.526,701,0.521,66,0.575,4.8
1631247,Luke Travers,1610612739,CLE,9,5,4,91.0,9,2,7,0.222,18,0.5,0,0.5,9.3,15,5,10,0.333,21,0.714,0,0.714,4.9,24,7,17,0.292,37,0.649,0,0.649,6.5
1630644,Mac McClung,1610612741,CHI,3,0,3,45.0,0,0,0,0.0,3,0.0,0,0.0,0.0,5,1,4,0.2,11,0.455,2,0.556,8.3,5,1,4,0.2,14,0.357,2,0.417,8.3
1641869,Malachi Smith,1610612751,BKN,2,0,2,41.0,3,2,1,0.667,7,0.429,1,0.5,8.9,4,1,3,0.25,8,0.5,0,0.5,4.9,7,3,4,0.429,14,0.5,1,0.538,6.6
1631103,Malaki Branham,1610612764,WAS,20,2,18,243.0,12,4,8,0.333,26,0.462,0,0.462,9.9,32,8,24,0.25,56,0.571,6,0.64,6.2,44,12,32,0.273,78,0.564,6,0.611,7.2
1642502,Malevy Leons,1610612744,GSW,14,3,11,130.0,18,10,8,0.556,31,0.581,0,0.581,5.1,15,7,8,0.467,25,0.6,2,0.652,6.9,33,17,16,0.515,56,0.589,2,0.611,5.9
1628370,Malik Monk,1610612758,SAC,44,10,34,1029.0,14,2,12,0.143,55,0.255,2,0.264,16.1,88,21,67,0.239,149,0.591,13,0.647,9.1,102,23,79,0.225,201,0.507,15,0.548,10.0
1630699,MarJon Beauchamp,1610612755,PHI,6,2,4,115.0,2,1,1,0.5,4,0.5,0,0.5,11.4,18,6,12,0.333,35,0.514,5,0.6,6.9,20,7,13,0.35,38,0.526,5,0.606,7.3
1631204,Marcus Sasser,1610612765,DET,17,11,6,268.0,6,1,5,0.167,11,0.545,0,0.545,20.4,24,2,22,0.083,32,0.75,2,0.8,10.9,30,3,27,0.1,41,0.732,2,0.769,12.8
203935,Marcus Smart,1610612747,LAL,52,35,17,1516.0,35,10,25,0.286,72,0.486,4,0.515,13.0,129,55,73,0.426,236,0.547,26,0.614,8.7,164,65,98,0.396,302,0.543,30,0.603,9.6
1641813,Mark Sears,1610612749,MIL,2,0,2,5.0,1,0,1,0.0,1,1.0,0,1.0,12.9,1,0,1,0.0,2,0.5,0,0.5,5.4,2,0,2,0.0,3,0.667,0,0.667,9.2
1631109,Mark Williams,1610612756,PHX,56,33,23,1322.0,174,125,49,0.718,338,0.515,10,0.53,5.3,278,84,192,0.302,457,0.608,45,0.675,4.6,452,209,241,0.462,773,0.585,55,0.63,4.9
1628963,Marvin Bagley III,1610612742,DAL,52,14,38,1035.0,132,95,36,0.72,272,0.485,3,0.491,4.2,193,80,113,0.415,346,0.558,38,0.627,4.4,325,175,149,0.538,609,0.534,41,0.572,4.3
203486,Mason Plumlee,1610612759,SAS,15,8,7,124.0,14,6,8,0.429,37,0.378,2,0.4,7.2,32,8,24,0.25,53,0.604,1,0.615,3.7,46,14,32,0.304,85,0.541,3,0.561,4.8
1641824,Matas Buzelis,1610612741,CHI,67,25,42,1951.0,72,35,37,0.486,177,0.407,9,0.429,8.5,316,64,251,0.203,554,0.57,68,0.65,5.9,388,99,288,0.255,713,0.544,77,0.61,6.4
1629680,Matisse Thybulle,1610612757,POR,15,7,8,197.0,10,2,8,0.2,16,0.625,1,0.667,13.8,19,7,12,0.368,37,0.514,4,0.576,7.7,29,9,20,0.31,52,0.558,5,0.617,9.8
1631108,Max Christie,1610612742,DAL,60,20,40,1807.0,14,4,10,0.286,53,0.264,4,0.286,15.8,203,46,157,0.227,336,0.604,29,0.661,7.5,217,50,167,0.23,379,0.573,33,0.627,8.0
1629622,Max Strus,1610612739,CLE,3,2,1,70.0,4,1,3,0.25,7,0.571,1,0.667,9.4,16,3,13,0.188,21,0.762,1,0.8,7.6,20,4,16,0.2,27,0.741,2,0.8,8.0
1628467,Maxi Kleber,1610612747,LAL,25,12,13,339.0,27,17,10,0.63,60,0.45,2,0.466,5.5,40,10,30,0.25,74,0.541,8,0.606,5.7,67,27,40,0.403,129,0.519,10,0.563,5.6
1642875,Maxime Raynaud,1610612758,SAC,61,17,44,1569.0,121,63,58,0.521,301,0.402,9,0.414,6.2,332,96,236,0.289,533,0.623,48,0.685,4.2,453,159,294,0.351,803,0.564,57,0.607,4.7
1642877,Micah Peavy,1610612740,NOP,39,10,29,631.0,39,21,18,0.538,94,0.415,3,0.429,6.3,56,10,46,0.179,110,0.509,10,0.56,7.7,95,31,64,0.326,198,0.48,13,0.514,7.2
1630695,Micah Potter,1610612754,IND,33,6,27,643.0,40,24,16,0.6,107,0.374,4,0.388,5.7,117,41,76,0.35,220,0.532,29,0.613,4.6,157,65,92,0.414,313,0.502,33,0.561,4.9
1629008,Michael Porter Jr.,1610612751,BKN,51,14,37,1656.0,69,33,36,0.478,178,0.388,7,0.404,8.0,298,76,222,0.255,461,0.646,36,0.701,5.4,367,109,258,0.297,619,0.593,43,0.637,5.9
1628969,Mikal Bridges,1610612752,NYK,67,43,24,2253.0,71,30,41,0.423,129,0.55,5,0.573,11.0,216,45,170,0.208,382,0.565,38,0.628,7.8,287,75,211,0.261,506,0.567,43,0.62,8.6
201144,Mike Conley,1610612750,MIN,41,26,15,761.0,15,4,11,0.267,35,0.429,1,0.441,14.0,65,12,53,0.185,121,0.537,8,0.575,9.8,80,16,64,0.2,152,0.526,9,0.559,10.6
1628970,Miles Bridges,1610612766,CHA,65,34,31,2057.0,61,24,37,0.393,152,0.401,2,0.407,10.7,320,74,246,0.231,504,0.635,43,0.694,5.9,381,98,283,0.257,627,0.608,45,0.655,6.7
1642939,Miles Kelly,1610612742,DAL,9,2,7,97.0,5,1,4,0.2,8,0.625,0,0.625,14.8,19,5,14,0.263,30,0.633,1,0.655,7.0,24,6,18,0.25,36,0.667,1,0.686,8.6
1630540,Miles McBride,1610612752,NYK,33,20,13,924.0,22,8,14,0.364,51,0.431,0,0.431,15.9,69,16,52,0.232,132,0.523,14,0.585,11.1,91,24,66,0.264,180,0.506,14,0.548,12.3
1629011,Mitchell Robinson,1610612752,NYK,51,34,17,992.0,224,169,54,0.754,354,0.633,7,0.646,4.7,228,107,121,0.469,359,0.635,24,0.681,5.1,452,276,175,0.611,699,0.647,31,0.677,4.9
1628964,Mo Bamba,1610612762,UTA,3,2,1,40.0,10,6,4,0.6,9,1.111,1,1.25,4.5,12,5,7,0.417,15,0.8,3,1.0,6.1,22,11,11,0.5,24,0.917,4,1.1,5.4
1642885,Mohamed Diawara,1610612752,NYK,33,21,12,389.0,13,9,4,0.692,33,0.394,0,0.394,9.5,66,11,55,0.167,99,0.667,9,0.733,6.2,79,20,59,0.253,123,0.642,9,0.693,6.7
1628420,Monte Morris,1610612754,IND,5,0,5,62.0,1,0,1,0.0,5,0.2,0,0.2,17.9,6,0,6,0.0,8,0.75,0,0.75,8.1,7,0,7,0.0,13,0.538,0,0.538,9.5
1629021,Moritz Wagner,1610612753,ORL,26,15,11,360.0,25,14,11,0.56,86,0.291,3,0.301,6.7,73,11,60,0.151,129,0.566,17,0.652,4.8,98,25,71,0.255,203,0.483,20,0.536,5.3
1630541,Moses Moody,1610612744,GSW,57,28,29,1464.0,50,24,26,0.48,121,0.413,8,0.442,8.6,147,34,113,0.231,270,0.544,28,0.607,7.7,197,58,139,0.294,380,0.518,36,0.573,7.9
1631243,Mouhamed Gueye,1610612737,ATL,58,34,24,946.0,79,56,23,0.709,184,0.429,4,0.439,6.3,153,48,105,0.314,267,0.573,25,0.632,4.9,232,104,128,0.448,434,0.535,29,0.573,5.4
1630619,Moussa Cisse,1610612742,DAL,30,10,20,412.0,67,44,23,0.657,158,0.424,6,0.441,3.9,99,27,72,0.273,196,0.505,23,0.572,4.8,166,71,95,0.428,346,0.48,29,0.524,4.4
1631217,Moussa Diabaté,1610612766,CHA,62,33,29,1603.0,230,169,61,0.735,670,0.343,27,0.358,4.3,307,84,223,0.274,592,0.519,96,0.619,4.6,537,253,284,0.471,1244,0.432,123,0.479,4.5
1626167,Myles Turner,1610612749,MIL,63,26,37,1726.0,69,42,26,0.609,159,0.434,5,0.448,6.1,275,99,176,0.36,588,0.468,86,0.548,5.2,344,141,202,0.41,734,0.469,91,0.535,5.3
1642066,Myron Gardner,1610612748,MIA,30,19,11,329.0,36,20,16,0.556,93,0.387,1,0.391,7.0,76,13,62,0.171,111,0.685,10,0.752,4.9,112,33,78,0.295,199,0.563,11,0.596,5.5
1642368,N'Faly Dante,1610612737,ATL,2,1,1,12.0,3,3,0,1.0,5,0.6,0,0.6,6.9,4,1,3,0.25,5,0.8,0,0.8,5.1,7,4,3,0.571,9,0.778,0,0.778,5.9
1641772,Nae'Qwan Tomlin,1610612739,CLE,45,27,18,784.0,69,49,20,0.71,155,0.445,9,0.473,6.3,80,17,63,0.213,152,0.526,18,0.597,7.6,149,66,83,0.443,300,0.497,27,0.546,7.0
1630230,Naji Marshall,1610612742,DAL,66,23,43,1952.0,62,33,29,0.532,144,0.431,3,0.44,9.2,259,47,211,0.181,422,0.614,41,0.68,6.7,321,80,240,0.249,561,0.572,44,0.621,7.2
1631466,Nate Williams,1610612744,GSW,5,1,4,64.0,8,3,5,0.375,15,0.533,1,0.571,11.0,2,0,2,0.0,3,0.667,1,1.0,8.2,10,3,7,0.3,18,0.556,2,0.625,10.5
1629675,Naz Reid,1610612750,MIN,66,41,25,1744.0,77,46,31,0.597,180,0.428,4,0.438,6.6,338,112,226,0.331,540,0.626,54,0.695,4.9,415,158,257,0.381,686,0.605,58,0.661,5.2
1629674,Neemias Queta,1610612738,BOS,65,43,22,1637.0,193,138,55,0.715,428,0.451,11,0.463,4.9,345,139,206,0.403,646,0.534,91,0.622,4.0,538,277,261,0.515,1065,0.505,102,0.559,4.3
1629651,Nic Claxton,1610612751,BKN,62,16,46,1764.0,156,104,52,0.667,370,0.422,7,0.43,6.0,284,84,200,0.296,479,0.593,39,0.645,4.7,440,188,252,0.427,819,0.537,46,0.569,5.2
1630208,Nick Richards,1610612741,CHI,41,17,24,641.0,76,58,16,0.763,201,0.378,4,0.386,4.0,154,47,100,0.305,263,0.586,22,0.639,4.3,230,105,116,0.457,449,0.512,26,0.544,4.2
1641733,Nick Smith Jr.,1610612747,LAL,11,5,6,219.0,2,0,2,0.0,7,0.286,1,0.333,18.3,18,2,16,0.111,31,0.581,1,0.6,7.0,20,2,18,0.1,38,0.526,2,0.556,8.2
1629638,Nickeil Alexander-Walker,1610612737,ATL,63,33,30,2101.0,42,15,27,0.357,141,0.298,7,0.313,12.1,186,38,148,0.204,327,0.569,29,0.624,8.8,228,53,175,0.232,458,0.498,36,0.54,9.4
201587,Nicolas Batum,1610612746,LAC,57,28,29,1096.0,21,6,15,0.286,45,0.467,0,0.467,14.4,139,31,108,0.223,223,0.623,18,0.678,6.3,160,37,123,0.231,255,0.627,18,0.675,7.4
1628502,Nigel Hayes-Davis,1610612756,PHX,18,10,8,152.0,12,5,7,0.417,25,0.48,2,0.522,11.1,21,2,19,0.095,29,0.724,0,0.724,8.1,33,7,26,0.212,53,0.623,2,0.647,9.2
203999,Nikola Jokić,1610612743,DEN,54,32,22,1875.0,159,115,42,0.723,319,0.498,3,0.503,5.0,524,203,317,0.387,787,0.666,79,0.74,4.4,683,318,359,0.466,1084,0.63,82,0.682,4.6
1631107,Nikola Jović,1610612748,MIA,40,21,19,777.0,25,15,10,0.6,60,0.417,1,0.424,8.0,127,41,86,0.323,237,0.536,31,0.617,6.5,152,56,96,0.368,290,0.524,32,0.589,6.7
1642260,Nikola Topić,1610612760,OKC,4,2,2,47.0,2,1,1,0.5,5,0.4,1,0.5,8.4,6,1,5,0.167,9,0.667,0,0.667,6.0,8,2,6,0.25,14,0.571,1,0.615,6.6
202696,Nikola Vučević,1610612738,BOS,59,31,28,1738.0,120,75,45,0.625,253,0.474,8,0.49,5.9,397,133,264,0.335,621,0.639,54,0.7,4.9,517,208,309,0.402,856,0.604,62,0.651,5.1
1642363,Nique Clifford,1610612758,SAC,60,17,43,1487.0,59,25,34,0.424,130,0.454,5,0.472,9.2,177,30,147,0.169,315,0.562,32,0.625,7.1,236,55,181,0.233,427,0.553,37,0.605,7.6
1641730,Noah Clowney,1610612751,BKN,62,16,46,1695.0,52,25,27,0.481,125,0.416,5,0.433,10.6,204,53,151,0.26,374,0.545,37,0.605,5.4,256,78,178,0.305,483,0.53,42,0.58,6.5
1642869,Noah Penda,1610612753,ORL,46,24,22,676.0,66,37,29,0.561,126,0.524,3,0.537,7.4,111,30,80,0.27,182,0.61,13,0.657,5.4,177,67,109,0.379,289,0.612,16,0.648,6.2
1642849,Nolan Traore,1610612751,BKN,40,11,29,941.0,13,5,8,0.385,47,0.277,3,0.295,8.2,61,17,44,0.279,132,0.462,13,0.513,10.6,74,22,52,0.297,175,0.423,16,0.465,10.1
1641807,Norchad Omier,1610612746,LAC,2,2,0,8.0,2,1,1,0.5,5,0.4,0,0.4,6.1,2,0,2,0.0,2,1.0,0,1.0,2.8,4,1,3,0.25,7,0.571,0,0.571,4.5
1626181,Norman Powell,1610612748,MIA,50,26,24,1506.0,20,5,15,0.25,65,0.308,1,0.313,14.6,167,52,115,0.311,280,0.596,29,0.665,8.4,187,57,130,0.305,342,0.547,30,0.599,9.1
1628384,OG Anunoby,1610612752,NYK,54,36,18,1797.0,78,42,36,0.538,177,0.441,10,0.467,8.7,220,73,147,0.332,370,0.595,37,0.661,6.5,298,115,183,0.386,519,0.574,47,0.631,7.1
1630167,Obi Toppin,1610612754,IND,12,0,12,198.0,6,4,2,0.667,19,0.316,0,0.316,2.7,45,12,33,0.267,60,0.75,3,0.789,4.7,51,16,35,0.314,74,0.689,3,0.718,4.5
1630534,Ochai Agbaji,1610612751,BKN,46,21,25,801.0,41,22,19,0.537,96,0.427,4,0.446,9.3,84,26,58,0.31,153,0.549,17,0.618,7.6,125,48,77,0.384,240,0.521,21,0.571,8.2
1641765,Olivier-Maxence Prosper,1610612763,MEM,40,14,26,763.0,45,33,12,0.733,125,0.36,5,0.375,5.6,99,26,73,0.263,199,0.497,32,0.593,5.9,144,59,85,0.41,307,0.469,37,0.533,5.8
1630209,Omer Yurtseven,1610612744,GSW,2,0,2,18.0,3,2,1,0.667,6,0.5,1,0.6,3.2,3,0,3,0.0,8,0.375,0,0.375,5.7,6,2,4,0.333,14,0.429,1,0.462,4.4
1630168,Onyeka Okongwu,1610612737,ATL,63,34,29,1976.0,116,74,42,0.638,261,0.444,8,0.458,6.2,376,120,256,0.319,621,0.605,64,0.675,4.7,492,194,298,0.394,872,0.564,72,0.615,5.1
1631115,Orlando Robinson,1610612753,ORL,2,0,2,16.0,2,1,1,0.5,5,0.4,0,0.4,2.8,2,0,2,0.0,3,0.667,0,0.667,2.8,4,1,3,0.25,6,0.667,0,0.667,2.8
1631131,Oscar Tshiebwe,1610612762,UTA,15,2,13,201.0,30,22,8,0.733,88,0.341,2,0.349,4.4,38,16,22,0.421,72,0.528,8,0.594,4.1,68,38,30,0.559,152,0.447,10,0.479,4.2
1642345,Oso Ighodaro,1610612756,PHX,67,37,30,1479.0,115,70,41,0.609,244,0.471,6,0.483,7.4,227,70,151,0.308,408,0.556,44,0.624,5.8,342,140,192,0.409,644,0.531,50,0.576,6.3
1631172,Ousmane Dieng,1610612749,MIL,35,22,13,623.0,18,13,5,0.722,34,0.529,2,0.563,9.3,89,22,67,0.247,147,0.605,11,0.654,6.4,107,35,72,0.327,181,0.591,13,0.637,6.9
1629023,P.J. Washington,1610612742,DAL,50,14,36,1567.0,77,40,37,0.519,177,0.435,6,0.45,8.3,282,61,218,0.216,448,0.629,35,0.683,6.0,359,101,255,0.281,590,0.608,41,0.654,6.5
1641790,PJ Hall,1610612766,CHA,16,5,11,211.0,33,24,9,0.727,73,0.452,3,0.471,3.9,42,14,28,0.333,76,0.553,5,0.592,4.9,75,38,37,0.507,147,0.51,8,0.54,4.5
1642359,Pacôme Dadiet,1610612752,NYK,15,11,4,68.0,3,2,1,0.667,7,0.429,0,0.429,6.8,17,1,16,0.059,26,0.654,3,0.739,6.9,20,3,17,0.15,33,0.606,3,0.667,6.8
1631094,Paolo Banchero,1610612753,ORL,59,31,28,2057.0,68,36,31,0.529,202,0.337,7,0.349,8.7,435,87,346,0.2,635,0.685,48,0.741,5.1,503,123,377,0.245,786,0.64,55,0.688,5.6
1627783,Pascal Siakam,1610612754,IND,55,14,41,1844.0,82,48,34,0.585,187,0.439,5,0.451,8.6,285,56,229,0.196,440,0.648,44,0.72,6.8,367,104,263,0.283,607,0.605,49,0.658,7.2
1626192,Pat Connaughton,1610612766,CHA,24,13,11,221.0,12,6,6,0.5,28,0.429,2,0.462,10.9,39,15,24,0.385,68,0.574,4,0.609,4.1,51,21,30,0.412,96,0.531,6,0.567,5.7
1630311,Pat Spencer,1610612744,GSW,42,17,25,832.0,38,15,23,0.395,83,0.458,2,0.469,10.0,79,15,64,0.19,150,0.527,16,0.59,6.8,117,30,87,0.256,231,0.506,18,0.549,7.9
1631116,Patrick Baldwin Jr.,1610612758,SAC,6,2,4,53.0,6,2,4,0.333,10,0.6,0,0.6,5.4,7,2,5,0.286,13,0.538,2,0.636,7.1,13,4,9,0.308,22,0.591,2,0.65,6.3
1630172,Patrick Williams,1610612741,CHI,54,17,37,1124.0,43,22,21,0.512,112,0.384,5,0.402,8.6,128,41,87,0.32,207,0.618,16,0.67,6.5,171,63,108,0.368,308,0.555,21,0.596,7.1
202331,Paul George,1610612755,PHI,27,16,11,824.0,14,8,6,0.571,48,0.292,1,0.298,7.7,125,22,104,0.176,232,0.539,25,0.604,6.2,139,30,110,0.216,262,0.531,26,0.589,6.4
1630194,Paul Reed,1610612765,DET,45,33,12,648.0,103,76,26,0.738,186,0.554,6,0.572,4.8,122,45,77,0.369,232,0.526,30,0.604,4.6,225,121,103,0.538,408,0.551,36,0.605,4.7
1630202,Payton Pritchard,1610612738,BOS,65,43,22,2125.0,57,13,44,0.228,160,0.356,9,0.377,12.7,214,30,184,0.14,386,0.554,46,0.629,9.1,271,43,228,0.159,544,0.498,55,0.554,9.9
1642362,Payton Sandfort,1610612760,OKC,1,1,0,5.0,0,0,0,0.0,0,0.0,0,0.0,0.0,1,0,1,0.0,2,0.5,0,0.5,6.5,1,0,1,0.0,2,0.5,0,0.5,6.5
1641796,Pelle Larsson,1610612748,MIA,55,33,22,1457.0,52,26,26,0.5,150,0.347,5,0.359,7.6,146,33,112,0.226,236,0.619,22,0.682,8.9,198,59,138,0.298,379,0.522,27,0.563,8.5
1631250,Pete Nance,1610612749,MIL,24,8,16,370.0,16,5,11,0.313,47,0.34,0,0.34,6.6,59,13,46,0.22,95,0.621,7,0.67,6.2,75,18,57,0.24,134,0.56,7,0.591,6.3
1631212,Peyton Watson,1610612743,DEN,48,30,18,1496.0,45,18,27,0.4,118,0.381,9,0.413,8.3,195,43,152,0.221,331,0.589,37,0.663,6.0,240,61,179,0.254,429,0.559,46,0.627,6.4
1630173,Precious Achiuwa,1610612758,SAC,61,16,45,1413.0,134,96,38,0.716,301,0.445,15,0.469,6.5,259,85,174,0.328,442,0.586,49,0.659,5.0,393,181,212,0.461,723,0.544,64,0.596,5.5
1629656,Quentin Grimes,1610612755,PHI,61,34,27,1826.0,41,12,29,0.293,102,0.402,2,0.41,14.2,189,44,145,0.233,337,0.561,39,0.634,7.2,230,56,174,0.243,434,0.53,41,0.585,8.5
1631245,Quenton Jackson,1610612754,IND,29,5,24,568.0,21,6,15,0.286,55,0.382,2,0.396,13.8,62,9,53,0.145,112,0.554,14,0.633,8.7,83,15,68,0.181,166,0.5,16,0.553,10.0
1642366,Quinten Post,1610612744,GSW,58,26,32,1081.0,63,32,30,0.508,142,0.444,5,0.46,6.9,195,57,138,0.292,385,0.506,52,0.586,5.4,258,89,168,0.345,514,0.502,57,0.565,5.8
1629628,RJ Barrett,1610612761,TOR,43,27,16,1298.0,41,20,21,0.488,118,0.347,0,0.347,8.8,192,40,152,0.208,302,0.636,24,0.691,6.7,233,60,173,0.258,396,0.588,24,0.626,7.1
1642853,Rasheer Fleming,1610612756,PHX,31,18,13,382.0,42,28,14,0.667,77,0.545,4,0.575,6.8,43,12,31,0.279,86,0.5,8,0.551,8.0,85,40,45,0.471,159,0.535,12,0.578,7.4
1642484,RayJ Dennis,1610612737,ATL,10,1,9,143.0,8,2,6,0.25,16,0.5,1,0.533,12.1,15,1,14,0.067,27,0.556,6,0.714,9.3,23,3,20,0.13,43,0.535,7,0.639,10.3
1641712,Rayan Rupert,1610612763,MEM,45,22,23,774.0,35,18,17,0.514,83,0.422,4,0.443,9.3,106,19,87,0.179,183,0.579,21,0.654,6.9,141,37,104,0.262,259,0.544,25,0.603,7.5
1642263,Reed Sheppard,1610612745,HOU,58,37,21,1511.0,22,4,18,0.182,60,0.367,5,0.4,21.6,164,33,130,0.201,285,0.575,21,0.621,8.1,186,37,148,0.199,340,0.547,26,0.592,9.7
1642434,Riley Minix,1610612739,CLE,3,2,1,13.0,2,1,1,0.5,3,0.667,0,0.667,2.4,3,0,3,0.0,4,0.75,0,0.75,6.0,5,1,4,0.2,7,0.714,0,0.714,4.5
1642265,Rob Dillingham,1610612741,CHI,38,16,22,545.0,15,3,12,0.2,38,0.395,3,0.429,13.4,77,9,68,0.117,116,0.664,8,0.713,8.3,92,12,80,0.13,154,0.597,11,0.643,9.2
1629057,Robert Williams III,1610612757,POR,48,23,25,816.0,113,71,41,0.628,190,0.595,5,0.611,5.6,219,94,125,0.429,322,0.68,27,0.742,4.9,332,165,166,0.497,485,0.685,32,0.733,5.2
1642911,Rocco Zikarsky,1610612750,MIN,3,0,3,12.0,2,2,0,1.0,4,0.5,0,0.5,10.9,3,2,1,0.667,7,0.429,1,0.5,4.5,5,4,1,0.8,11,0.455,1,0.5,7.0
1631199,Ron Harper Jr.,1610612738,BOS,13,8,5,211.0,14,9,5,0.643,24,0.583,0,0.583,11.0,22,4,18,0.182,35,0.629,5,0.733,6.6,36,13,23,0.361,57,0.632,5,0.692,8.3
1641842,Ronald Holland II,1610612765,DET,61,45,16,1255.0,73,31,42,0.425,167,0.437,2,0.442,9.5,202,44,158,0.218,316,0.639,23,0.689,6.5,275,75,200,0.273,457,0.602,25,0.637,7.3
1626220,Royce O'Neale,1610612756,PHX,68,39,29,1989.0,50,10,40,0.2,141,0.355,6,0.37,11.8,280,70,208,0.25,448,0.625,41,0.688,6.4,330,80,248,0.242,564,0.585,47,0.638,7.2
203497,Rudy Gobert,1610612750,MIN,66,41,25,2072.0,256,149,105,0.582,532,0.481,12,0.492,5.3,494,148,345,0.3,819,0.603,87,0.675,4.4,750,297,450,0.396,1309,0.573,99,0.62,4.7
1629060,Rui Hachimura,1610612747,LAL,56,39,17,1621.0,35,12,23,0.343,79,0.443,2,0.455,11.4,153,35,117,0.229,271,0.565,21,0.612,7.6,188,47,140,0.25,340,0.553,23,0.593,8.3
201566,Russell Westbrook,1610612758,SAC,60,16,44,1768.0,80,41,38,0.513,176,0.455,3,0.462,8.3,265,53,211,0.2,385,0.688,25,0.736,6.7,345,94,249,0.272,533,0.647,28,0.683,7.0
1642346,Ryan Dunn,1610612756,PHX,60,34,26,1177.0,86,36,46,0.419,189,0.455,7,0.473,8.8,165,40,118,0.242,279,0.591,27,0.655,4.8,251,76,164,0.303,442,0.568,34,0.615,6.2
1641750,Ryan Kalkbrenner,1610612766,CHA,56,31,25,1240.0,145,110,35,0.759,337,0.43,12,0.446,4.4,184,85,99,0.462,392,0.469,60,0.554,5.5,329,195,134,0.593,716,0.459,72,0.511,5.0
1642948,Ryan Nembhard,1610612742,DAL,39,15,24,803.0,9,3,6,0.333,30,0.3,0,0.3,14.9,84,11,73,0.131,150,0.56,15,0.622,10.0,93,14,79,0.151,176,0.528,15,0.578,10.5
1631157,Ryan Rollins,1610612749,MIL,66,26,40,2130.0,51,12,39,0.235,134,0.381,4,0.392,12.8,255,55,200,0.216,454,0.562,39,0.614,7.3,306,67,239,0.219,577,0.53,43,0.573,8.3
1630180,Saddiq Bey,1610612740,NOP,64,24,40,1987.0,108,53,55,0.491,220,0.491,6,0.505,8.2,259,54,205,0.208,409,0.633,33,0.689,7.4,367,107,260,0.292,617,0.595,39,0.635,7.6
1630573,Sam Hauser,1610612738,BOS,64,44,20,1600.0,49,13,36,0.265,111,0.441,2,0.45,11.8,207,32,175,0.155,350,0.591,28,0.643,6.9,256,45,211,0.176,441,0.58,30,0.623,7.9
1630241,Sam Merrill,1610612739,CLE,40,26,14,1045.0,26,7,18,0.269,51,0.51,1,0.52,13.8,80,18,62,0.225,186,0.43,21,0.485,8.2,106,25,80,0.236,235,0.451,22,0.498,9.5
1630572,Sandro Mamukelashvili,1610612761,TOR,64,37,27,1405.0,90,55,35,0.611,207,0.435,7,0.45,7.6,230,60,170,0.261,428,0.537,51,0.61,5.9,320,115,205,0.359,620,0.516,58,0.569,6.4
1630583,Santi Aldama,1610612763,MEM,43,19,24,1198.0,67,44,22,0.657,155,0.432,4,0.444,6.7,220,44,176,0.2,355,0.62,41,0.701,5.7,287,88,198,0.307,481,0.597,45,0.658,5.9
1630703,Scoot Henderson,1610612757,POR,18,10,8,420.0,11,8,3,0.727,31,0.355,2,0.379,7.8,39,9,30,0.231,80,0.488,10,0.557,8.5,50,17,33,0.34,109,0.459,12,0.515,8.3
1630567,Scottie Barnes,1610612761,TOR,65,38,27,2218.0,134,75,59,0.56,301,0.445,8,0.457,6.4,382,105,277,0.275,598,0.639,50,0.697,6.0,516,180,336,0.349,854,0.604,58,0.648,6.1
1630590,Scotty Pippen Jr.,1610612763,MEM,8,2,6,174.0,8,2,6,0.25,16,0.5,1,0.533,10.1,14,1,13,0.071,23,0.609,3,0.7,8.2,22,3,19,0.136,39,0.564,4,0.629,8.9
1642951,Sean Pedulla,1610612746,LAC,1,1,0,6.0,0,0,0,0.0,0,0.0,0,0.0,0.0,1,0,1,0.0,1,1.0,0,1.0,4.0,1,0,1,0.0,1,1.0,0,1.0,4.0
203552,Seth Curry,1610612744,GSW,4,0,4,51.0,3,1,2,0.333,6,0.5,1,0.6,21.6,3,2,1,0.667,5,0.6,0,0.6,16.6,6,3,3,0.5,11,0.545,1,0.6,19.1
1631101,Shaedon Sharpe,1610612757,POR,47,21,26,1405.0,48,15,33,0.313,113,0.425,4,0.44,12.0,164,36,128,0.22,272,0.603,16,0.641,6.9,212,51,161,0.241,383,0.554,20,0.584,8.0
1628983,Shai Gilgeous-Alexander,1610612760,OKC,57,47,10,1907.0,31,6,24,0.194,103,0.301,5,0.316,13.4,228,58,170,0.254,368,0.62,30,0.675,8.6,259,64,194,0.247,462,0.561,35,0.607,9.2
1630536,Sharife Cooper,1610612764,WAS,17,4,13,356.0,13,1,12,0.077,31,0.419,1,0.433,14.7,48,7,41,0.146,81,0.593,7,0.649,7.8,61,8,53,0.131,109,0.56,8,0.604,9.2
1631321,Sidy Cissoko,1610612757,POR,52,24,28,1141.0,54,26,28,0.481,118,0.458,4,0.474,12.1,94,23,71,0.245,174,0.54,13,0.584,9.0,148,49,99,0.331,283,0.523,17,0.556,10.1
1631323,Simone Fontecchio,1610612748,MIA,55,27,28,1010.0,51,28,23,0.549,117,0.436,7,0.464,8.0,142,34,108,0.239,238,0.597,26,0.67,6.8,193,62,131,0.321,348,0.555,33,0.613,7.1
1642883,Sion James,1610612766,CHA,67,34,33,1561.0,42,16,26,0.381,137,0.307,7,0.323,12.3,202,39,163,0.193,348,0.58,35,0.645,7.6,244,55,189,0.225,462,0.528,42,0.581,8.4
1627746,Skal Labissiere,1610612764,WAS,3,2,1,38.0,3,0,3,0.0,4,0.75,0,0.75,11.5,6,2,4,0.333,17,0.353,6,0.545,4.1,9,2,7,0.222,21,0.429,6,0.6,6.6
1642461,Spencer Jones,1610612743,DEN,49,29,20,1261.0,68,32,36,0.471,157,0.433,8,0.456,8.5,123,28,95,0.228,229,0.537,24,0.6,7.7,191,60,131,0.314,375,0.509,32,0.557,8.0
201939,Stephen Curry,1610612744,GSW,37,22,15,1161.0,16,4,12,0.25,59,0.271,2,0.281,13.1,122,26,96,0.213,206,0.592,15,0.639,8.1,138,30,108,0.217,264,0.523,17,0.559,8.7
1642264,Stephon Castle,1610612759,SAS,56,41,15,1680.0,79,42,36,0.532,181,0.436,1,0.439,8.7,217,46,171,0.212,350,0.62,29,0.676,7.2,296,88,207,0.297,525,0.564,30,0.598,7.6
203500,Steven Adams,1610612745,HOU,31,21,10,715.0,145,104,39,0.717,287,0.505,11,0.525,4.5,131,45,85,0.344,230,0.57,23,0.633,5.1,276,149,124,0.54,514,0.537,34,0.575,4.8
1629004,Svi Mykhailiuk,1610612762,UTA,46,13,33,1084.0,34,15,19,0.441,69,0.493,4,0.523,11.2,84,24,60,0.286,134,0.627,15,0.706,9.4,118,39,79,0.331,198,0.596,19,0.659,9.9
204456,T.J. McConnell,1610612754,IND,46,12,34,804.0,21,7,14,0.333,62,0.339,6,0.375,10.4,94,8,86,0.085,147,0.639,15,0.712,10.2,115,15,100,0.13,201,0.572,21,0.639,10.2
1643007,Taelon Peter,1610612754,IND,19,1,18,291.0,6,1,5,0.167,12,0.5,0,0.5,14.0,36,8,28,0.222,63,0.571,6,0.632,9.5,42,9,33,0.214,73,0.575,6,0.627,10.1
201959,Taj Gibson,1610612763,MEM,3,1,2,29.0,4,3,1,0.75,7,0.571,0,0.571,5.4,5,3,2,0.6,7,0.714,1,0.833,6.5,9,6,3,0.667,14,0.643,1,0.692,6.0
1631106,Tari Eason,1610612745,HOU,45,27,18,1183.0,91,41,50,0.451,174,0.523,4,0.535,9.1,196,41,153,0.209,275,0.713,17,0.76,6.2,287,82,203,0.286,424,0.677,21,0.712,7.2
1627752,Taurean Prince,1610612749,MIL,11,4,7,215.0,1,0,1,0.0,3,0.333,0,0.333,17.3,24,6,18,0.25,40,0.6,1,0.615,7.7,25,6,19,0.24,42,0.595,1,0.61,8.1
1641707,Taylor Hendricks,1610612763,MEM,47,12,35,892.0,59,38,21,0.644,123,0.48,6,0.504,7.3,121,37,84,0.306,206,0.587,15,0.634,5.9,180,75,105,0.417,315,0.571,21,0.612,6.3
1629611,Terance Mann,1610612751,BKN,55,14,41,1353.0,67,31,36,0.463,142,0.472,6,0.493,8.1,117,20,97,0.171,215,0.544,28,0.626,7.4,184,51,133,0.277,350,0.526,34,0.582,7.7
1630545,Terrence Shannon Jr.,1610612750,MIN,15,7,8,226.0,7,4,3,0.571,17,0.412,1,0.438,12.7,25,7,18,0.28,45,0.556,2,0.581,9.2,32,11,21,0.344,60,0.533,3,0.561,10.0
203648,Thanasis Antetokounmpo,1610612749,MIL,15,3,12,65.0,10,7,3,0.7,19,0.526,0,0.526,8.7,12,5,7,0.417,15,0.8,0,0.8,8.2,22,12,10,0.545,32,0.688,0,0.688,8.5
1628418,Thomas Bryant,1610612739,CLE,42,25,17,553.0,45,31,14,0.689,94,0.479,3,0.495,5.6,111,41,70,0.369,218,0.509,23,0.569,4.3,156,72,84,0.462,304,0.513,26,0.561,4.7
1642275,Tidjane Salaün,1610612766,CHA,33,15,18,565.0,26,18,8,0.692,62,0.419,2,0.433,7.2,123,35,88,0.285,183,0.672,8,0.703,5.0,149,53,96,0.356,240,0.621,10,0.648,5.4
203501,Tim Hardaway Jr.,1610612743,DEN,67,39,28,1814.0,13,3,10,0.231,46,0.283,0,0.283,15.8,166,45,121,0.271,285,0.582,24,0.636,8.0,179,48,131,0.268,319,0.561,24,0.607,8.5
202699,Tobias Harris,1610612765,DET,50,35,15,1436.0,48,19,28,0.396,117,0.41,7,0.436,9.4,222,55,165,0.248,345,0.643,29,0.703,6.8,270,74,193,0.274,452,0.597,36,0.649,7.2
1642449,Tolu Smith,1610612765,DET,8,6,2,91.0,14,8,6,0.571,32,0.438,1,0.452,3.9,21,5,16,0.238,33,0.636,3,0.7,4.6,35,13,22,0.371,60,0.583,4,0.625,4.3
1628396,Tony Bradley,1610612754,IND,31,6,25,382.0,56,39,17,0.696,123,0.455,2,0.463,4.0,51,14,37,0.275,91,0.56,9,0.622,4.8,107,53,54,0.495,205,0.522,11,0.552,4.4
1641787,Tosan Evbuomwan,1610612766,CHA,2,2,0,5.0,1,1,0,1.0,1,1.0,0,1.0,9.2,1,0,1,0.0,2,0.5,0,0.5,7.6,2,1,1,0.5,3,0.667,0,0.667,8.4
1641739,Toumani Camara,1610612757,POR,70,34,36,2334.0,113,60,53,0.531,265,0.426,13,0.448,8.4,257,54,201,0.21,467,0.55,48,0.613,7.4,370,114,254,0.308,698,0.53,61,0.581,7.7
1629027,Trae Young,1610612764,WAS,14,2,12,352.0,4,1,3,0.25,11,0.364,1,0.4,15.3,26,2,23,0.077,37,0.703,3,0.765,11.6,30,3,26,0.1,48,0.625,4,0.682,12.1
1631218,Trayce Jackson-Davis,1610612761,TOR,33,17,16,397.0,62,40,22,0.645,136,0.456,3,0.466,4.3,74,24,49,0.324,134,0.552,28,0.698,5.0,136,64,71,0.471,261,0.521,31,0.591,4.7
1642848,Tre Johnson,1610612764,WAS,51,10,41,1234.0,28,4,24,0.143,63,0.444,3,0.467,15.9,128,15,111,0.117,202,0.634,19,0.699,8.3,156,19,135,0.122,258,0.605,22,0.661,9.7
1630200,Tre Jones,1610612741,CHI,50,21,29,1352.0,32,10,22,0.313,88,0.364,2,0.372,9.8,122,13,105,0.107,196,0.622,14,0.67,9.8,154,23,127,0.149,281,0.548,16,0.581,9.8
1630544,Tre Mann,1610612766,CHA,33,14,19,555.0,20,6,14,0.3,47,0.426,1,0.435,15.3,69,15,54,0.217,120,0.575,11,0.633,5.7,89,21,68,0.236,164,0.543,12,0.586,7.9
1630570,Trendon Watford,1610612755,PHI,41,20,21,739.0,35,15,20,0.429,83,0.422,1,0.427,9.3,119,24,95,0.202,193,0.617,16,0.672,6.0,154,39,115,0.253,262,0.588,17,0.629,6.7
1642280,Trentyn Flowers,1610612741,CHI,1,0,1,4.0,1,1,0,1.0,1,1.0,0,1.0,5.6,0,0,0,0.0,0,0.0,0,0.0,0.0,1,1,0,1.0,1,1.0,0,1.0,5.6
1631211,Trevor Keels,1610612748,MIA,2,2,0,3.0,0,0,0,0.0,0,0.0,0,0.0,0.0,2,0,2,0.0,2,1.0,0,1.0,5.4,2,0,2,0.0,2,1.0,0,1.0,5.4
1641725,Trey Alexander,1610612740,NOP,2,0,2,33.0,0,0,0,0.0,1,0.0,0,0.0,0.0,4,0,4,0.0,8,0.5,2,0.667,4.4,4,0,4,0.0,9,0.444,2,0.571,4.4
1641998,Trey Jemison III,1610612752,NYK,9,8,1,53.0,8,4,4,0.5,20,0.4,2,0.444,6.0,8,3,5,0.375,14,0.571,3,0.727,6.7,16,7,9,0.438,33,0.485,5,0.571,6.4
1630530,Trey Murphy III,1610612740,NOP,62,21,41,2196.0,62,31,32,0.5,151,0.411,2,0.416,11.6,291,72,219,0.247,490,0.594,44,0.652,6.4,353,103,251,0.292,608,0.581,46,0.628,7.3
1642400,Tristan Enaruna,1610612739,CLE,6,6,0,34.0,5,2,3,0.4,9,0.556,1,0.625,12.9,4,0,4,0.0,4,1.0,0,1.0,7.5,9,2,7,0.222,13,0.692,1,0.75,10.5
1641774,Tristan Vukcevic,1610612764,WAS,38,8,30,565.0,27,16,11,0.593,62,0.435,2,0.45,8.9,105,27,78,0.257,192,0.547,24,0.625,5.0,132,43,89,0.326,247,0.534,26,0.597,5.8
1641783,Tristan da Silva,1610612753,ORL,62,34,28,1512.0,48,15,33,0.313,138,0.348,2,0.353,10.5,192,57,134,0.297,319,0.602,27,0.658,7.3,240,72,167,0.3,451,0.532,29,0.569,7.9
1629660,Ty Jerome,1610612763,MEM,13,3,10,290.0,10,1,9,0.1,19,0.526,0,0.526,12.9,30,11,19,0.367,49,0.612,4,0.667,8.7,40,12,28,0.3,67,0.597,4,0.635,9.8
1631102,TyTy Washington Jr.,1610612746,LAC,2,1,1,15.0,1,1,0,1.0,1,1.0,0,1.0,8.5,1,0,1,0.0,5,0.2,0,0.2,7.5,2,1,1,0.5,6,0.333,0,0.333,8.0
1631174,Tyler Burton,1610612763,MEM,4,1,3,91.0,4,2,2,0.5,11,0.364,0,0.364,12.5,13,3,10,0.231,19,0.684,0,0.684,7.4,17,5,12,0.294,28,0.607,0,0.607,8.6
1629639,Tyler Herro,1610612748,MIA,23,11,12,707.0,12,6,6,0.5,39,0.308,2,0.324,10.2,101,10,91,0.099,180,0.561,15,0.612,7.6,113,16,97,0.142,216,0.523,17,0.568,7.9
1642278,Tyler Kolek,1610612752,NYK,37,21,16,555.0,15,7,8,0.467,40,0.375,0,0.375,13.2,77,13,64,0.169,127,0.606,12,0.67,9.9,92,20,72,0.217,166,0.554,12,0.597,10.5
1641890,Tyler Smith,1610612742,DAL,2,0,2,11.0,0,0,0,0.0,2,0.0,0,0.0,0.0,2,1,1,0.5,4,0.5,1,0.667,7.0,2,1,1,0.5,5,0.4,1,0.5,7.0
1631213,Tyrese Martin,1610612755,PHI,41,10,31,747.0,34,13,21,0.382,63,0.54,2,0.557,12.1,81,19,62,0.235,145,0.559,15,0.623,8.1,115,32,83,0.278,199,0.578,17,0.632,9.3
1630178,Tyrese Maxey,1610612755,PHI,60,33,27,2296.0,18,4,14,0.222,78,0.231,3,0.24,15.8,233,38,194,0.163,400,0.583,25,0.621,9.7,251,42,208,0.167,474,0.53,28,0.563,10.1
1642878,Tyrese Proctor,1610612739,CLE,22,15,7,282.0,6,2,4,0.333,16,0.375,1,0.4,8.9,37,6,31,0.162,58,0.638,2,0.661,10.6,43,8,35,0.186,74,0.581,3,0.606,10.3
1630623,Tyson Etienne,1610612751,BKN,4,0,4,83.0,2,1,1,0.5,6,0.333,0,0.333,13.7,8,4,4,0.5,18,0.444,3,0.533,7.2,10,5,5,0.5,22,0.455,3,0.526,8.5
1626145,Tyus Jones,1610612743,DEN,37,19,18,629.0,10,0,10,0.0,18,0.556,0,0.556,21.3,55,6,49,0.109,86,0.64,9,0.714,10.8,65,6,59,0.092,104,0.625,9,0.684,12.4
1642845,VJ Edgecombe,1610612755,PHI,62,35,27,2159.0,101,52,49,0.515,199,0.508,6,0.523,9.1,243,57,186,0.235,423,0.574,31,0.62,7.5,344,109,235,0.317,611,0.563,37,0.599,8.0
1641705,Victor Wembanyama,1610612759,SAS,55,42,13,1615.0,104,63,39,0.606,192,0.542,3,0.55,7.1,509,156,342,0.306,766,0.664,68,0.729,4.8,613,219,381,0.357,931,0.658,71,0.713,5.2
1631246,Vince Williams Jr.,1610612762,UTA,38,16,22,792.0,39,15,24,0.385,82,0.476,4,0.5,11.4,116,26,90,0.224,198,0.586,17,0.641,7.9,155,41,114,0.265,279,0.556,21,0.601,8.8
1642884,Vladislav Goldin,1610612748,MIA,3,3,0,11.0,1,0,1,0.0,3,0.333,0,0.333,2.1,3,1,2,0.333,4,0.75,0,0.75,1.8,4,1,3,0.25,6,0.667,0,0.667,1.9
1630249,Vít Krejčí,1610612757,POR,55,27,28,1218.0,31,14,17,0.452,63,0.492,2,0.508,9.4,117,31,86,0.265,213,0.549,22,0.613,7.6,148,45,103,0.304,268,0.552,24,0.607,8.0
1631117,Walker Kessler,1610612762,UTA,5,2,3,154.0,23,18,5,0.783,49,0.469,1,0.479,5.2,31,7,24,0.226,62,0.5,10,0.596,4.4,54,25,29,0.463,109,0.495,11,0.551,4.8
1642383,Walter Clayton Jr.,1610612763,MEM,47,14,33,932.0,16,2,14,0.125,49,0.327,5,0.364,16.5,98,18,79,0.184,184,0.533,19,0.594,8.5,114,20,93,0.175,232,0.491,24,0.548,9.6
1628976,Wendell Carter Jr.,1610612753,ORL,65,36,29,1925.0,138,105,32,0.761,365,0.378,9,0.388,4.5,352,133,217,0.378,633,0.556,80,0.637,5.2,490,238,249,0.486,976,0.502,89,0.552,5.0
1631111,Wendell Moore Jr.,1610612765,DET,4,3,1,45.0,1,1,0,1.0,4,0.25,0,0.25,9.1,5,0,5,0.0,10,0.5,3,0.714,6.4,6,1,5,0.167,14,0.429,3,0.545,6.9
1642954,Will Richard,1610612744,GSW,49,28,21,1033.0,60,30,30,0.5,125,0.48,5,0.5,6.9,92,19,72,0.207,165,0.558,20,0.634,7.9,152,49,102,0.322,283,0.537,25,0.589,7.5
1642860,Will Riley,1610612764,WAS,55,13,42,1188.0,50,18,32,0.36,111,0.45,2,0.459,10.0,109,23,86,0.211,187,0.583,12,0.623,8.6,159,41,118,0.258,293,0.543,14,0.57,9.0
1630214,Xavier Tillman,1610612766,CHA,11,8,3,116.0,16,10,6,0.625,32,0.5,0,0.5,7.4,19,5,14,0.263,25,0.76,1,0.792,8.2,35,15,20,0.429,56,0.625,1,0.636,7.8
1642905,Yang Hansen,1610612757,POR,29,11,18,236.0,19,10,9,0.526,54,0.352,2,0.365,6.0,39,16,23,0.41,88,0.443,14,0.527,5.2,58,26,32,0.448,140,0.414,16,0.468,5.4
1642949,Yanic Konan Niederhäuser,1610612746,LAC,35,18,17,405.0,37,25,12,0.676,95,0.389,7,0.42,4.8,80,20,60,0.25,163,0.491,11,0.526,5.3,117,45,72,0.385,253,0.462,18,0.498,5.1
1642530,Yuki Kawamura,1610612741,CHI,7,2,5,106.0,4,0,4,0.0,10,0.4,0,0.4,21.0,15,0,15,0.0,26,0.577,3,0.652,8.3,19,0,19,0.0,35,0.543,3,0.594,11.0
1642274,Yves Missi,1610612740,NOP,56,19,37,1101.0,161,122,39,0.758,336,0.479,4,0.485,4.6,172,53,119,0.308,353,0.487,37,0.544,5.0,333,175,158,0.526,671,0.496,41,0.529,4.8
1642258,Zaccharie Risacher,1610612737,ATL,53,31,22,1260.0,56,32,24,0.571,139,0.403,12,0.441,6.8,157,40,117,0.255,254,0.618,29,0.698,6.1,213,72,141,0.338,387,0.55,41,0.616,6.3
1628380,Zach Collins,1610612741,CHI,10,6,4,184.0,16,12,4,0.75,44,0.364,2,0.381,3.6,40,15,25,0.375,68,0.588,9,0.678,4.9,56,27,29,0.482,105,0.533,11,0.596,4.5
1641744,Zach Edey,1610612763,MEM,11,7,4,284.0,43,29,14,0.674,87,0.494,0,0.494,4.4,79,27,52,0.342,133,0.594,19,0.693,4.7,122,56,66,0.459,219,0.557,19,0.61,4.6
203897,Zach LaVine,1610612758,SAC,37,9,28,1173.0,8,2,6,0.25,41,0.195,3,0.211,18.5,100,19,81,0.19,176,0.568,16,0.625,7.1,108,21,87,0.194,209,0.517,19,0.568,8.0
1630192,Zeke Nnaji,1610612743,DEN,37,27,10,526.0,31,18,13,0.581,85,0.365,2,0.373,6.2,95,24,71,0.253,152,0.625,10,0.669,5.0,126,42,84,0.333,232,0.543,12,0.573,5.3
1630533,Ziaire Williams,1610612751,BKN,44,11,33,1005.0,28,10,18,0.357,69,0.406,5,0.438,12.7,90,17,73,0.189,135,0.667,4,0.687,7.7,118,27,91,0.229,194,0.608,9,0.638,8.9
1629627,Zion Williamson,1610612740,NOP,53,22,31,1576.0,116,88,28,0.759,267,0.434,7,0.446,5.6,196,72,124,0.367,315,0.622,31,0.69,6.0,312,160,152,0.513,560,0.557,38,0.598,5.9
