PLAYER_ID,PLAYER_NAME,TEAM_ID,TEAM_ABBREVIATION,GP,W,L,MIN,DIST_FEET,DIST_MILES,DIST_MILES_OFF,DIST_MILES_DEF,AVG_SPEED,AVG_SPEED_OFF,AVG_SPEED_DEF
1630639,A.J. Lawson,1610612761,TOR,14,6,8,110.0,47025,8.9,4.5,4.4,4.58,4.85,4.33
1631260,AJ Green,1610612749,MIL,65,27,38,1866.0,747273,141.5,77.4,64.1,4.47,4.82,4.11
1642358,AJ Johnson,1610612742,DAL,40,7,33,353.0,151018,28.6,15.7,12.9,4.56,5.11,4.03
203932,Aaron Gordon,1610612743,DEN,28,19,9,768.0,269969,51.1,27.4,23.7,3.95,4.13,3.75
1628988,Aaron Holiday,1610612745,HOU,43,27,16,558.0,201540,38.2,20.2,18.0,4.04,4.15,3.92
1630174,Aaron Nesmith,1610612754,IND,41,9,32,1207.0,498258,94.4,50.9,43.4,4.52,4.92,4.11
1630598,Aaron Wiggins,1610612760,OKC,55,42,13,1258.0,532424,100.8,53.4,47.4,4.65,5.07,4.25
1642846,Ace Bailey,1610612762,UTA,61,18,43,1636.0,625590,118.5,61.4,57.1,4.22,4.32,4.12
1641737,Adem Bona,1610612755,PHI,59,33,26,1025.0,417200,79.0,41.4,37.6,4.39,4.61,4.18
1642876,Adou Thiero,1610612747,LAL,19,11,8,104.0,42432,8.0,4.2,3.8,4.45,4.64,4.27
1642349,Ajay Mitchell,1610612760,OKC,48,42,6,1266.0,515188,97.6,52.2,45.3,4.58,4.99,4.17
201143,Al Horford,1610612744,GSW,43,22,21,933.0,348733,66.0,35.8,30.2,4.07,4.27,3.85
1627936,Alex Caruso,1610612760,OKC,47,39,8,867.0,346918,65.7,33.9,31.8,4.37,4.72,4.04
1631457,Alex Morales,1610612753,ORL,1,0,1,12.0,4860,0.9,0.4,0.5,4.14,4.11,4.16
1642259,Alex Sarr,1610612764,WAS,46,11,35,1260.0,491443,93.1,49.1,43.9,4.38,4.73,4.05
1642918,Alijah Martin,1610612761,TOR,16,6,10,102.0,43566,8.3,4.3,4.0,4.42,4.68,4.17
1631214,Alondes Williams,1610612764,WAS,4,2,2,101.0,41006,7.8,3.9,3.8,4.34,4.52,4.06
1630578,Alperen Sengun,1610612745,HOU,59,36,23,1975.0,694540,131.5,71.0,60.5,3.89,3.97,3.8
1642873,Amari Williams,1610612738,BOS,19,13,6,120.0,45580,8.6,4.8,3.8,4.01,4.03,3.98
1641708,Amen Thompson,1610612745,HOU,66,39,27,2453.0,939432,177.9,98.0,80.0,4.22,4.45,3.98
1629599,Amir Coffey,1610612756,PHX,43,18,25,437.0,164612,31.2,15.8,15.4,4.14,4.17,4.11
1643158,Andersson Garcia,1610612762,UTA,5,1,4,169.0,69676,13.2,6.7,6.5,4.37,4.54,4.21
203083,Andre Drummond,1610612755,PHI,51,25,26,1015.0,369698,70.0,35.9,34.1,4.09,4.15,4.04
1641748,Andre Jackson Jr.,1610612749,MIL,37,10,27,219.0,91379,17.3,9.5,7.8,4.53,4.83,4.21
1629614,Andrew Nembhard,1610612754,IND,52,11,41,1621.0,632869,119.9,65.1,54.7,4.31,4.77,3.87
203952,Andrew Wiggins,1610612748,MIA,57,30,27,1765.0,685750,129.9,67.5,62.4,4.33,4.79,3.92
1629014,Anfernee Simons,1610612741,CHI,55,31,24,1372.0,542697,102.8,55.8,46.9,4.4,4.56,4.22
1641710,Anthony Black,1610612753,ORL,60,33,27,1841.0,711893,134.8,69.3,65.5,4.29,4.4,4.18
203076,Anthony Davis,1610612764,WAS,20,10,10,626.0,207482,39.3,20.7,18.5,3.74,3.83,3.63
1630162,Anthony Edwards,1610612750,MIN,58,35,23,2061.0,744714,141.0,76.7,64.4,4.0,4.33,3.67
1630264,Anthony Gill,1610612764,WAS,42,5,37,568.0,231831,43.9,23.2,20.7,4.32,4.58,4.06
1641810,Antonio Reeves,1610612766,CHA,9,3,6,66.0,24556,4.7,2.5,2.1,4.34,4.32,4.17
1630574,Ariel Hukporti,1610612752,NYK,48,31,17,430.0,174979,33.1,17.3,15.9,4.43,4.52,4.38
1642854,Asa Newell,1610612737,ATL,40,20,20,445.0,192430,36.4,19.5,17.0,4.76,5.15,4.4
1641709,Ausar Thompson,1610612765,DET,60,43,17,1535.0,610135,115.6,58.7,56.9,4.38,4.53,4.24
1630559,Austin Reaves,1610612747,LAL,44,31,13,1513.0,540026,102.3,56.4,45.9,4.01,4.37,3.63
1630245,Ayo Dosunmu,1610612750,MIN,61,32,29,1615.0,638634,121.0,64.1,56.9,4.37,4.77,3.99
1628389,Bam Adebayo,1610612748,MIA,61,32,29,1949.0,745902,141.3,73.6,67.7,4.22,4.7,3.8
1631248,Baylor Scheierman,1610612738,BOS,64,44,20,1115.0,433328,82.1,43.3,38.8,4.22,4.21,4.24
1642879,Ben Saraf,1610612751,BKN,32,8,24,587.0,237552,45.0,24.7,20.3,4.41,4.72,4.08
1641767,Ben Sheppard,1610612754,IND,58,13,45,1245.0,527107,99.8,52.3,47.5,4.71,4.96,4.46
1631097,Bennedict Mathurin,1610612746,LAC,44,16,28,1372.0,538272,101.9,53.8,48.2,4.31,4.6,4.03
1643016,Bez Mbeng,1610612762,UTA,4,1,3,122.0,52528,9.9,5.1,4.9,4.52,4.87,4.3
1641731,Bilal Coulibaly,1610612764,WAS,47,13,34,1252.0,504075,95.5,50.0,45.5,4.44,4.7,4.18
202687,Bismack Biyombo,1610612759,SAS,20,16,4,117.0,43172,8.2,4.5,3.7,4.14,4.27,4.0
1642396,Blake Hinson,1610612762,UTA,10,3,7,202.0,82124,15.6,8.2,7.3,4.31,4.51,4.04
1631104,Blake Wesley,1610612757,POR,23,14,9,301.0,129685,24.6,12.8,11.7,4.71,4.9,4.47
1626171,Bobby Portis,1610612749,MIL,66,26,40,1600.0,608237,115.2,60.7,54.5,4.22,4.43,4.0
1641752,Bobi Klintman,1610612765,DET,11,7,4,69.0,28665,5.4,2.7,2.7,4.75,4.88,4.62
203992,Bogdan Bogdanović,1610612746,LAC,20,5,15,421.0,155495,29.4,15.9,13.6,4.18,4.51,3.87
1630538,Bones Hyland,1610612750,MIN,61,38,23,925.0,374566,70.9,37.8,33.1,4.39,4.71,4.08
203078,Bradley Beal,1610612746,LAC,6,2,4,121.0,43718,8.3,4.4,3.9,4.4,4.45,4.34
1642382,Branden Carlson,1610612760,OKC,35,27,8,376.0,148463,28.1,14.7,13.4,4.4,4.66,4.14
1641764,Brandin Podziemski,1610612744,GSW,69,33,36,1941.0,776596,147.1,82.2,64.9,4.41,4.71,4.07
1629634,Brandon Clarke,1610612763,MEM,2,1,1,20.0,8014,1.5,0.7,0.8,4.18,4.12,4.24
1627742,Brandon Ingram,1610612761,TOR,66,38,28,2251.0,812079,153.8,80.7,73.1,4.01,4.28,3.75
1641706,Brandon Miller,1610612766,CHA,53,33,20,1596.0,630187,119.4,67.0,52.3,4.26,4.58,3.9
1630314,Brandon Williams,1610612742,DAL,60,21,39,1320.0,547036,103.6,56.0,47.6,4.56,4.97,4.16
1641729,Brice Sensabaugh,1610612762,UTA,66,18,48,1497.0,580859,110.0,58.0,52.0,4.21,4.44,3.98
1642355,Bronny James,1610612747,LAL,32,17,15,224.0,83850,15.9,8.9,7.0,4.17,4.47,3.85
201572,Brook Lopez,1610612746,LAC,63,33,30,1302.0,464907,88.1,45.2,42.9,3.88,3.93,3.83
1642964,Brooks Barnhizer,1610612760,OKC,34,25,9,271.0,111425,21.1,10.9,10.2,4.58,4.74,4.42
1628971,Bruce Brown,1610612743,DEN,70,42,28,1726.0,637566,120.8,64.5,56.3,4.04,4.24,3.84
1631121,Bryce McGowens,1610612740,NOP,42,14,28,880.0,361629,68.5,36.1,32.4,4.51,4.78,4.26
1642267,Bub Carrington,1610612764,WAS,69,16,53,1900.0,753163,142.6,76.4,66.2,4.4,4.74,4.06
1631205,Buddy Boeheim,1610612760,OKC,4,2,2,15.0,6131,1.2,0.6,0.6,4.52,4.56,4.49
1627741,Buddy Hield,1610612737,ATL,46,22,24,775.0,331244,62.7,34.2,28.6,4.84,5.06,4.62
203468,CJ McCollum,1610612737,ATL,64,29,35,1909.0,787112,149.1,82.0,67.0,4.6,5.12,4.08
1630595,Cade Cunningham,1610612765,DET,61,44,17,2096.0,799431,151.4,84.6,66.9,4.29,4.87,3.73
1631216,Caleb Houstan,1610612737,ATL,14,9,5,59.0,22654,4.3,2.4,1.9,4.32,4.74,3.89
1631126,Caleb Love,1610612757,POR,45,21,24,999.0,396554,75.1,39.9,35.2,4.37,4.6,4.13
1628997,Caleb Martin,1610612742,DAL,58,20,38,856.0,359414,68.1,36.1,31.9,4.55,4.91,4.19
1642353,Cam Christie,1610612746,LAC,47,22,25,434.0,175638,33.3,17.5,15.8,4.49,4.67,4.3
1642285,Cam Spencer,1610612763,MEM,65,23,42,1546.0,628366,119.0,65.5,53.5,4.49,4.96,4.01
1630560,Cam Thomas,1610612749,MIL,41,11,30,865.0,339768,64.4,35.6,28.7,4.29,4.58,3.97
1641715,Cam Whitmore,1610612764,WAS,21,3,18,354.0,128954,24.4,13.0,11.5,4.34,4.73,4.01
1629661,Cameron Johnson,1610612743,DEN,44,27,17,1340.0,497953,94.3,51.0,43.3,4.22,4.55,3.89
1626166,Cameron Payne,1610612755,PHI,15,7,8,260.0,108402,20.5,11.4,9.2,4.38,4.82,3.96
1627747,Caris LeVert,1610612765,DET,49,35,14,953.0,367459,69.6,37.5,32.1,4.32,4.67,3.97
1642868,Carter Bryant,1610612759,SAS,59,46,13,620.0,249540,47.3,23.1,24.1,4.48,4.51,4.44
1641717,Cason Wallace,1610612760,OKC,67,52,15,1826.0,725866,137.5,70.6,66.9,4.43,4.63,4.23
1642907,Cedric Coward,1610612763,MEM,54,19,35,1403.0,568599,107.7,56.4,51.3,4.55,4.85,4.26
1643052,Chaney Johnson,1610612751,BKN,6,1,5,123.0,51203,9.7,4.8,4.9,4.37,4.52,4.24
1629646,Charles Bassey,1610612738,BOS,4,1,3,37.0,14351,2.7,1.4,1.3,4.42,4.65,4.19
1642404,Chaz Lanier,1610612765,DET,25,21,4,193.0,75946,14.4,7.7,6.7,4.45,4.6,4.3
1631096,Chet Holmgren,1610612760,OKC,60,48,12,1759.0,678836,128.6,68.6,59.9,4.29,4.66,3.92
1628449,Chris Boucher,1610612738,BOS,9,4,5,94.0,33926,6.4,3.2,3.2,4.27,4.29,4.24
1641753,Chris Livingston,1610612739,CLE,3,2,1,17.0,6678,1.3,0.7,0.6,4.67,4.81,4.52
1643024,Chris Mañon,1610612747,LAL,6,2,4,25.0,9845,1.9,0.9,1.0,4.16,4.13,4.18
101108,Chris Paul,1610612746,LAC,16,4,12,228.0,74409,14.1,7.8,6.3,3.93,4.07,3.77
1642959,Chris Youngblood,1610612757,POR,32,27,5,174.0,69212,13.1,7.0,6.1,4.46,4.72,4.19
1631128,Christian Braun,1610612743,DEN,34,19,15,1088.0,426351,80.7,42.1,38.6,4.32,4.5,4.14
1631132,Christian Koloko,1610612737,ATL,23,13,10,314.0,129787,24.6,12.6,12.0,4.41,4.65,4.18
1642935,Chucky Hepburn,1610612761,TOR,2,0,2,13.0,5455,1.0,0.5,0.5,4.85,5.36,4.43
203991,Clint Capela,1610612745,HOU,62,37,25,776.0,285256,54.0,28.9,25.1,4.05,4.16,3.92
1629632,Coby White,1610612766,CHA,39,21,18,1043.0,401997,76.1,41.8,34.3,4.22,4.66,3.78
1628998,Cody Martin,1610612754,IND,4,0,4,55.0,21586,4.1,2.1,2.0,4.67,5.2,4.21
1642262,Cody Williams,1610612762,UTA,56,15,41,1244.0,533314,101.0,52.7,48.3,4.63,4.85,4.41
1641732,Colby Jones,1610612765,DET,1,0,1,7.0,2799,0.5,0.2,0.3,4.51,4.58,4.46
1630175,Cole Anthony,1610612749,MIL,35,12,23,527.0,208230,39.4,21.4,18.1,4.55,4.94,4.19
1630658,Colin Castleton,1610612753,ORL,1,0,1,10.0,3753,0.7,0.3,0.4,3.75,3.71,3.78
1631221,Collin Gillespie,1610612756,PHX,69,38,31,1998.0,833830,157.9,85.1,72.8,4.62,4.93,4.3
1642867,Collin Murray-Boyles,1610612761,TOR,47,25,22,1046.0,422364,80.0,40.4,39.6,4.44,4.64,4.26
1629012,Collin Sexton,1610612741,CHI,56,22,34,1275.0,504764,95.6,52.1,43.5,4.38,4.71,4.04
1642843,Cooper Flagg,1610612742,DAL,58,19,39,1946.0,755865,143.2,79.7,63.4,4.34,4.78,3.89
1630557,Corey Kispert,1610612737,ATL,48,21,27,933.0,390621,74.0,40.3,33.7,4.67,5.26,4.12
1642504,Cormac Ryan,1610612749,MIL,1,0,1,8.0,2917,0.6,0.3,0.2,4.32,4.53,2.75
1641854,Craig Porter Jr.,1610612739,CLE,58,39,19,1024.0,425601,80.6,40.9,39.7,4.58,4.82,4.36
1642938,Curtis Jones,1610612743,DEN,6,4,2,31.0,13344,2.5,1.4,1.1,4.66,5.08,4.21
1626156,D'Angelo Russell,1610612764,WAS,26,9,17,495.0,185610,35.2,19.2,16.0,4.37,4.82,3.92
1641747,DaRon Holmes II,1610612743,DEN,19,11,8,194.0,74929,14.2,7.6,6.6,4.12,4.32,3.92
1631342,Daeqwon Plowden,1610612758,SAC,21,6,15,514.0,216512,41.0,21.9,19.1,4.51,4.77,4.23
1630625,Dalano Banton,1610612738,BOS,5,3,2,25.0,9929,1.9,1.0,0.9,4.12,4.51,3.75
1631207,Dalen Terry,1610612755,PHI,43,18,25,511.0,221873,42.0,22.1,19.9,4.76,5.18,4.37
1642261,Dalton Knecht,1610612747,LAL,48,29,19,509.0,186016,35.2,19.7,15.6,4.11,4.41,3.8
1629655,Daniel Gafford,1610612742,DAL,49,11,38,1062.0,423051,80.1,41.2,38.9,4.39,4.54,4.25
1642450,Daniss Jenkins,1610612765,DET,59,44,15,1040.0,428820,81.2,43.7,37.5,4.53,4.79,4.27
1642874,Danny Wolf,1610612751,BKN,55,14,41,1150.0,469679,89.0,48.4,40.6,4.4,4.79,4.02
203967,Dario Saric,1610612758,SAC,5,1,4,41.0,15495,2.9,1.5,1.5,4.23,4.62,4.16
1642468,Darius Brown,1610612739,CLE,1,1,0,3.0,1177,0.2,0.1,0.1,4.23,3.95,4.56
1629636,Darius Garland,1610612746,LAC,34,18,16,1010.0,388920,73.7,39.5,34.2,4.26,4.73,3.82
1642357,David Jones Garcia,1610612759,SAS,11,7,4,68.0,28600,5.4,2.7,2.7,4.84,4.89,4.79
1631223,David Roddy,1610612743,DEN,2,1,1,12.0,5208,1.0,0.6,0.4,4.55,5.01,4.02
1630558,Davion Mitchell,1610612748,MIA,59,33,26,1667.0,658754,124.8,64.9,59.9,4.45,4.97,3.99
1630549,Day'Ron Sharpe,1610612751,BKN,62,17,45,1160.0,465938,88.2,46.0,42.2,4.39,4.51,4.27
1628368,De'Aaron Fox,1610612759,SAS,61,46,15,1916.0,736392,139.5,72.9,66.6,4.29,4.65,3.94
1629631,De'Andre Hunter,1610612758,SAC,45,24,21,1175.0,433521,82.1,43.9,38.2,4.15,4.6,3.73
1629001,De'Anthony Melton,1610612744,GSW,38,19,19,866.0,365959,69.3,38.6,30.7,4.49,4.92,4.05
201599,DeAndre Jordan,1610612740,NOP,10,6,4,163.0,53717,10.2,5.3,4.8,3.54,3.7,3.32
1630610,DeJon Jarreau,1610612763,MEM,3,1,2,57.0,25107,4.8,2.5,2.3,4.69,4.93,4.45
201942,DeMar DeRozan,1610612758,SAC,69,17,52,2184.0,789743,149.6,80.8,68.7,4.01,4.25,3.76
1629731,Dean Wade,1610612739,CLE,55,33,22,1235.0,502828,95.2,48.7,46.6,4.53,4.79,4.29
1629028,Deandre Ayton,1610612747,LAL,61,39,22,1682.0,598157,113.3,58.4,54.8,3.97,4.03,3.9
1627749,Dejounte Murray,1610612740,NOP,9,5,4,246.0,97289,18.4,9.7,8.8,4.17,4.45,3.95
1630166,Deni Avdija,1610612757,POR,54,27,27,1802.0,684516,129.6,70.5,59.2,4.24,4.71,3.8
203471,Dennis Schröder,1610612739,CLE,59,21,38,1479.0,589845,111.7,59.0,52.7,4.37,4.7,4.06
1641726,Dereck Lively II,1610612742,DAL,7,3,4,115.0,44559,8.4,4.6,3.9,4.55,4.95,4.25
1642852,Derik Queen,1610612740,NOP,70,25,45,1731.0,620802,117.6,62.2,55.4,3.96,4.23,3.7
1627884,Derrick Jones Jr.,1610612746,LAC,38,18,20,1039.0,404859,76.7,40.0,36.7,4.28,4.36,4.2
1628401,Derrick White,1610612738,BOS,66,44,22,2260.0,856854,162.3,91.6,70.6,4.2,4.53,3.83
1630217,Desmond Bane,1610612753,ORL,69,38,31,2356.0,914408,173.2,92.2,80.9,4.29,4.57,4.0
1626164,Devin Booker,1610612756,PHX,54,32,22,1810.0,659915,125.0,69.3,55.7,4.05,4.47,3.62
1642269,Devin Carter,1610612758,SAC,27,4,23,386.0,160859,30.5,16.4,14.1,4.49,4.79,4.19
1630170,Devin Vassell,1610612759,SAS,56,43,13,1724.0,663353,125.6,66.3,59.4,4.41,4.82,4.03
1628415,Dillon Brooks,1610612756,PHX,50,30,20,1530.0,566842,107.4,55.0,52.4,4.1,4.27,3.93
1641794,Dillon Jones,1610612752,NYK,5,4,1,24.0,10184,1.9,1.1,0.8,4.42,4.71,4.06
1627734,Domantas Sabonis,1610612758,SAC,19,3,16,564.0,215372,40.8,21.6,19.2,4.37,4.54,4.19
1631230,Dominick Barlow,1610612755,PHI,58,32,26,1415.0,589037,111.6,58.7,52.9,4.6,4.78,4.42
1642270,Donovan Clingan,1610612757,POR,65,33,32,1774.0,659994,125.0,66.2,58.8,4.12,4.38,3.87
1628378,Donovan Mitchell,1610612739,CLE,61,38,23,2043.0,761654,144.3,79.4,64.8,4.13,4.78,3.54
1628978,Donte DiVincenzo,1610612750,MIN,70,43,27,2155.0,837023,158.5,83.8,74.8,4.34,4.64,4.05
1627827,Dorian Finney-Smith,1610612745,HOU,32,20,12,562.0,215011,40.7,21.9,18.8,4.04,4.17,3.9
203926,Doug McDermott,1610612758,SAC,18,4,14,220.0,90086,17.1,9.3,7.7,4.37,4.7,3.98
1642962,Drake Powell,1610612751,BKN,52,13,39,1011.0,408721,77.4,40.8,36.6,4.42,4.67,4.17
203110,Draymond Green,1610612744,GSW,56,27,29,1524.0,535678,101.5,54.8,46.7,3.91,4.18,3.63
1629234,Drew Eubanks,1610612758,SAC,42,10,32,552.0,215194,40.8,21.3,19.4,4.46,4.75,4.17
1641809,Drew Peterson,1610612766,CHA,6,1,5,64.0,23728,4.5,2.4,2.1,4.34,4.62,4.07
1631166,Drew Timme,1610612747,LAL,21,13,8,179.0,71792,13.6,7.2,6.4,4.26,4.38,4.12
1630696,Dru Smith,1610612748,MIA,66,36,30,1115.0,468680,88.8,46.3,42.5,4.65,5.12,4.22
1629130,Duncan Robinson,1610612765,DET,67,49,18,1847.0,745999,141.3,75.7,65.6,4.53,4.86,4.19
1641871,Duop Reath,1610612757,POR,32,16,16,258.0,98823,18.7,9.8,8.9,4.37,4.54,4.21
203939,Dwight Powell,1610612742,DAL,53,16,37,713.0,291874,55.3,29.0,26.3,4.52,4.77,4.27
1642928,Dylan Cardwell,1610612758,SAC,32,9,23,662.0,257969,48.9,25.9,22.9,4.11,4.31,3.9
1642844,Dylan Harper,1610612759,SAS,57,43,14,1265.0,501138,94.9,49.6,45.3,4.4,4.67,4.13
1630700,Dyson Daniels,1610612737,ATL,65,37,28,2164.0,873829,165.5,85.8,79.7,4.51,4.94,4.12
1630604,E.J. Liddell,1610612751,BKN,16,2,14,122.0,47728,9.0,4.8,4.2,4.17,4.65,3.74
1642856,Egor Dëmin,1610612751,BKN,52,14,38,1308.0,543770,103.0,58.1,44.9,4.63,5.18,4.07
1641989,Elijah Harkless,1610612762,UTA,21,5,16,380.0,148194,28.1,14.3,13.8,4.19,4.39,4.0
1641801,Emanuel Miller,1610612759,SAS,5,0,5,33.0,12758,2.4,1.3,1.1,4.48,4.8,4.16
1642402,Enrique Freeman,1610612750,MIN,2,1,1,8.0,3438,0.7,0.3,0.3,4.78,4.16,4.04
201569,Eric Gordon,1610612755,PHI,6,3,3,74.0,24642,4.7,2.5,2.1,3.85,3.99,3.54
1630679,Ethan Thompson,1610612754,IND,24,5,19,417.0,180418,34.2,18.7,15.5,4.75,5.31,4.21
1630596,Evan Mobley,1610612739,CLE,55,33,22,1785.0,684869,129.7,68.2,61.5,4.3,4.78,3.87
1630532,Franz Wagner,1610612753,ORL,28,16,12,891.0,349823,66.3,35.4,30.8,4.59,4.98,4.19
1641713,GG Jackson,1610612763,MEM,46,15,31,952.0,392174,74.3,38.2,36.1,4.41,4.62,4.2
1629216,Gabe Vincent,1610612737,ATL,41,28,13,709.0,272882,51.7,27.6,24.0,4.26,4.54,3.96
202066,Garrett Temple,1610612761,TOR,17,8,9,52.0,20337,3.9,2.0,1.9,4.09,4.55,3.7
1629726,Garrison Mathews,1610612754,IND,15,4,11,196.0,78356,14.8,8.1,6.7,4.58,5.05,4.11
203914,Gary Harris,1610612749,MIL,45,15,30,617.0,241961,45.8,23.7,22.1,4.36,4.47,4.25
1627780,Gary Payton II,1610612744,GSW,62,29,33,907.0,399028,75.6,39.9,35.7,4.84,5.05,4.62
1629018,Gary Trent Jr.,1610612749,MIL,57,22,35,1192.0,417986,79.2,40.4,38.7,3.98,4.02,3.94
203507,Giannis Antetokounmpo,1610612749,MIL,36,17,19,1039.0,369949,70.1,38.1,31.9,3.99,4.38,3.59
1629048,Goga Bitadze,1610612753,ORL,51,27,24,761.0,292320,55.4,29.0,26.4,4.32,4.51,4.12
1641711,Gradey Dick,1610612761,TOR,64,36,28,959.0,392516,74.3,37.2,37.1,4.51,4.66,4.37
1641761,Grant Nelson,1610612751,BKN,4,0,4,35.0,14735,2.8,1.3,1.4,4.34,4.31,4.07
1629684,Grant Williams,1610612766,CHA,26,18,8,508.0,195240,37.0,20.2,16.7,4.05,4.15,3.91
1628960,Grayson Allen,1610612756,PHX,44,24,20,1312.0,512419,97.0,53.9,43.2,4.32,4.8,3.85
1627824,Guerschon Yabusele,1610612741,CHI,59,30,29,808.0,319825,60.6,32.4,28.2,4.35,4.58,4.11
1630611,Gui Santos,1610612744,GSW,58,26,32,1099.0,463888,87.9,48.4,39.5,4.53,4.81,4.23
203084,Harrison Barnes,1610612759,SAS,65,47,18,1723.0,675670,128.0,66.6,61.4,4.4,4.68,4.13
1631127,Harrison Ingram,1610612759,SAS,5,4,1,17.0,6774,1.3,0.7,0.6,4.16,4.35,3.95
1629312,Haywood Highsmith,1610612756,PHX,6,3,3,80.0,33851,6.4,3.4,3.0,4.41,4.65,4.16
1630529,Herbert Jones,1610612740,NOP,48,22,26,1388.0,536089,101.5,52.6,48.9,4.26,4.47,4.05
1642864,Hugo González,1610612738,BOS,64,43,21,980.0,411616,78.0,40.2,37.8,4.57,4.53,4.61
1630621,Hunter Dickinson,1610612740,NOP,1,0,1,5.0,1703,0.3,0.2,0.1,3.8,4.39,3.0
1642282,Hunter Sallis,1610612755,PHI,7,3,4,26.0,10574,2.0,1.1,0.9,4.74,5.04,4.42
1641816,Hunter Tyson,1610612743,DEN,21,15,6,162.0,67201,12.7,6.9,5.8,4.49,4.76,4.2
1630193,Immanuel Quickley,1610612761,TOR,65,38,27,2114.0,853522,161.7,86.2,75.4,4.47,4.89,4.06
1642403,Isaac Jones,1610612765,DET,5,3,2,24.0,8714,1.7,0.8,0.8,4.28,4.08,3.96
1630171,Isaac Okoro,1610612741,CHI,55,25,30,1480.0,609343,115.4,59.5,55.9,4.53,4.78,4.29
1642268,Isaiah Collier,1610612762,UTA,59,16,43,1517.0,590133,111.8,62.5,49.2,4.21,4.65,3.75
1642384,Isaiah Crawford,1610612745,HOU,11,5,6,67.0,26180,5.0,2.5,2.5,4.2,4.33,4.09
1628392,Isaiah Hartenstein,1610612760,OKC,38,31,7,951.0,374747,71.0,38.1,32.8,4.49,4.79,4.18
1630543,Isaiah Jackson,1610612746,LAC,51,16,35,838.0,328701,62.3,32.4,29.8,4.42,4.65,4.18
1630198,Isaiah Joe,1610612760,OKC,61,47,14,1335.0,547844,103.8,55.5,48.3,4.49,4.85,4.14
1630587,Isaiah Livers,1610612756,PHX,34,20,14,333.0,133755,25.3,13.2,12.1,4.47,4.62,4.32
1641815,Isaiah Stevens,1610612758,SAC,3,0,3,43.0,17365,3.3,1.7,1.6,4.32,4.47,4.16
1630191,Isaiah Stewart,1610612765,DET,55,39,16,1273.0,459342,87.0,44.6,42.4,4.06,4.13,3.99
1627826,Ivica Zubac,1610612754,IND,48,17,31,1447.0,519462,98.4,52.4,46.0,4.08,4.18,3.97
1631120,JD Davison,1610612745,HOU,25,20,5,184.0,71603,13.6,7.3,6.2,4.25,4.33,4.09
1629630,Ja Morant,1610612763,MEM,20,7,13,568.0,213834,40.5,21.7,18.8,4.28,4.71,3.87
1642266,Ja'Kobe Walter,1610612761,TOR,58,34,24,1096.0,464714,88.0,44.4,43.6,4.65,4.82,4.5
1631095,Jabari Smith Jr.,1610612745,HOU,64,38,26,2238.0,823817,156.0,83.4,72.6,4.05,4.13,3.95
1631133,Jabari Walker,1610612755,PHI,56,31,25,701.0,265262,50.2,26.5,23.7,4.19,4.3,4.07
1631210,Jacob Toppin,1610612737,ATL,5,3,2,17.0,6542,1.2,0.7,0.5,4.28,4.87,3.65
1630702,Jaden Hardy,1610612764,WAS,48,12,36,709.0,283338,53.7,28.6,25.1,4.37,4.71,4.03
1631093,Jaden Ivey,1610612741,CHI,37,23,14,670.0,267547,50.7,27.1,23.5,4.32,4.67,3.96
1630183,Jaden McDaniels,1610612750,MIN,68,41,27,2152.0,846604,160.3,82.2,78.1,4.39,4.59,4.19
1630256,Jae'Sean Tate,1610612745,HOU,34,24,10,287.0,112585,21.3,11.4,10.0,4.3,4.45,4.19
1642942,Jahmai Mashack,1610612763,MEM,24,9,15,449.0,191133,36.2,18.6,17.6,4.5,4.67,4.33
1642443,Jahmir Young,1610612748,MIA,11,8,3,51.0,20984,4.0,2.2,1.8,4.62,5.43,3.91
1643141,Jahmyl Telfort,1610612746,LAC,8,2,6,32.0,12095,2.3,1.1,1.1,4.28,4.41,3.82
1631170,Jaime Jaquez Jr.,1610612748,MIA,64,36,28,1830.0,785739,148.8,79.8,69.1,4.74,5.44,4.14
1631222,Jake LaRavia,1610612747,LAL,70,45,25,1732.0,707219,133.9,72.0,61.9,4.48,4.75,4.2
1627751,Jakob Poeltl,1610612761,TOR,33,20,13,845.0,336461,63.7,33.0,30.7,4.54,4.78,4.31
1628973,Jalen Brunson,1610612752,NYK,64,43,21,2231.0,867872,164.4,94.0,70.4,4.29,4.75,3.8
1631105,Jalen Duren,1610612765,DET,59,41,18,1637.0,615563,116.6,59.7,56.8,4.19,4.35,4.02
1630224,Jalen Green,1610612756,PHX,22,12,10,561.0,236390,44.8,25.3,19.4,4.52,4.88,4.1
1630552,Jalen Johnson,1610612737,ATL,62,36,26,2187.0,855603,162.0,87.1,75.0,4.34,4.88,3.85
1629618,Jalen Pickett,1610612743,DEN,44,28,16,736.0,284668,53.9,30.0,24.0,4.17,4.45,3.88
1641771,Jalen Slawson,1610612754,IND,5,0,5,128.0,51950,9.8,5.1,4.7,4.3,4.7,3.94
1630188,Jalen Smith,1610612741,CHI,51,25,26,1064.0,426143,80.7,43.1,37.7,4.44,4.84,4.06
1630591,Jalen Suggs,1610612753,ORL,46,27,19,1234.0,474777,89.9,48.7,41.2,4.27,4.64,3.9
1631114,Jalen Williams,1610612760,OKC,26,19,7,755.0,303490,57.5,30.8,26.7,4.43,4.93,3.95
1630592,Jalen Wilson,1610612751,BKN,45,8,37,638.0,258760,49.0,26.4,22.6,4.46,4.67,4.23
1631288,Jamal Cain,1610612753,ORL,27,15,12,215.0,88162,16.7,8.4,8.3,4.36,4.37,4.34
1627750,Jamal Murray,1610612743,DEN,65,38,27,2273.0,861685,163.2,91.3,71.9,4.2,4.59,3.79
1642347,Jamal Shead,1610612761,TOR,68,39,29,1494.0,570017,108.0,56.3,51.7,4.17,4.44,3.91
1631123,Jamaree Bouyea,1610612756,PHX,36,18,18,527.0,214355,40.6,21.8,18.8,4.47,4.74,4.18
201935,James Harden,1610612739,CLE,60,33,27,2097.0,678550,128.5,69.8,58.7,3.58,3.78,3.37
1630164,James Wiseman,1610612754,IND,4,0,4,58.0,24588,4.7,2.4,2.3,4.66,4.88,4.45
1642364,Jamir Watkins,1610612764,WAS,37,9,28,699.0,286734,54.3,27.6,26.7,4.39,4.53,4.26
1642419,Jamison Battle,1610612761,TOR,50,29,21,440.0,178108,33.7,17.5,16.3,4.38,4.71,4.1
1641716,Jarace Walker,1610612754,IND,69,14,55,1765.0,681354,129.0,68.6,60.5,4.27,4.6,3.95
1642272,Jared McCain,1610612760,OKC,55,37,18,958.0,391553,74.2,39.2,35.0,4.47,4.69,4.25
1628991,Jaren Jackson Jr.,1610612762,UTA,48,19,29,1455.0,531837,100.7,52.9,47.8,4.09,4.39,3.8
1629020,Jarred Vanderbilt,1610612747,LAL,55,33,22,978.0,398183,75.4,39.0,36.4,4.42,4.46,4.37
1628386,Jarrett Allen,1610612739,CLE,51,33,18,1405.0,538006,101.9,52.8,49.1,4.21,4.48,3.95
1642859,Jase Richardson,1610612753,ORL,46,21,25,519.0,226426,42.9,22.3,20.6,4.68,4.89,4.47
1642914,Javon Small,1610612763,MEM,33,12,21,626.0,264202,50.0,25.3,24.7,4.51,4.61,4.42
1631451,Javonte Cooke,1610612757,POR,19,6,13,94.0,40011,7.6,4.0,3.6,4.64,4.89,4.39
1629750,Javonte Green,1610612765,DET,69,50,19,1224.0,471377,89.3,45.8,43.5,4.28,4.39,4.17
1629637,Jaxson Hayes,1610612747,LAL,58,38,20,1019.0,360352,68.2,35.7,32.6,3.88,4.0,3.78
1630643,Jay Huff,1610612754,IND,70,15,55,1448.0,557346,105.6,55.3,50.3,4.28,4.53,4.03
1627759,Jaylen Brown,1610612738,BOS,62,40,22,2116.0,773170,146.4,82.5,64.0,4.06,4.38,3.72
1641740,Jaylen Clark,1610612750,MIN,60,35,25,749.0,291803,55.3,26.2,29.1,4.32,4.12,4.51
1642377,Jaylen Wells,1610612763,MEM,66,24,42,1756.0,695686,131.8,64.0,67.8,4.42,4.37,4.48
1631119,Jaylin Williams,1610612760,OKC,55,45,10,1120.0,394647,74.7,39.5,35.2,3.92,4.21,3.65
1642281,Jaylon Tyson,1610612739,CLE,64,40,24,1727.0,709870,134.4,68.4,66.0,4.54,4.81,4.28
1643257,Jayson Kent,1610612757,POR,1,1,0,3.0,1014,0.2,0.1,0.1,3.54,2.88,4.55
1628369,Jayson Tatum,1610612738,BOS,6,5,1,176.0,64871,12.3,6.9,5.4,3.95,4.21,3.66
201145,Jeff Green,1610612745,HOU,25,17,8,134.0,45698,8.7,4.5,4.1,3.69,3.67,3.63
203924,Jerami Grant,1610612757,POR,54,25,29,1610.0,616808,116.8,60.8,56.1,4.25,4.53,4.0
1642847,Jeremiah Fears,1610612740,NOP,71,25,46,1774.0,719296,136.2,73.0,63.2,4.5,4.84,4.17
1630526,Jeremiah Robinson-Earl,1610612742,DAL,22,8,14,361.0,150762,28.6,14.8,13.8,4.92,5.22,4.64
1631110,Jeremy Sochan,1610612752,NYK,39,27,12,416.0,166464,31.5,16.3,15.2,4.55,4.89,4.24
1630579,Jericho Sims,1610612749,MIL,54,21,33,956.0,381009,72.2,38.5,33.7,4.38,4.5,4.25
1641724,Jett Howard,1610612753,ORL,47,25,22,598.0,225511,42.7,22.2,20.5,4.07,4.18,3.96
1628975,Jevon Carter,1610612753,ORL,40,19,21,608.0,245061,46.4,24.0,22.4,4.43,4.68,4.2
202710,Jimmy Butler III,1610612744,GSW,38,23,15,1182.0,449929,85.2,46.0,39.2,4.29,4.49,4.09
1642866,Joan Beringer,1610612750,MIN,32,17,15,218.0,95123,18.0,9.2,8.8,4.67,4.83,4.51
1629111,Jock Landale,1610612737,ATL,62,31,31,1370.0,520656,98.6,51.1,47.5,4.24,4.41,4.07
204060,Joe Ingles,1610612750,MIN,24,12,12,98.0,36731,7.0,3.7,3.3,4.0,4.28,3.73
203954,Joel Embiid,1610612755,PHI,33,21,12,1029.0,345366,65.4,34.4,31.0,3.68,3.79,3.56
1628381,John Collins,1610612746,LAC,58,25,33,1596.0,622733,117.9,62.6,55.3,4.35,4.5,4.19
1629723,John Konchar,1610612762,UTA,44,17,27,759.0,315328,59.7,30.8,28.9,4.59,4.75,4.43
1642967,John Poulakidas,1610612742,DAL,3,1,2,47.0,20575,3.9,2.1,1.8,4.63,4.99,4.28
1642910,John Tonje,1610612738,BOS,3,3,0,11.0,4673,0.9,0.5,0.4,4.43,4.36,4.52
1641780,Johni Broome,1610612755,PHI,11,5,6,55.0,21395,4.1,2.1,1.9,4.42,4.43,4.18
1642277,Johnny Furphy,1610612754,IND,35,10,25,643.0,288617,54.7,29.0,25.7,4.87,5.24,4.51
1630548,Johnny Juzang,1610612750,MIN,21,13,8,88.0,39703,7.5,3.9,3.7,4.79,5.07,4.63
202685,Jonas Valančiūnas,1610612743,DEN,58,35,23,773.0,275151,52.1,28.1,24.0,3.97,4.01,3.92
1628371,Jonathan Isaac,1610612753,ORL,52,29,23,521.0,204564,38.7,20.3,18.4,4.32,4.52,4.12
1630228,Jonathan Kuminga,1610612737,ATL,26,15,11,612.0,240945,45.6,24.5,21.1,4.54,4.82,4.25
1642367,Jonathan Mogbo,1610612761,TOR,29,13,16,169.0,70420,13.3,6.5,6.9,4.4,4.57,4.3
203903,Jordan Clarkson,1610612752,NYK,60,37,23,1078.0,444459,84.2,45.4,38.8,4.6,4.88,4.31
1630692,Jordan Goodwin,1610612756,PHX,60,34,26,1339.0,552607,104.7,54.1,50.6,4.51,4.63,4.38
1641722,Jordan Hawkins,1610612740,NOP,43,12,31,517.0,206164,39.0,20.4,18.7,4.49,4.71,4.29
1629162,Jordan McLaughlin,1610612759,SAS,36,30,6,221.0,90748,17.2,9.1,8.1,4.5,4.65,4.34
1641757,Jordan Miller,1610612746,LAC,49,29,20,1063.0,440538,83.4,45.3,38.2,4.38,4.73,4.04
1629673,Jordan Poole,1610612740,NOP,35,15,20,843.0,311895,59.1,32.7,26.4,4.03,4.46,3.61
1641775,Jordan Walsh,1610612738,BOS,58,38,20,998.0,389743,73.8,38.2,35.6,4.37,4.35,4.38
1630631,Jose Alvarado,1610612752,NYK,59,22,37,1202.0,473367,89.7,47.0,42.7,4.38,4.6,4.16
1630581,Josh Giddey,1610612741,CHI,48,20,28,1533.0,601168,113.9,62.8,51.1,4.43,5.02,3.87
1630182,Josh Green,1610612766,CHA,46,29,17,765.0,328020,62.1,32.4,29.7,4.57,4.52,4.62
1628404,Josh Hart,1610612752,NYK,56,37,19,1678.0,645467,122.2,67.9,54.3,4.27,4.57,3.95
1631169,Josh Minott,1610612751,BKN,42,22,20,665.0,256531,48.6,24.7,23.9,4.45,4.5,4.39
1629006,Josh Okogie,1610612745,HOU,65,39,26,1199.0,454281,86.0,43.4,42.7,4.21,4.11,4.33
201950,Jrue Holiday,1610612757,POR,41,20,21,1186.0,469245,88.9,46.8,42.1,4.36,4.77,3.97
1630577,Julian Champagnie,1610612759,SAS,70,52,18,1949.0,753525,142.7,73.4,69.3,4.35,4.62,4.1
1641763,Julian Phillips,1610612750,MIN,42,16,26,363.0,148586,28.1,14.2,13.9,4.62,4.83,4.43
1642882,Julian Reese,1610612764,WAS,5,0,5,148.0,59003,11.2,5.9,5.3,4.22,4.41,4.03
1631124,Julian Strawther,1610612743,DEN,46,27,19,691.0,285246,54.0,29.3,24.7,4.46,4.74,4.17
203944,Julius Randle,1610612750,MIN,70,43,27,2309.0,818260,155.0,80.9,74.1,3.94,4.14,3.74
1630551,Justin Champagnie,1610612764,WAS,60,13,47,1167.0,470566,89.1,46.8,42.4,4.42,4.61,4.25
1642348,Justin Edwards,1610612755,PHI,52,30,22,794.0,311725,59.0,31.2,27.9,4.35,4.53,4.19
203994,Jusuf Nurkić,1610612762,UTA,41,14,27,1083.0,390635,74.0,39.5,34.5,4.08,4.3,3.85
1642354,KJ Simpson,1610612743,DEN,17,7,10,246.0,96006,18.2,9.9,8.3,4.54,4.74,4.32
1642955,Kadary Richmond,1610612764,WAS,3,2,1,67.0,26022,4.9,2.5,2.4,4.1,4.19,4.01
1642880,Kam Jones,1610612754,IND,30,4,26,463.0,199288,37.7,20.0,17.7,4.56,4.96,4.18
1626157,Karl-Anthony Towns,1610612752,NYK,65,42,23,2031.0,720858,136.5,70.8,65.7,3.95,3.99,3.91
1631255,Karlo Matković,1610612740,NOP,57,24,33,828.0,336008,63.6,33.1,30.5,4.38,4.61,4.16
1642857,Kasparas Jakučionis,1610612748,MIA,43,24,19,764.0,341491,64.7,34.5,30.2,4.76,5.35,4.23
202695,Kawhi Leonard,1610612746,LAC,54,30,24,1742.0,651977,123.5,67.4,56.1,4.12,4.41,3.81
1630811,Keaton Wallace,1610612737,ATL,47,27,20,478.0,190781,36.1,19.5,16.7,4.59,5.04,4.17
1631099,Keegan Murray,1610612758,SAC,23,5,18,793.0,308344,58.4,30.6,27.8,4.37,4.59,4.15
1642276,Kel'el Ware,1610612748,MIA,65,34,31,1480.0,586854,111.1,57.5,53.7,4.43,4.85,4.05
1629640,Keldon Johnson,1610612759,SAS,70,52,18,1621.0,630990,119.5,62.3,57.2,4.33,4.55,4.11
203482,Kelly Olynyk,1610612759,SAS,37,28,9,336.0,131193,24.8,13.6,11.3,4.37,4.73,4.03
1626162,Kelly Oubre Jr.,1610612755,PHI,41,22,19,1330.0,508313,96.3,49.6,46.6,4.18,4.28,4.07
1629026,Kenrich Williams,1610612760,OKC,46,33,13,731.0,281466,53.3,27.3,26.0,4.14,4.4,3.9
203484,Kentavious Caldwell-Pope,1610612763,MEM,51,20,31,1088.0,405690,76.8,39.8,37.0,4.2,4.41,4.0
1631165,Keon Ellis,1610612739,CLE,61,23,38,1200.0,482497,91.4,45.8,45.5,4.39,4.5,4.26
1642352,Keshad Johnson,1610612748,MIA,25,13,12,203.0,83311,15.8,8.6,7.2,4.65,5.14,4.17
1642933,Keshon Gilbert,1610612737,ATL,3,0,3,48.0,20807,3.9,2.1,1.8,4.5,4.66,4.33
201142,Kevin Durant,1610612745,HOU,65,38,27,2373.0,793232,150.2,83.8,66.5,3.67,3.89,3.43
1628989,Kevin Huerter,1610612765,DET,58,32,26,1278.0,518125,98.1,53.8,44.3,4.55,5.07,4.05
201567,Kevin Love,1610612762,UTA,37,10,27,613.0,224599,42.5,23.3,19.2,4.05,4.29,3.79
1641755,Kevin McCullar Jr.,1610612752,NYK,20,11,9,130.0,56900,10.8,5.7,5.1,4.61,4.93,4.3
1629645,Kevin Porter Jr.,1610612749,MIL,38,18,20,1261.0,521987,98.9,53.5,45.3,4.51,4.78,4.22
1626172,Kevon Looney,1610612740,NOP,18,2,16,251.0,92656,17.5,9.2,8.3,4.2,4.34,4.06
1641718,Keyonte George,1610612762,UTA,54,16,38,1786.0,673084,127.5,69.6,57.9,4.21,4.55,3.87
1642863,Khaman Maluach,1610612756,PHX,35,17,18,260.0,101380,19.2,10.4,8.8,4.21,4.34,4.06
203114,Khris Middleton,1610612742,DAL,52,16,36,1252.0,482518,91.4,48.7,42.7,4.28,4.67,3.91
1630165,Killian Hayes,1610612758,SAC,12,6,6,210.0,84698,16.0,8.4,7.7,4.28,4.58,4.04
202691,Klay Thompson,1610612742,DAL,60,18,42,1315.0,517096,97.9,54.5,43.4,4.35,4.83,3.87
1641738,Kobe Brown,1610612754,IND,51,15,36,707.0,279545,52.9,28.0,25.0,4.29,4.53,4.06
1641723,Kobe Bufkin,1610612747,LAL,11,7,4,90.0,36527,6.9,3.7,3.2,4.28,4.46,4.08
1642920,Kobe Sanders,1610612746,LAC,58,30,28,1192.0,475508,90.1,48.7,41.3,4.34,4.56,4.1
1642886,Koby Brea,1610612756,PHX,5,1,4,23.0,9370,1.8,1.0,0.8,4.48,5.02,3.95
1642851,Kon Knueppel,1610612766,CHA,69,36,33,2189.0,916753,173.6,97.9,75.8,4.64,5.04,4.22
1627739,Kris Dunn,1610612746,LAC,70,34,36,1931.0,770727,146.0,76.5,69.5,4.41,4.54,4.28
1631200,Kris Murray,1610612757,POR,45,20,25,1069.0,431409,81.7,40.7,41.0,4.53,4.6,4.46
204001,Kristaps Porziņģis,1610612744,GSW,23,10,13,544.0,194679,36.9,19.1,17.7,4.06,4.27,3.83
203937,Kyle Anderson,1610612750,MIN,32,10,22,625.0,240753,45.6,24.0,21.6,4.17,4.49,3.85
1642271,Kyle Filipowski,1610612762,UTA,68,21,47,1558.0,608077,115.2,60.6,54.5,4.28,4.48,4.08
1628398,Kyle Kuzma,1610612749,MIL,64,27,37,1691.0,658932,124.8,66.7,58.1,4.37,4.71,4.04
200768,Kyle Lowry,1610612755,PHI,11,6,5,99.0,34951,6.6,3.6,3.0,3.85,4.19,3.52
1642273,Kyshawn George,1610612764,WAS,48,10,38,1391.0,561224,106.3,56.7,49.6,4.55,5.03,4.11
1643018,LJ Cryer,1610612744,GSW,9,3,6,116.0,46399,8.8,4.7,4.0,4.24,4.3,4.06
1630163,LaMelo Ball,1610612766,CHA,60,33,27,1654.0,667304,126.4,72.0,54.4,4.43,4.83,4.0
1642950,Lachlan Olbrich,1610612741,CHI,26,7,19,164.0,72081,13.7,7.1,6.5,4.76,5.19,4.3
1629013,Landry Shamet,1610612752,NYK,45,29,16,1038.0,439797,83.3,46.3,37.0,4.64,5.02,4.23
1626204,Larry Nance Jr.,1610612739,CLE,29,21,8,353.0,136355,25.8,13.4,12.5,4.42,4.67,4.22
1628374,Lauri Markkanen,1610612762,UTA,42,17,25,1443.0,556280,105.4,57.3,48.0,4.35,4.65,4.02
1643133,Lawson Lovering,1610612763,MEM,2,1,1,49.0,20280,3.8,2.0,1.9,4.28,4.56,4.23
2544,LeBron James,1610612747,LAL,49,31,18,1635.0,548713,103.9,55.0,49.0,3.62,3.84,3.4
1641778,Leaky Black,1610612764,WAS,5,0,5,159.0,65844,12.5,6.6,5.9,4.39,4.64,4.14
1631159,Leonard Miller,1610612741,CHI,34,15,19,387.0,170961,32.4,16.9,15.5,4.69,5.17,4.26
1642862,Liam McNeeley,1610612766,CHA,28,10,18,342.0,133398,25.3,13.6,11.6,4.46,4.64,4.23
1630322,Lindy Waters III,1610612759,SAS,35,26,9,245.0,101735,19.3,10.2,9.0,4.63,4.83,4.37
1628366,Lonzo Ball,1610612739,CLE,35,19,16,728.0,280879,53.2,28.4,24.8,4.39,4.86,3.96
1629652,Luguentz Dort,1610612760,OKC,58,45,13,1612.0,606675,114.9,59.1,55.8,4.15,4.33,3.97
1629029,Luka Dončić,1610612747,LAL,58,39,19,2076.0,708633,134.2,74.1,60.1,3.76,4.14,3.38
1630568,Luka Garza,1610612738,BOS,59,39,20,923.0,388041,73.5,40.7,32.8,4.61,4.78,4.4
1628379,Luke Kennard,1610612747,LAL,66,37,29,1373.0,556675,105.4,56.9,48.5,4.46,4.84,4.08
1628436,Luke Kornet,1610612759,SAS,59,44,15,1244.0,481094,91.1,47.0,44.1,4.32,4.51,4.14
1631247,Luke Travers,1610612739,CLE,12,6,6,103.0,42399,8.0,4.3,3.8,4.81,5.18,4.55
1630644,Mac McClung,1610612741,CHI,4,0,4,47.0,19241,3.6,2.0,1.7,4.63,4.93,4.56
1641869,Malachi Smith,1610612751,BKN,3,0,3,45.0,19920,3.8,2.0,1.8,4.64,5.03,4.26
1631103,Malaki Branham,1610612764,WAS,28,7,21,275.0,113870,21.6,11.6,10.0,4.5,4.92,4.09
1642502,Malevy Leons,1610612744,GSW,16,5,11,146.0,64741,12.3,6.7,5.5,4.61,4.85,4.28
1628370,Malik Monk,1610612758,SAC,53,15,38,1165.0,436662,82.7,45.3,37.4,4.16,4.55,3.77
1630699,MarJon Beauchamp,1610612755,PHI,7,2,5,120.0,50610,9.6,4.8,4.8,4.52,4.88,4.21
1631204,Marcus Sasser,1610612765,DET,28,20,8,352.0,142462,27.0,13.9,13.1,4.26,4.46,4.07
203935,Marcus Smart,1610612747,LAL,59,38,21,1694.0,591178,112.0,58.4,53.5,3.82,4.0,3.64
1641813,Mark Sears,1610612749,MIL,7,1,6,26.0,11178,2.1,1.1,1.0,4.76,5.05,4.47
1631109,Mark Williams,1610612756,PHX,56,33,23,1322.0,506838,96.0,50.4,45.6,4.28,4.51,4.05
1628963,Marvin Bagley III,1610612742,DAL,52,14,38,1035.0,422759,80.1,42.0,38.0,4.54,4.76,4.32
203486,Mason Plumlee,1610612759,SAS,17,8,9,139.0,54119,10.2,5.8,4.4,4.47,4.8,4.1
1641824,Matas Buzelis,1610612741,CHI,69,27,42,2004.0,824852,156.2,83.5,72.7,4.58,5.03,4.16
1629680,Matisse Thybulle,1610612757,POR,18,9,9,224.0,93369,17.7,8.8,8.9,4.46,4.64,4.29
1631108,Max Christie,1610612742,DAL,65,21,44,1917.0,767332,145.3,80.3,65.0,4.45,4.88,4.02
1642917,Max Shulga,1610612738,BOS,5,4,1,8.0,3226,0.6,0.3,0.3,3.85,3.45,4.35
1629622,Max Strus,1610612739,CLE,3,2,1,70.0,31116,5.9,3.2,2.7,4.64,5.04,4.23
1628467,Maxi Kleber,1610612747,LAL,35,16,19,383.0,141722,26.8,14.3,12.5,3.99,4.14,3.84
1642875,Maxime Raynaud,1610612758,SAC,62,17,45,1574.0,644646,122.1,64.2,57.9,4.47,4.69,4.26
1642877,Micah Peavy,1610612740,NOP,52,16,36,706.0,291007,55.1,28.1,27.0,4.58,4.77,4.4
1630695,Micah Potter,1610612754,IND,35,7,28,652.0,274334,52.0,27.0,25.0,4.43,4.69,4.19
1629008,Michael Porter Jr.,1610612751,BKN,52,14,38,1689.0,633348,120.0,64.9,55.0,4.17,4.41,3.91
1628969,Mikal Bridges,1610612752,NYK,70,45,25,2334.0,967712,183.3,100.9,82.3,4.6,4.96,4.22
201144,Mike Conley,1610612750,MIN,47,29,18,838.0,336102,63.7,34.5,29.2,4.5,4.85,4.15
1628970,Miles Bridges,1610612766,CHA,65,34,31,2057.0,769309,145.7,79.7,66.0,4.18,4.43,3.9
1642939,Miles Kelly,1610612742,DAL,14,7,7,134.0,58988,11.2,6.0,5.2,4.72,5.01,4.42
1630540,Miles McBride,1610612752,NYK,35,22,13,981.0,395185,74.8,40.3,34.6,4.54,4.76,4.31
1629011,Mitchell Robinson,1610612752,NYK,51,34,17,992.0,375286,71.1,36.9,34.2,4.15,4.22,4.08
1628964,Mo Bamba,1610612762,UTA,4,3,1,44.0,16797,3.2,1.7,1.5,4.12,4.3,3.93
1642885,Mohamed Diawara,1610612752,NYK,59,36,23,505.0,212343,40.2,21.7,18.6,4.51,4.8,4.24
1628420,Monte Morris,1610612754,IND,6,0,6,65.0,25467,4.8,2.5,2.3,4.55,5.04,4.11
1629021,Moritz Wagner,1610612753,ORL,29,17,12,383.0,154589,29.3,15.5,13.8,4.31,4.5,4.11
1630541,Moses Moody,1610612744,GSW,59,29,30,1506.0,564769,107.0,58.4,48.6,4.17,4.38,3.94
1631243,Mouhamed Gueye,1610612737,ATL,65,36,29,994.0,405819,76.9,39.2,37.7,4.54,4.78,4.32
1630619,Moussa Cisse,1610612742,DAL,34,10,24,425.0,168629,31.9,16.5,15.4,4.41,4.67,4.16
1631217,Moussa Diabaté,1610612766,CHA,62,33,29,1603.0,651276,123.3,66.1,57.3,4.45,4.65,4.24
1626167,Myles Turner,1610612749,MIL,64,26,38,1748.0,657014,124.4,65.9,58.5,4.22,4.42,4.01
1642066,Myron Gardner,1610612748,MIA,37,22,15,349.0,159358,30.2,15.7,14.5,4.94,5.32,4.58
1642368,N'Faly Dante,1610612737,ATL,4,3,1,15.0,5668,1.1,0.6,0.5,4.42,4.49,4.34
1641772,Nae'Qwan Tomlin,1610612739,CLE,54,35,19,848.0,363130,68.8,34.8,33.9,4.72,4.97,4.47
1630230,Naji Marshall,1610612742,DAL,67,23,44,1973.0,753278,142.7,75.9,66.7,4.21,4.47,3.95
1631466,Nate Williams,1610612744,GSW,9,2,7,105.0,45055,8.5,4.5,4.0,4.48,4.57,4.4
1629675,Naz Reid,1610612750,MIN,68,42,26,1770.0,683686,129.5,68.5,61.0,4.27,4.56,3.98
1629674,Neemias Queta,1610612738,BOS,65,43,22,1637.0,626333,118.6,64.2,54.5,4.26,4.43,4.08
1629651,Nic Claxton,1610612751,BKN,62,16,46,1764.0,660000,125.0,65.0,60.0,4.18,4.27,4.08
1630208,Nick Richards,1610612741,CHI,46,19,27,665.0,271802,51.5,27.1,24.3,4.5,4.86,4.14
1641733,Nick Smith Jr.,1610612747,LAL,25,12,13,318.0,129524,24.5,14.1,10.5,4.41,4.81,4.01
1629638,Nickeil Alexander-Walker,1610612737,ATL,66,35,31,2195.0,936595,177.4,95.9,81.5,4.71,5.31,4.15
201587,Nicolas Batum,1610612746,LAC,64,33,31,1168.0,459759,87.1,46.5,40.6,4.31,4.44,4.17
1628502,Nigel Hayes-Davis,1610612756,PHX,27,15,12,195.0,71867,13.6,7.2,6.4,4.23,4.51,3.95
203999,Nikola Jokić,1610612743,DEN,54,32,22,1875.0,633939,120.1,64.3,55.8,3.78,4.07,3.48
1631107,Nikola Jović,1610612748,MIA,45,23,22,791.0,328620,62.2,32.7,29.5,4.6,5.2,4.07
1642260,Nikola Topić,1610612760,OKC,5,3,2,53.0,22290,4.2,2.3,1.9,4.44,5.09,3.85
202696,Nikola Vučević,1610612738,BOS,60,32,28,1740.0,617894,117.0,61.1,55.9,3.97,4.13,3.81
1642363,Nique Clifford,1610612758,SAC,66,17,49,1574.0,659522,124.9,65.2,59.7,4.55,4.78,4.31
1642855,Noa Essengue,1610612741,CHI,2,1,1,6.0,2419,0.5,0.3,0.2,5.32,5.26,5.43
1641730,Noah Clowney,1610612751,BKN,62,16,46,1695.0,653837,123.8,67.2,56.6,4.28,4.59,3.96
1642869,Noah Penda,1610612753,ORL,50,26,24,694.0,297168,56.3,29.9,26.4,4.56,4.78,4.33
1642849,Nolan Traore,1610612751,BKN,46,11,35,1015.0,443584,84.0,46.0,38.0,4.65,5.09,4.22
1641807,Norchad Omier,1610612746,LAC,3,3,0,14.0,5617,1.1,0.6,0.5,4.32,4.45,4.18
1626181,Norman Powell,1610612748,MIA,52,27,25,1564.0,604697,114.5,61.4,53.1,4.29,4.93,3.74
1628384,OG Anunoby,1610612752,NYK,56,37,19,1851.0,709530,134.4,70.4,64.0,4.19,4.3,4.07
1630167,Obi Toppin,1610612754,IND,12,0,12,198.0,83362,15.8,8.5,7.2,4.71,4.99,4.36
1630534,Ochai Agbaji,1610612751,BKN,55,26,29,860.0,365743,69.3,34.6,34.7,4.67,4.9,4.46
1641765,Olivier-Maxence Prosper,1610612763,MEM,44,15,29,773.0,332973,63.1,33.1,30.0,4.65,4.95,4.36
1630209,Omer Yurtseven,1610612744,GSW,3,1,2,20.0,8358,1.6,0.8,0.8,4.49,4.58,4.4
1630168,Onyeka Okongwu,1610612737,ATL,63,34,29,1976.0,749902,142.0,72.9,69.1,4.22,4.51,3.95
1631115,Orlando Robinson,1610612753,ORL,4,2,2,25.0,9530,1.8,0.9,0.9,4.45,4.51,4.39
1631131,Oscar Tshiebwe,1610612762,UTA,15,2,13,201.0,81422,15.4,8.0,7.4,4.29,4.57,4.02
1642345,Oso Ighodaro,1610612756,PHX,70,39,31,1511.0,582717,110.4,58.4,52.0,4.23,4.48,3.98
1631172,Ousmane Dieng,1610612749,MIL,44,29,15,685.0,260912,49.4,26.1,23.3,4.2,4.39,4.0
1629023,P.J. Washington,1610612742,DAL,51,14,37,1572.0,608451,115.2,61.3,53.9,4.31,4.62,4.01
1641790,PJ Hall,1610612766,CHA,19,7,12,213.0,86774,16.4,8.9,7.6,4.37,4.51,4.27
1642359,Pacôme Dadiet,1610612752,NYK,24,15,9,90.0,38699,7.3,3.9,3.4,4.55,5.03,4.1
1631094,Paolo Banchero,1610612753,ORL,59,31,28,2057.0,783538,148.4,81.5,66.9,4.15,4.53,3.78
1627783,Pascal Siakam,1610612754,IND,55,14,41,1844.0,724079,137.1,75.3,61.8,4.38,4.86,3.91
1626192,Pat Connaughton,1610612766,CHA,34,20,14,257.0,97975,18.6,10.8,7.7,4.23,4.55,3.8
1630311,Pat Spencer,1610612744,GSW,53,26,27,926.0,388491,73.6,41.4,32.2,4.6,4.9,4.27
1631116,Patrick Baldwin Jr.,1610612758,SAC,7,2,5,58.0,24394,4.6,2.3,2.3,4.43,4.83,4.09
1630172,Patrick Williams,1610612741,CHI,60,21,39,1180.0,458429,86.8,45.9,40.9,4.33,4.71,3.98
202331,Paul George,1610612755,PHI,27,16,11,824.0,313495,59.4,31.7,27.7,4.2,4.45,3.95
1630194,Paul Reed,1610612765,DET,52,37,15,680.0,274214,51.9,27.3,24.6,4.44,4.69,4.19
1630202,Payton Pritchard,1610612738,BOS,67,45,22,2184.0,832801,157.7,91.0,66.8,4.23,4.61,3.82
1642362,Payton Sandfort,1610612760,OKC,1,1,0,5.0,2162,0.4,0.2,0.2,4.65,4.38,4.94
1641796,Pelle Larsson,1610612748,MIA,59,34,25,1516.0,644840,122.1,64.2,57.9,4.72,5.33,4.19
1631250,Pete Nance,1610612749,MIL,36,11,25,422.0,169728,32.1,17.2,15.0,4.28,4.63,3.97
1631212,Peyton Watson,1610612743,DEN,49,31,18,1502.0,584168,110.6,58.2,52.4,4.32,4.45,4.17
1630173,Precious Achiuwa,1610612758,SAC,62,16,46,1418.0,544033,103.0,53.9,49.1,4.22,4.32,4.1
1629656,Quentin Grimes,1610612755,PHI,63,34,29,1888.0,724723,137.3,73.9,63.4,4.22,4.49,3.95
1631245,Quenton Jackson,1610612754,IND,38,7,31,663.0,290665,55.1,29.1,26.0,4.72,5.16,4.31
1642366,Quinten Post,1610612744,GSW,65,32,33,1140.0,457824,86.7,48.1,38.6,4.48,4.72,4.21
1629628,RJ Barrett,1610612761,TOR,44,27,17,1328.0,523443,99.1,51.3,47.8,4.36,4.68,4.07
1642853,Rasheer Fleming,1610612756,PHX,44,24,20,460.0,190371,36.1,18.7,17.3,4.47,4.58,4.34
1642484,RayJ Dennis,1610612737,ATL,16,3,13,180.0,76920,14.6,7.8,6.8,5.03,5.39,4.68
1641712,Rayan Rupert,1610612763,MEM,58,28,30,867.0,379126,71.8,36.9,34.9,4.71,4.84,4.58
1642263,Reed Sheppard,1610612745,HOU,68,41,27,1769.0,677995,128.4,72.8,55.6,4.22,4.5,3.9
1642434,Riley Minix,1610612739,CLE,5,4,1,19.0,8386,1.6,0.9,0.7,4.69,5.13,4.23
1642265,Rob Dillingham,1610612741,CHI,53,26,27,699.0,300035,56.8,30.5,26.3,4.73,5.29,4.21
1629057,Robert Williams III,1610612757,POR,48,23,25,816.0,311142,58.9,31.1,27.9,4.18,4.43,3.95
1642911,Rocco Zikarsky,1610612750,MIN,4,0,4,16.0,6356,1.2,0.6,0.6,3.97,4.23,3.74
1631199,Ron Harper Jr.,1610612738,BOS,22,16,6,246.0,96171,18.2,10.0,8.2,4.16,4.28,4.04
1641842,Ronald Holland II,1610612765,DET,65,46,19,1317.0,520864,98.6,50.0,48.6,4.38,4.45,4.32
1626220,Royce O'Neale,1610612756,PHX,69,39,30,2007.0,753066,142.6,78.5,64.1,4.17,4.58,3.76
203497,Rudy Gobert,1610612750,MIN,67,42,25,2107.0,805587,152.6,79.7,72.9,4.28,4.48,4.08
1629060,Rui Hachimura,1610612747,LAL,58,40,18,1669.0,630528,119.4,63.3,56.2,4.21,4.4,4.03
201566,Russell Westbrook,1610612758,SAC,63,16,47,1826.0,645084,122.2,66.3,55.9,3.95,4.23,3.66
1642346,Ryan Dunn,1610612756,PHX,61,35,26,1181.0,476040,90.2,46.2,44.0,4.49,4.63,4.35
1641750,Ryan Kalkbrenner,1610612766,CHA,57,31,26,1252.0,484899,91.8,50.2,41.7,4.36,4.51,4.2
1642948,Ryan Nembhard,1610612742,DAL,49,18,31,908.0,356703,67.6,37.4,30.2,4.35,4.67,4.02
1631157,Ryan Rollins,1610612749,MIL,67,26,41,2158.0,852804,161.5,83.8,77.8,4.4,4.57,4.24
1630180,Saddiq Bey,1610612740,NOP,64,24,40,1987.0,751040,142.2,73.8,68.4,4.18,4.35,4.0
1630573,Sam Hauser,1610612738,BOS,66,45,21,1625.0,680760,128.9,73.9,55.1,4.63,5.03,4.19
1630241,Sam Merrill,1610612739,CLE,44,30,14,1145.0,477620,90.5,47.6,42.8,4.54,4.86,4.23
1630572,Sandro Mamukelashvili,1610612761,TOR,66,37,29,1446.0,587091,111.2,58.3,52.9,4.47,4.75,4.19
1630583,Santi Aldama,1610612763,MEM,43,19,24,1198.0,481351,91.2,49.0,42.2,4.54,5.01,4.1
1630703,Scoot Henderson,1610612757,POR,18,10,8,420.0,180137,34.1,17.8,16.4,4.53,4.72,4.37
1630567,Scottie Barnes,1610612761,TOR,66,38,28,2255.0,880412,166.7,85.3,81.4,4.31,4.58,4.06
1630590,Scotty Pippen Jr.,1610612763,MEM,10,2,8,212.0,89163,16.9,8.6,8.3,4.51,4.66,4.36
1642951,Sean Pedulla,1610612746,LAC,2,1,1,11.0,4186,0.8,0.4,0.3,4.22,4.27,3.12
203552,Seth Curry,1610612744,GSW,4,0,4,51.0,19447,3.7,2.0,1.7,4.26,4.4,4.1
1631101,Shaedon Sharpe,1610612757,POR,48,22,26,1439.0,556265,105.4,56.9,48.5,4.29,4.73,3.86
1628983,Shai Gilgeous-Alexander,1610612760,OKC,58,47,11,1943.0,708605,134.2,72.3,61.9,4.07,4.5,3.65
1630536,Sharife Cooper,1610612764,WAS,28,5,23,436.0,182974,34.7,18.5,16.2,4.46,4.74,4.18
1631321,Sidy Cissoko,1610612757,POR,63,31,32,1306.0,504734,95.6,50.2,45.4,4.22,4.42,4.03
1631323,Simone Fontecchio,1610612748,MIA,62,33,29,1055.0,449961,85.2,46.2,39.0,4.76,5.52,4.09
1642883,Sion James,1610612766,CHA,70,36,34,1609.0,638318,120.9,66.3,54.6,4.39,4.65,4.11
1627746,Skal Labissiere,1610612764,WAS,3,2,1,38.0,14495,2.7,1.5,1.3,4.02,4.37,3.97
1642461,Spencer Jones,1610612743,DEN,58,35,23,1326.0,521624,98.8,50.4,48.4,4.31,4.35,4.27
1630649,Stanley Umude,1610612759,SAS,2,2,0,7.0,2543,0.5,0.3,0.2,3.99,4.07,3.89
201939,Stephen Curry,1610612744,GSW,39,23,16,1222.0,468691,88.8,50.5,38.3,4.31,4.83,3.77
1642264,Stephon Castle,1610612759,SAS,59,44,15,1759.0,673520,127.6,65.9,61.6,4.29,4.65,3.96
203500,Steven Adams,1610612745,HOU,32,21,11,730.0,259502,49.1,26.4,22.8,4.03,4.05,4.03
1629004,Svi Mykhailiuk,1610612762,UTA,48,14,34,1123.0,443336,84.0,44.9,39.1,4.49,4.72,4.25
204456,T.J. McConnell,1610612754,IND,51,13,38,880.0,379480,71.9,39.0,32.8,4.75,5.1,4.38
1643007,Taelon Peter,1610612754,IND,31,4,27,348.0,150837,28.6,15.2,13.4,4.74,5.18,4.32
201959,Taj Gibson,1610612763,MEM,3,1,2,29.0,11720,2.2,1.1,1.1,4.23,4.14,4.32
1631106,Tari Eason,1610612745,HOU,46,27,19,1217.0,457818,86.7,45.8,41.0,4.1,4.14,4.07
1627752,Taurean Prince,1610612749,MIL,14,6,8,275.0,99735,18.9,9.6,9.3,4.11,4.19,4.02
1641707,Taylor Hendricks,1610612763,MEM,50,12,38,903.0,365012,69.1,35.2,34.0,4.38,4.49,4.27
1629611,Terance Mann,1610612751,BKN,58,14,44,1413.0,560175,106.1,55.7,50.4,4.4,4.54,4.27
1630545,Terrence Shannon Jr.,1610612750,MIN,31,18,13,363.0,142104,26.9,13.9,13.0,4.36,4.56,4.17
203648,Thanasis Antetokounmpo,1610612749,MIL,28,8,20,94.0,37055,7.0,3.6,3.4,4.13,4.23,4.04
1628418,Thomas Bryant,1610612739,CLE,52,31,21,590.0,225982,42.8,21.8,21.0,4.15,4.33,3.99
1642275,Tidjane Salaün,1610612766,CHA,36,18,18,571.0,237981,45.1,25.0,20.1,4.52,4.79,4.23
203501,Tim Hardaway Jr.,1610612743,DEN,69,41,28,1867.0,675665,128.0,67.3,60.7,3.95,4.1,3.8
202699,Tobias Harris,1610612765,DET,52,36,16,1464.0,555071,105.1,55.8,49.3,4.21,4.47,3.95
1642449,Tolu Smith,1610612765,DET,8,6,2,91.0,37514,7.1,3.8,3.3,4.43,4.56,4.29
1628396,Tony Bradley,1610612754,IND,38,9,29,416.0,162701,30.8,15.6,15.2,4.42,4.54,4.31
1641787,Tosan Evbuomwan,1610612766,CHA,5,4,1,8.0,3035,0.6,0.3,0.2,4.67,4.11,3.6
1641739,Toumani Camara,1610612757,POR,70,34,36,2334.0,975438,184.7,93.5,91.2,4.62,4.77,4.48
1629027,Trae Young,1610612764,WAS,15,2,13,384.0,149147,28.2,15.4,12.9,4.26,4.87,3.74
1631218,Trayce Jackson-Davis,1610612761,TOR,45,24,21,454.0,181383,34.4,18.7,15.7,4.45,4.57,4.32
1642848,Tre Johnson,1610612764,WAS,56,12,44,1348.0,534429,101.2,54.6,46.6,4.4,4.82,3.99
1630200,Tre Jones,1610612741,CHI,53,24,29,1431.0,584462,110.7,59.3,51.4,4.5,4.99,4.04
1630544,Tre Mann,1610612766,CHA,45,24,21,634.0,248688,47.1,26.7,20.4,4.43,4.69,4.12
1630570,Trendon Watford,1610612755,PHI,46,22,24,778.0,303873,57.6,31.5,26.1,4.27,4.6,3.93
1642280,Trentyn Flowers,1610612741,CHI,2,0,2,6.0,2111,0.4,0.2,0.2,4.33,4.44,4.23
1631211,Trevor Keels,1610612748,MIA,4,4,0,5.0,2179,0.4,0.2,0.2,4.42,3.75,5.37
1641725,Trey Alexander,1610612740,NOP,5,1,4,42.0,16232,3.1,1.5,1.6,4.56,4.65,4.47
1641998,Trey Jemison III,1610612752,NYK,11,9,2,61.0,24501,4.6,2.4,2.3,4.29,4.52,4.26
1630530,Trey Murphy III,1610612740,NOP,62,21,41,2196.0,839579,159.0,86.2,72.8,4.23,4.59,3.88
1642400,Tristan Enaruna,1610612739,CLE,6,6,0,34.0,14205,2.7,1.5,1.2,4.4,4.56,4.23
1641774,Tristan Vukcevic,1610612764,WAS,44,8,36,589.0,221061,41.9,22.0,19.8,4.19,4.48,3.9
1641783,Tristan da Silva,1610612753,ORL,64,36,28,1559.0,648407,122.8,65.6,57.2,4.6,4.93,4.27
1629660,Ty Jerome,1610612763,MEM,13,3,10,290.0,110826,21.0,11.4,9.6,4.1,4.62,3.62
1631102,TyTy Washington Jr.,1610612746,LAC,9,5,4,52.0,20351,3.9,2.0,1.8,4.15,4.31,3.78
1631174,Tyler Burton,1610612763,MEM,4,1,3,91.0,42015,8.0,4.1,3.8,4.92,5.11,4.62
1629639,Tyler Herro,1610612748,MIA,23,11,12,707.0,292868,55.5,29.4,26.0,4.52,5.12,3.98
1642278,Tyler Kolek,1610612752,NYK,56,35,21,683.0,287831,54.5,29.9,24.6,4.59,4.94,4.23
1641890,Tyler Smith,1610612742,DAL,2,0,2,11.0,4808,0.9,0.5,0.4,4.64,5.54,3.85
1631213,Tyrese Martin,1610612755,PHI,44,11,33,771.0,311910,59.1,32.0,27.1,4.61,4.92,4.28
1630178,Tyrese Maxey,1610612755,PHI,61,33,28,2334.0,898923,170.3,95.5,74.7,4.26,4.69,3.81
1642878,Tyrese Proctor,1610612739,CLE,42,28,14,436.0,177519,33.6,17.4,16.2,4.55,4.89,4.24
1630623,Tyson Etienne,1610612751,BKN,14,2,12,135.0,60057,11.4,5.9,5.5,4.8,5.08,4.53
1626145,Tyus Jones,1610612743,DEN,61,31,30,925.0,361646,68.5,37.3,31.2,4.36,4.62,4.09
1642845,VJ Edgecombe,1610612755,PHI,62,35,27,2159.0,835600,158.3,86.1,72.2,4.27,4.58,3.95
1641705,Victor Wembanyama,1610612759,SAS,55,42,13,1615.0,616096,116.7,60.3,56.3,4.17,4.56,3.82
1631246,Vince Williams Jr.,1610612762,UTA,40,16,24,819.0,329574,62.4,33.1,29.3,4.56,4.93,4.21
1642884,Vladislav Goldin,1610612748,MIA,5,3,2,14.0,6333,1.2,0.7,0.5,4.65,5.08,4.16
1630249,Vít Krejčí,1610612757,POR,64,31,33,1387.0,559007,105.9,56.8,49.1,4.44,4.84,4.05
1631117,Walker Kessler,1610612762,UTA,5,2,3,154.0,55102,10.4,5.4,5.1,4.17,4.31,4.12
1642383,Walter Clayton Jr.,1610612763,MEM,58,16,42,1135.0,462618,87.6,47.0,40.6,4.44,4.81,4.07
1628976,Wendell Carter Jr.,1610612753,ORL,65,36,29,1925.0,704706,133.5,70.4,63.1,4.06,4.28,3.84
1631111,Wendell Moore Jr.,1610612765,DET,5,4,1,54.0,22122,4.2,2.1,2.0,4.72,4.79,4.43
1642954,Will Richard,1610612744,GSW,59,31,28,1190.0,457469,86.6,46.5,40.2,4.22,4.33,4.11
1642860,Will Riley,1610612764,WAS,61,15,46,1227.0,511102,96.8,52.3,44.5,4.51,4.88,4.14
1630214,Xavier Tillman,1610612766,CHA,24,17,7,148.0,54678,10.4,5.6,4.7,4.13,4.24,3.93
1642905,Yang Hansen,1610612757,POR,39,20,19,277.0,102479,19.4,10.0,9.4,4.06,4.13,3.99
1642949,Yanic Konan Niederhäuser,1610612746,LAC,41,22,19,424.0,172686,32.7,17.2,15.5,4.34,4.51,4.15
1642530,Yuki Kawamura,1610612741,CHI,11,4,7,121.0,53484,10.1,5.3,4.8,4.61,4.98,4.25
1642274,Yves Missi,1610612740,NOP,58,19,39,1110.0,424021,80.3,41.4,38.9,4.21,4.37,4.04
1642258,Zaccharie Risacher,1610612737,ATL,55,31,24,1301.0,543469,102.9,52.8,50.1,4.7,5.02,4.4
1628380,Zach Collins,1610612741,CHI,10,6,4,184.0,73144,13.9,7.3,6.6,4.44,4.9,4.02
1641744,Zach Edey,1610612763,MEM,11,7,4,284.0,98934,18.7,9.8,8.9,4.16,4.4,3.92
203897,Zach LaVine,1610612758,SAC,39,9,30,1224.0,469773,89.0,48.8,40.2,4.39,4.76,4.01
1630192,Zeke Nnaji,1610612743,DEN,47,33,14,575.0,224195,42.5,22.7,19.8,4.2,4.33,4.06
1630533,Ziaire Williams,1610612751,BKN,49,13,36,1116.0,438329,83.0,42.3,40.7,4.34,4.39,4.29
1629627,Zion Williamson,1610612740,NOP,54,22,32,1602.0,642879,121.8,64.9,56.8,4.34,4.7,3.98
1642389,Zyon Pullin,1610612750,MIN,1,1,0,5.0,2212,0.4,0.2,0.2,4.42,4.09,4.83
