date,game_id,matchup,wl,pts,fgm,fga,fg3m,fg3a,ftm,fta,scoring_poss,pure_ts_pct,standard_ts_pct,delta_pp
"Oct 23, 2025",0022500006,DEN @ GSW,L,21,8,23,2,13,3,4,25,38.0,42.41,-4.41
"Oct 25, 2025",0022500104,DEN vs. PHX,W,14,5,8,0,3,4,4,10,70.0,71.72,-1.72
"Oct 27, 2025",0022500008,DEN @ MIN,W,25,9,10,0,0,7,7,14,85.71,95.57,-9.85
"Oct 29, 2025",0022500134,DEN vs. NOP,W,21,10,15,1,2,0,0,15,66.67,70.0,-3.33
"Oct 31, 2025",0022500026,DEN @ POR,L,21,7,10,2,3,5,7,13,69.23,80.28,-11.04
"Nov 03, 2025",0022500162,DEN vs. SAC,W,34,14,22,4,10,2,3,24,62.5,72.9,-10.4
"Nov 05, 2025",0022500178,DEN vs. MIA,W,33,12,18,2,5,7,8,22,70.45,76.67,-6.22
"Nov 07, 2025",0022500037,DEN vs. GSW,W,26,12,15,2,3,0,0,15,80.0,86.67,-6.67
"Nov 08, 2025",0022500189,DEN vs. IND,W,32,10,14,1,1,11,12,20,77.5,82.99,-5.49
"Nov 11, 2025",0022500212,DEN @ SAC,W,35,16,19,1,2,2,3,20,82.5,86.12,-3.62
"Nov 12, 2025",0022500224,DEN @ LAC,W,55,18,23,5,6,14,16,30,80.0,91.54,-11.54
"Nov 15, 2025",0022500232,DEN @ MIN,W,27,8,15,3,6,8,8,19,63.16,72.89,-9.74
"Nov 17, 2025",0022500248,DEN vs. CHI,L,36,13,27,1,7,9,12,32,52.6,55.76,-3.16
"Nov 19, 2025",0022500260,DEN @ NOP,W,28,10,18,2,4,6,7,22,61.36,66.41,-5.05
"Nov 21, 2025",0022500054,DEN @ HOU,W,34,11,20,4,8,8,10,25,60.0,69.67,-9.67
"Nov 22, 2025",0022500274,DEN vs. SAC,L,44,16,28,3,6,9,10,32,60.94,67.9,-6.96
"Nov 24, 2025",0022500287,DEN @ MEM,W,17,5,9,3,4,4,5,11,59.09,75.89,-16.8
"Nov 28, 2025",0022500076,DEN vs. SAS,L,21,7,10,1,1,6,8,0,,,
"Nov 29, 2025",0022500299,DEN @ PHX,W,26,7,7,2,2,10,11,12,95.83,109.8,-13.96
"Dec 01, 2025",0022500315,DEN vs. DAL,L,29,10,24,3,10,6,7,27,46.3,53.55,-7.25
"Dec 03, 2025",0022500325,DEN @ IND,W,24,9,17,1,4,5,5,20,60.0,62.5,-2.5
"Dec 05, 2025",0022500340,DEN @ ATL,W,40,13,26,1,8,13,15,33,57.58,61.35,-3.77
"Dec 07, 2025",0022500359,DEN @ CHA,W,28,11,16,4,8,2,3,17,68.63,80.83,-12.2
"Dec 11, 2025",0022501208,DEN @ SAC,W,36,14,16,2,2,6,8,19,85.09,92.21,-7.13
"Dec 15, 2025",0022501225,DEN vs. HOU,W,39,13,27,5,9,8,11,32,52.08,61.24,-9.16
"Dec 18, 2025",0022500377,DEN vs. ORL,W,23,10,17,0,2,3,4,18,59.26,61.3,-2.04
"Dec 20, 2025",0022500386,DEN vs. HOU,L,25,9,20,1,4,6,7,24,52.08,54.16,-2.08
"Dec 22, 2025",0022500405,DEN vs. UTA,W,14,5,7,1,1,3,4,9,72.22,79.91,-7.69
"Dec 23, 2025",0022500415,DEN @ DAL,L,29,12,22,5,10,0,0,22,54.55,65.91,-11.36
"Dec 25, 2025",0022500013,DEN vs. MIN,W,56,15,21,4,6,22,23,32,79.69,89.97,-10.29
"Dec 27, 2025",0022500433,DEN @ ORL,L,34,11,22,0,0,12,13,28,58.93,61.33,-2.4
"Dec 29, 2025",0022500450,DEN @ MIA,L,21,9,14,1,4,2,3,15,64.44,68.54,-4.09
"Jan 30, 2026",0022500695,DEN vs. LAC,W,31,8,11,2,3,13,17,20,72.5,83.87,-11.37
"Feb 01, 2026",0022500711,DEN vs. OKC,L,16,6,9,1,2,3,4,11,68.18,74.35,-6.17
"Feb 03, 2026",0022500716,DEN @ DET,L,24,9,19,3,5,3,3,20,50.0,59.06,-9.06
"Feb 04, 2026",0022500726,DEN @ NYK,L,30,10,27,1,13,9,12,32,43.23,46.47,-3.24
"Feb 07, 2026",0022500752,DEN @ CHI,W,22,7,12,2,2,6,6,15,66.67,75.14,-8.47
"Feb 09, 2026",0022500767,DEN vs. CLE,L,22,6,11,0,2,10,12,17,64.71,67.57,-2.86
"Feb 11, 2026",0022500787,DEN vs. MEM,W,26,8,17,0,0,10,14,23,52.9,56.13,-3.23
"Feb 19, 2026",0022500801,DEN @ LAC,L,22,9,22,0,6,4,7,25,42.67,43.86,-1.19
"Feb 20, 2026",0022500810,DEN @ POR,W,32,10,15,3,4,9,11,20,70.0,80.65,-10.65
"Feb 22, 2026",0022500820,DEN @ GSW,L,35,11,21,3,4,10,11,26,59.62,67.72,-8.11
"Feb 25, 2026",0022500847,DEN vs. BOS,W,30,11,28,4,13,4,7,32,40.62,48.26,-7.64
"Feb 27, 2026",0022500862,DEN @ OKC,L,23,9,25,2,10,3,5,27,37.04,42.28,-5.24
"Mar 01, 2026",0022500871,DEN vs. MIN,L,35,15,26,1,4,4,6,29,58.62,61.1,-2.48
"Mar 02, 2026",0022500881,DEN @ UTA,W,22,6,11,0,0,10,11,17,64.71,69.44,-4.74
"Mar 05, 2026",0022500906,DEN vs. LAL,W,28,10,15,0,1,8,8,19,73.68,75.59,-1.91
"Mar 06, 2026",0022500911,DEN vs. NYK,L,38,14,21,1,7,9,10,24,68.75,74.8,-6.05
"Mar 09, 2026",0022500933,DEN @ OKC,L,32,12,19,3,6,5,6,22,65.91,73.94,-8.03
"Mar 11, 2026",0022500950,DEN vs. HOU,W,16,6,12,0,2,4,5,14,53.57,56.34,-2.77
"Mar 12, 2026",0022500958,DEN @ SAS,W,31,9,17,2,6,11,11,22,63.64,70.97,-7.33
"Mar 14, 2026",0022500974,DEN @ LAL,L,24,10,19,2,6,2,2,20,50.0,60.36,-10.36
"Mar 17, 2026",0022500997,DEN vs. PHI,W,8,4,7,0,1,0,0,7,57.14,57.14,0.0
"Mar 18, 2026",0022500651,DEN @ MEM,L,29,11,19,2,4,5,8,22,56.82,64.39,-7.57
